Description,SalesDollars,cum_pct,ABC_Category
Capt Morgan Spiced Rum,610008.34,1.8407357853365256,A
Jack Daniels No 7 Black,558064.03,3.5247265821346754,A
Absolut 80 Proof,422095.29,4.798423766545299,A
Tito's Handmade Vodka,420186.25,6.066360311283949,A
Ketel One Vodka,417950.58999999997,7.327550621428748,A
Jameson Irish Whiskey,410287.84,8.565618136008018,A
Grey Goose Vodka,394280.19,9.755381631999375,A
Baileys Irish Cream,294738.43,10.644772054784259,A
Kahlua,290933.11,11.522679702270272,A
Jim Beam,255837.61,12.294684629222532,A
Crown Royal,255560.12,13.065852213896697,A
Smirnoff 80 Proof,251733.27,13.825472055239818,A
Bacardi Superior Rum Trav,201995.95,14.435006629239327,A
Tanqueray,200893.36,15.0412140735318,A
Fireball Cinnamon Whisky,190941.48,15.617391138817693,A
Jose Cuervo Especial,185760.84,16.177935320397527,A
Jagermeister Liqueur,179902.7,16.720802222460968,A
Johnnie Walker Red Label,179553.0,17.26261388435485,A
Patron Silver Tequila,178902.73,17.802463318553404,A
Makers Mark,178747.63,18.341844729445413,A
Bacardi Superior Rum,175642.79,18.871857104340727,A
Canadian Club,163104.13,19.36403334053314,A
Pinnacle Vodka,158958.13,19.84369877963382,A
Three Olives Vodka,157611.94999999998,20.31930204197884,A
Dewars White Label,149946.08,20.77177309397615,A
Bombay Sapphire Gin,140835.77,21.196753253582532,A
Johnnie Walker Black Label,138452.69,21.614542330136967,A
Grand Marnier,131064.36,22.010036689499714,A
Stolichnaya,130061.04999999999,22.402503502352538,A
Svedka Vodka,125700.48999999999,22.781812070785122,A
Jack Daniels Tennessee Honey,124491.14,23.15747135497677,A
The Glenlivet 12 Yr Single,122286.95,23.526479367137163,A
Smirnoff Traveler,119759.43,23.887860440111517,A
Clos du Bois Chard,113306.85,24.22977047615915,A
New Amsterdam Vodka,112667.0,24.569749727469894,A
Malibu Rum,111849.62,24.907262486902482,A
Skyy Vodka,110705.64,25.2413232198862,A
Kendall Jackson Chard Vt RSV,109159.42,25.5707181437336,A
Josh Cellars Cab Svgn Sonoma,108554.52,25.8982877465099,A
Jim Beam Traveler,107513.05,26.222714652748063,A
Southern Comfort,102739.12999999999,26.532735976629212,A
Knob Creek Bourbon,102728.9,26.842726430888014,A
Amaretto DiSaronno,101490.05,27.148978582933335,A
Bulleit Bourbon,96028.97,27.438751607197247,A
Simi Chard,93369.42,27.720499284040677,A
Dr McGillicuddy's Mentholmnt,92480.12,27.999563446206416,A
Black Velvet Canadian Whisky,91191.42,28.274738880872857,A
Beefeater,90803.53,28.54874383481476,A
J Lohr Riverstone Chard,88584.44,28.816052555105365,A
Platinum 7X Distilled Vodka,84599.7,29.07133708977047,A
Zhenka 80 Proof,82317.6,29.319735254430018,A
Stolichnaya Razberi,81550.23999999999,29.56581786548216,A
Canadian Ltd,78667.0,29.80320013147719,A
Cointreau Liqueur,78528.41,30.040164194054732,A
Hornitos Reposado Tequila,77118.44,30.272873589826805,A
Apothic Winemakers Red Blend,75034.89,30.499295751811985,A
Bulleit 95 Rye,74571.44,30.72431942636056,A
Smirnoff Raspberry Vodka,73845.41,30.947152262990045,A
Absolut Citron,73739.5,31.16966551001028,A
Seagrams VO,71172.2,31.384431779371656,A
Sailor Jerry Spiced Navy Rum,70624.75,31.59754608639154,A
Moet & Chandon Nectar Imp Rs,69002.22,31.80576431439423,A
Cavit Pinot Grigio,68581.66,32.01271347803974,A
Ciroc Apple Vodka,68344.28,32.21894633367423,A
Seagrams 7 Crown,68275.83,32.424972637436824,A
Gentleman Jack,67417.66,32.62840936311446,A
R M Woodbridge Chard Cal,66131.78,32.82796587080746,A
Jose Cuervo Especial Silver,65423.329999999994,33.0253845892579,A
MezzaCorona Pnt Grigio,65371.56,33.2226470887104,A
Mark West Pnt Nr Sonoma,64836.89,33.41829619021765,A
Veuve Clicquot Brut Yellow,63173.31,33.608925341935745,A
J Lohr Seven Oaks Cab Svgn,61651.32,33.794961799957335,A
Chivas Regal,60591.42,33.977799947839635,A
Hendrick's Gin,60589.689999999995,34.16063287534591,A
Burnetts Vodka,59078.340000000004,34.338905215976986,A
Evan Williams Black Label B,58046.649999999994,34.514064371791,A
Hornitos Plata Tequila,57946.549999999996,34.68892147001001,A
Crown Royal Regal Apple,57376.88,34.862059555740046,A
Gordons Vodka 80 Proof,57324.87,35.03504069825814,A
Woodford Reserve Bourbon,55471.86,35.202430274900934,A
Santa Margherita Pnt Grigio,55113.56,35.36873866037202,A
Gordons London Dry,55068.15,35.53491001851653,A
Kamora Coffee,54146.32,35.698299700808874,A
Jenkins Vodka,54012.14,35.861284487116244,A
Sambuca Romana,53903.72,36.02394210974278,A
Phillips Seven Deadly Znfdl,51190.85,36.17841348873539,A
Courvoisier VS Cognac,51055.61,36.33247677313112,A
Moet & Chandon Imperial,50835.63,36.485876255031854,A
Fleischmanns Royal Vodka,47546.2,36.629349689832374,A
Bentley's Vodka,47492.37,36.77266068946468,A
Simi Cab Svgn,46523.13,36.91304695080147,A
Myers Original Dark Rum,46301.8,37.05276533593945,A
Kraken Black Spiced Rum,44564.31,37.187240743547534,A
R M Woodbridge Cab Svgn Cal,44447.57,37.32136388138898,A
Rumpleminze,44444.71,37.45547838901342,A
RumChata Liqueur,43679.57,37.58728404201009,A
Sterling Vintners Cab Svgn C,42906.98,37.716758359568956,A
Allens Coffee Brandy,42813.05,37.845949237868105,A
Yukon Jack,42429.63,37.973983123928726,A
Jack Daniels Tennesse Fire,41878.13,38.10035282653636,A
Glenfiddich Special Rsv 12,41442.01,38.22540651157823,A
New Amsterdam Gin,41369.35,38.35024094082736,A
Belvedere Polish Vodka,41313.39,38.474906507508905,A
Carpineto Dogajolo Tuscan Rd,40570.69,38.59733093357297,A
1800 Silver Tequila,40491.97,38.719517817440455,A
Capt Morgan Spiced Rum 100,40405.39,38.84144344110238,A
Banfi Chianti Clsc RSV,40095.58,38.962434194999,A
Caymus Cab Svgn Napa Vly,39733.42,39.082332109948496,A
Wild Turkey 101,39422.18,39.201290840024186,A
Menage a Trois Red,39157.16,39.319449856774916,A
Gilbeys London Dry,38974.67,39.43705819929477,A
Franzia Tap Chard,38858.01,39.554314513452645,A
Capt Morgan Private Stock,38333.02,39.66998663963049,A
Sebastiani Znfdl Sonoma Cnty,38331.63,39.785654571402176,A
Josh Cellars Chard,38294.52,39.901210521581945,A
Canadian Mist,37761.590000000004,40.01515832436806,A
Bacardi Oakheart Spiced Rum,37749.71,40.12907027856049,A
Sterling Vintners Cltn Chard,37598.02,40.24252449932048,A
Ryans Irish Cream,37436.33,40.355490811064136,A
Luksusowa Potato Vodka,37300.2,40.46804634258393,A
Johnnie Walker Blue Label,37268.520000000004,40.58050627785388,A
Cecchi Sangiovese,37033.31,40.69225645321454,A
Remy Martin VSOP Cognac,36816.31,40.8033518184042,A
Fireball Cinnamon Whiskey,36743.22,40.91422663025103,A
Goslings Black Seal Bermuda,36643.369999999995,41.024800138892445,A
Mount Gay Eclipse,36413.17,41.134679005592105,A
The Macallan 12 Yr Old,36350.46,41.24436864120503,A
DeKuyper Triple Sec,36100.61,41.3533043398538,A
Hennessy Privilege VSOP,35870.15,41.461544611995635,A
Glen Ellen Chard RSV,35725.86,41.56934948063714,A
Pinnacle Whipped Vodka,35651.85,41.67693101978208,A
Oyster Bay Svgn Bl Marlboro,35305.31,41.783466854241986,A
Basil Hayden Bourbon,35017.0,41.889132696442,A
Bombay Dry Gin,34485.9,41.993195913380205,A
Belvedere Vodka,34178.26,42.096330808654805,A
Meiomi Pnt Nr,34144.11,42.199362654310335,A
Alamos Ridge Malbec Mendoza,34131.41,42.30235617697429,A
E & J Brandy VS,33961.28,42.40483632242908,A
Ciroc Snap Frost Vodka,33924.7,42.5072060855979,A
Ciroc Red Berry Vodka,33627.27,42.6086783363743,A
Smirnoff Vanilla Vodka,33370.75,42.709376523072066,A
Buchanans Deluxe 12Yr Scotch,33091.98,42.809233505017005,A
Jameson Black Barrel,33013.68,42.90885421213987,A
The Famous Grouse,32999.64,43.00843255274293,A
Lagavulin Single Malt 16-Yr,32977.509999999995,43.107944114778775,A
Toasted Head Chard,32911.87,43.20725760428179,A
Bella Sera Pinot Grigio Del,32893.090000000004,43.30651442403821,A
Smirnoff 80 Proof Traveler,32835.32,43.40559691944635,A
Calico Jack Spiced Rum,32825.5,43.50464978243109,A
Sonoma-Cutrer Chard Sonoma,32807.71,43.60364896305203,A
1800 Reposado Gold Tequila,32209.72,43.700843673930365,A
Banfi Centine Mntcln Tscna,31728.09,43.79658503816053,A
Beringer Classic Wh Znfdl,31713.69,43.89228294954985,A
Gilbeys Vodka Traveler,31692.52,43.987916979228025,A
Barefoot Pnt Grigio Cal,31618.61,44.08332798116547,A
Joseph Carr Cab Svgn Napa,31553.96,44.178543897952906,A
Ezra Brooks,31498.469999999998,44.27359237042518,A
Chambord Royale de France,31444.059999999998,44.36847665754537,A
Bacardi Gold Rum Traveler,31392.55,44.463205510232804,A
Rodney Strong Cab Svgn,31245.6,44.557490932714586,A
Jack Daniels Tennessee Fire,30948.010000000002,44.6508783599946,A
Gilbeys Vodka,30885.22,44.74407631478321,A
WhistlePig 10 Yr Old Rye,30663.71,44.83660585021248,A
Cutty Sark,30662.739999999998,44.92913245861011,A
Jim Beam Black,30520.2,45.0212289442346,A
Jenkins Rum,30457.47,45.11313613842118,A
La Crema Chard Sonoma Cst,30411.379999999997,45.204904253341496,A
Ciroc Peach Vodka,30157.78,45.29590711545368,A
Simi Svgn Bl,30011.32,45.386468025963836,A
Bacardi Gold Rum,29725.34,45.47616597512514,A
Freakshow Cab Svgn,29720.309999999998,45.56584874596775,A
Ch La Rousseliere St Estephe,29698.02,45.6554642554338,A
Tullamore Dew,29570.89,45.74469614270152,A
Mionetto Prosecco Brut,29478.55,45.833649388627364,A
Oban 14-Yr Single Malt,29445.21,45.922502029156426,A
Tanqueray Sterling Vodka,29442.35,46.01134603946848,A
Stone Cellars Chard,28969.02,46.09876174886703,A
Columbia Crest G E Cab Svgn,28854.96,46.185833275555424,A
Buffalo Trace Bourbon,28788.48,46.27270419496195,A
Turning Leaf RSV Chard Cal,28729.71,46.35939777246179,A
F Coppola Black Label Claret,28482.39,46.44534504742022,A
Capt Morgan Spiced Rum Trav,28386.46,46.53100284800213,A
Frangelico Hazelnut Liqueur,28343.61,46.61653134620696,A
Smirnoff Orange Vodka,27948.79,46.700868452007605,A
Laphroaig 10 Yr Single Malt,27948.74,46.78520540693033,A
Drambuie,27890.39,46.86936628732091,A
Red Stag by Jim Beam,27847.89,46.95339892147984,A
Bacardi Limon Rum,27820.879999999997,47.03735005138661,A
Clos du Bois Cab Svgn N Cst,27615.12,47.12068028847871,A
Old Crow,27565.91,47.20386203152237,A
Dom Perignon,27551.100000000002,47.28699908452624,A
Buehler Chard RRV,27397.25,47.36967188617156,A
R M Woodbridge Pnt Grigio,27373.52,47.45227308115625,A
Cupcake Chard,27359.8,47.5348328752398,A
Stolichnaya Ohranj,27343.46,47.61734336241924,A
R M Woodbridge Merlot Cal,27337.45,47.699835714072734,A
Hennessy VS Cognac,27179.28,47.78185077851543,A
Arrow Coffee Brandy,26823.23,47.862791441292785,A
H3 Horse Heaven Hills Cab Sv,26614.81,47.943103184550154,A
Capt Morgan White,26376.92,48.02269708084173,A
The Glenlivet 15Yr FrenchOak,26285.190000000002,48.102014176502045,A
Butter Chard,26259.47,48.18125366056053,A
Milagro Silver Tequila,26062.27,48.25989808210417,A
Cruzan Aged Dark Rum,26002.949999999997,48.33836350208403,A
Cupcake Svgn Bl,25813.15,48.41625618948116,A
Finlandia Vodka,25794.92,48.49409386678881,A
Old Smuggler P E T,25718.94,48.57170227000985,A
Yellow Tail Chard Ausl,25542.95,48.648779613129555,A
Barefoot Chard Cal,25392.84,48.72540399055909,A
Emmets Irish Cream,25372.75,48.80196774524054,A
La Marca Prosecco,25283.23,48.87826136809477,A
Cupcake Prosecco,25282.5,48.95455278813137,A
Jeffersons Bourbon,25221.629999999997,49.03066052938868,A
Cecchi Chianti Classico,25188.22,49.10666745402012,A
Stolichnaya Vanil,25120.84,49.18247105556713,A
Barefoot Moscato Cal,25068.81,49.258117653551025,A
J & B Rare,25005.95,49.33357456781442,A
L Martini Cab Svgn Sonoma,24927.86,49.40879584094301,A
Chopin Vodka,24897.22,49.483924656082486,A
B & B Liqueur Dom,24871.199999999997,49.5589749543526,A
Madison's Ranch Cab Svgn,24797.91,49.633804095768205,A
Agua de Piedra Malbec Selccn,24613.73,49.708077463279224,A
Duckhorn Decoy Cab Svgn,24582.07,49.78225529489158,A
Capt Morgan Silver Spicd Rum,24554.82,49.856350898037746,A
Remy Martin 1738 Accord Ryl,24530.31,49.93037254082775,A
Kris Pnt Grigio Alto Adige,24528.79,50.00438959692899,A
Bacardi Dragon Berry Rum,24478.63,50.07825529230131,A
Joel Gott Cab Svgn 815,24469.29,50.15209280367824,A
Ch Beauchene Cotes du Rhone,24467.75,50.22592566801526,A
Rombauer Carneros Chard,24300.5,50.29925384571127,A
Whitehaven Svgn Bl Marlboro,24178.87,50.372214997780105,A
Silverado Cab Svgn Napa,24068.41,50.444842830349,A
M & R Sweet Vermouth,24023.85,50.51733620051597,A
Black Box Cab Svgn,23984.879999999997,50.58971197643242,A
M & R Asti,23710.18,50.66125882905869,A
Balvenie 12 Yr Doublewood S,23693.05,50.73275399090969,A
14 Hands Cab Svgn Wash,23631.14,50.80406233572069,A
Stolichnaya Blueberi,23565.73,50.87517330203728,A
E & J Superior RSV VSOP,23546.969999999998,50.946227658958435,A
Franzia Crisp White Tap,23546.77,51.01728141236792,A
Absolut Mandrin,23540.5,51.088316245686286,A
Smirnoff Citrus Vodka,23479.46,51.15916688724044,A
Crown Royal Hand Slct Barrel,23425.739999999998,51.229855425557766,A
Sutter Home Wh Znfdl,23362.16,51.30035210751257,A
Silver Oak Cab Svgn Alex Vly,23331.67,51.370756784112025,A
Ciroc Pineapple Vodka,23222.87,51.44083315035846,A
Franzia Tap Wh Znfdl Cal,23217.83,51.510894308110586,A
R M Woodbridge Svgn Bl Cal,23170.88,51.58081379149624,A
GranGala Triple Orange,22934.289999999997,51.65001935074201,A
Wild Turkey American Honey,22832.489999999998,51.71891772254351,A
Almaden Chard Cal B/B,22772.829999999998,51.78763606681136,A
Absolut Ruby Red,22622.16,51.85589975555636,A
Jameson Caskmates,22462.51,51.923681691104115,A
Sutter Home Chard,22380.19,51.99121522124509,A
F Coppola Dmd Ivry Cab Svgn,22375.56,52.058734780090695,A
Stone Cellars Cab Svgn,22281.35,52.12597005476024,A
Taaka Vodka,22253.52,52.193121350779734,A
Turning Leaf RSV Cab Svgn,22105.61,52.25982631973752,A
Franzia Tap Merlot,21856.49,52.32577955454879,A
Ron Virgin Heavy Bodied Rum,21832.15,52.39165934198879,A
Smirnoff Green Apple Vodka,21795.82,52.45742950153244,A
U V Vodka,21780.6,52.52315373383737,A
Southern Comfort 100 Proof,21740.969999999998,52.588758380303226,A
Bacardi 151 Proof,21729.129999999997,52.65432729887773,A
Tortilla Gold Tequila Liquer,21724.3,52.719881642645205,A
Josh Cellars Pnt Nr,21639.49,52.785180067285474,A
Seagrams Extra Dry Gin,21535.28,52.85016403216577,A
R Mondavi Cab Svgn Pvt Sel,21518.12,52.915096215744065,A
Sterling Vintners Cltn Merlo,21496.96,52.979964547786786,A
Dr McGillicuddy's Root Beer,21287.93,53.04420211959889,A
Franzia Tap Cab Svgn,21232.88,53.10827357482155,A
Black Box Chard,21135.88,53.17205232688021,A
Jim Beam Apple,21134.16,53.23582588873844,A
Phillips Earthquake Cab Svgn,21023.86,53.29926661390607,A
Woodford Rsv Bourbon,20923.25,53.36240374252393,A
Leroux Blackberry Brandy,20921.57,53.42553580164369,A
Crown Royal Canadian Whisky,20880.54,53.488544050342625,A
Scoresby Rare,20743.69,53.55113934617568,A
Eagle Rare Single Barrel Bo,20742.57,53.613731262343336,A
Balvenie 14 Yr Caribean Cask,20730.969999999998,53.67628817483363,A
Franzia Sunset Blush Tap,20619.74,53.738509444304036,A
Corbett Canyon Chard,20451.56,53.800223220804135,A
Pinnacle Citrus Vodka,20421.98,53.86184773792701,A
Ecco Domani Pnt Grigio Venez,20345.26,53.923240747970084,A
Smirnoff Blueberry Vodka,20305.19,53.9845128444484,A
Angeline Pnt Nr,20301.41,54.045773534556,A
Banfi Pnt Grigio San Angelo,20266.67,54.106929394685075,A
Godiva Chocolate Liqueur,20178.77,54.16782001143152,A
Fireball Cinn Whisky Trav,20163.39,54.22866421812991,A
Il Bastardo Sangiovese Tosc,20155.49,54.289484586116984,A
Mr Boston Blackberry Brandy,20111.35,54.35017175907667,A
Rodney Strong Chard,20080.57,54.41076605158906,A
Justin Cab Svgn Paso Robles,20007.91,54.471141088308705,A
Yellow Tail Shiraz Ausl,19944.35,54.53132432901698,A
Wild Turkey,19920.94,54.59143692868332,A
Fish Eye Pnt Grigio,19891.43,54.65146048020151,A
Patron Anejo Tequila,19741.77,54.7110324239308,A
DeKuyper Sour Apple Pucker,19737.48,54.77059142233461,A
Bogle Merlot,19710.81,54.83006994245609,A
Bowman Vodka,19643.15,54.889344294576816,A
Menage a Trois Midnight,19594.87,54.94847295897838,A
Zhenka Vodka Plastic,19578.29,55.00755159226182,A
Jose Cuervo Lime Margarita,19367.09,55.06599291721294,A
Carnivor Cab Svgn,19311.83,55.12426749188732,A
Noble Vines 337 Cab Svgn,19280.0,55.18244601767811,A
Midnight Moon Apple Pie,19227.27,55.240465427614915,A
Evan Williams Honey Reserve,19202.27,55.29840939859192,A
Grey Goose Le Citron Vodka,19159.329999999998,55.35622379561159,A
Yellow Tail Merlot Ausl,19121.920000000002,55.41392530577184,A
Klinker Brick Old Vine Znfdl,19016.77,55.4713095196672,A
Cupcake Pnt Grigio,19007.73,55.5286664548347,A
Ronrico Silver Rum,18910.38,55.58572963069277,A
Yellow Tail Cab Svgn Ausl,18830.35,55.642551311352776,A
Sauza Extra Gold Tequila,18825.67,55.699358869839486,A
Borsao Tres Picos Garnacha,18761.68,55.75597333476473,A
Ch Ste Michelle Chard Colmbi,18621.87,55.81216591485123,A
E & J XO Brandy,18552.66,55.86814964972145,A
Stags Leap Artemis Cab Svgn,18509.87,55.9240042632681,A
Bogle Chard,18490.19,55.979799491265595,A
Jim Beam Honey,18462.0,56.03550965429203,A
Corbett Canyon Pnt Grigio,18460.25,56.09121453659127,A
Zhenka Vodka 100 Proof,18424.07,56.14681024362791,A
Liberty School Pnt Nr CC,18356.69,56.20220262758012,A
Cava Mistinguett Brut,18241.17,56.257246423186935,A
Grey Goose L'Orange Vodka,18237.97,56.31228056260687,A
Goldschlager Cinnamon Schnps,18220.809999999998,56.367262920724826,A
Kim Crawford Svgn Bl Marlbro,18212.719999999998,56.42222086679539,A
Reyka Vodka,18159.32,56.47701767524784,A
Sobieski Vodka,18087.989999999998,56.53159924126021,A
Hpnotiq Liqueur,18066.14,56.58611487362173,A
Jim Beam Maple,18047.09,56.64057302149589,A
Sambuca Romana Liqueur,18027.41,56.69497178382089,A
Jack Daniels Single Barrel,17957.11,56.749158411790965,A
Clan MacGregor,17955.899999999998,56.80334138851539,A
Starborough Svgn Bl Marlboro,17953.14,56.857516036778655,A
F Coppola Diamond Chard,17879.14,56.91146738572094,A
Jaboulet Cotes du Rhone Par,17809.43,56.96520838066773,A
Roscato Rosso,17590.56,57.01828892260935,A
Crown Royal Black,17517.57,57.07114921296397,A
Baileys Irish Cream Mini's 4,17507.53,57.123979207032335,A
Liberty School Cab Svgn,17501.13,57.176789888727,A
Franciscan Cab Svgn Napa,17452.86,57.22945491287808,A
Korbel Brut,17436.88,57.28207171644608,A
Everclear 151,17410.28,57.33460825296086,A
Franzia Chillable Red Tap,17386.95,57.387074389838354,A
Bacardi Twin Pack 2/750mls,17331.329999999998,57.439372690118105,A
Paul Dolan 12 Cab Svgn,17253.49,57.49143610365266,A
Dewars White Label Scotch,17165.64,57.54323442468251,A
St Germain Liqueur,17141.82,57.59496086747147,A
Kapali Coffee,16985.91,57.646216842731576,A
Black Box Pnt Grigio,16982.46,57.69746240741526,A
Stone Cellars Merlot,16958.02,57.74863422297183,A
Christian Bros Brandy,16909.23,57.79965881185447,A
Mr Boston Light Rum,16902.94,57.85066442029484,A
Dr McGillicuddy's Menth Trav,16861.87,57.90154609761207,A
The Macallan 10 Yr Fine Oak,16841.5,57.952366307264846,A
Zhenka Raspberry Vodka,16785.55,58.00301768452562,A
Baileys Salted Caramel,16683.149999999998,58.05336006380708,A
Popov Vodka,16666.170000000002,58.10365120494706,A
Ch Ste Michelle Cab Svgn Col,16657.61,58.153916515787195,A
Calypso Spiced Rum,16594.16,58.2039903625474,A
Schug Pnt Nr Carneros,16537.36,58.25389281199094,A
Zhenka Vodka,16532.25,58.30377984171111,A
Sterling Vintners Cltn Pnt N,16496.14,58.35355790739776,A
Catena Lunlunta Malbec Argn,16459.09,58.40322417254599,A
Franzia Chablis Old World C,16420.21,58.45277311502396,A
Moet Nectar Imperial Rose,16411.19,58.502294839125234,A
Patron Reposado Tequila,16337.54,58.55159432005097,A
Phillips Earthquake Ld Znfdl,16307.71,58.60080378720988,A
Canadian Regal,16273.710000000001,58.64991065738347,A
Barefoot Merlot Cal,16257.29,58.69896797924827,A
Silver Oak Cab Svgn Napa,16188.16,58.74781669730146,A
Cupcake Red Velvet,16174.03,58.79662277725458,A
Sutter Home Merlot Cal,16146.03,58.84534436557273,A
DeKuyper Buttershots Schnpps,16120.25,58.89398816123554,A
Campari,15984.67,58.942222836331624,A
Lindemans Bin 65 Chard,15955.73,58.990370183287844,A
Gascon Malbec Mendoza,15920.55,59.03841137253985,A
Bread & Butter Chard,15916.75,59.086441095069965,A
Tanqueray Rangpur Gin,15823.27,59.13418873624162,A
Smirnoff Kissed Caramel,15682.34,59.18151111290915,A
Ice 101 Peppermint Schnapps,15639.75,59.22870497176478,A
DiSaronna Amaretto Sour VAP,15596.83,59.27576931701424,A
Columbia Crest Grand Merlot,15593.130000000001,59.32282249729764,A
Black Box Merlot Cal,15565.48,59.36979224209152,A
Castillo Silver Label Rum,15526.64,59.41664478491748,A
Fleischmanns Preferred,15497.11,59.46340821924413,A
Leese-Fitch Cab Svgn,15462.93,59.51006851342494,A
Andre Extra Dry,15432.76,59.55663776786909,A
Tilia Malbec Mendoza,15424.56,59.60318227833442,A
Johnnie Walker Double Black,15400.310000000001,59.64965361300876,A
Dom de Dionysos La Deveze,15394.73,59.69610810970727,A
Amaretto di Amore,15306.75,59.742297121618485,A
Ghost Pine Cab Svgn LMartini,15291.46,59.78843999506189,A
Camarena Silver Tequila,15285.97,59.83456630210973,A
Peter Vella Chard Cal B/B,15273.14,59.8806538938834,A
Zhenka Tropical Dark Rum,15252.15,59.926678147106415,A
Vanya Light Vodka,15214.33,59.972588276271075,A
The Macallan 18 Yr Old,15199.41,60.01845338346453,A
Acumen Moutainside Red Napa,15143.939999999999,60.064151106694005,A
Da Vinci Chianti Tuscany,15133.95,60.10981868451514,A
Aberlour Glenlivet 12 Yr,15122.230000000001,60.15545089655193,A
Benziger Cab Svgn Sonoma,15114.22,60.201058937945994,A
Columbia Crest Grand Chard,15110.85,60.2466568101683,A
Mr Boston Coffee Brandy,15094.89,60.292206522158665,A
Johnnie Walker Green Label,15057.49,60.33764337746517,A
Landmark Overlook Chard,15030.6,60.382999090626534,A
Blantons Sgl Barrel Bourbon,15021.36,60.42832692154836,A
A to Z Pnt Nr Ore,15006.96,60.47361129962935,A
Knob Creek Smoked Maple,14974.65,60.51879818039869,A
Masciarelli Montepulciano,14897.81,60.56375319198123,A
Capt Morgan Cannon Blast,14894.289999999999,60.60869758175822,A
Erath Pnt Nr Oregon,14884.66,60.653612912447905,A
The Dreaming Tree Crush Red,14794.59,60.698256451653265,A
R M Woodbridge Pnt Nr,14785.27,60.7428718672144,A
Hennessey VS +VSOP 50mL,14783.88,60.78748308836938,A
Pinnacle Tropical Punch,14764.31,60.832035255906625,A
Perrier Jouet Grand Brut,14749.73,60.87654342744253,A
St Brendans Irish Cream,14731.44,60.92099640783546,A
Line 39 Cab Svgn Lake Cnty,14716.27,60.96540361186757,A
19 Crimes Red,14715.27,61.0098077983413,A
Ch Ste Michelle Rsl,14683.82,61.05411708260361,A
The Prisoner Red Napa Valley,14682.48,61.09842232333767,A
Cooks Extra Dry,14676.14,61.14270843275155,A
C K Mondavi Chard,14650.41,61.18691690038799,A
Cabo Wabo Blanco Tequila,14564.59,61.23086640116326,A
Glen Ellen Cab Svgn RSV,14532.210000000001,61.274718193397824,A
DeKuyper Peachtree Schnapps,14521.960000000001,61.31853905565886,A
Ch Macard Brdx Superieur,14450.36,61.36214386073906,A
Sutter Home Cab Svgn,14424.66,61.40567111456859,A
Yellow Tail Pnt Grigio Ausl,14377.62,61.449056422451385,A
Estancia Cab Svgn Paso Roble,14356.05,61.49237664159968,A
Ciroc Coconut Vodka,14338.58,61.53564414400285,A
Cupcake Cab Svgn,14332.33,61.578892786666074,A
M & R X Dry Vermouth,14297.960000000001,61.62203771584739,A
Mirassou Pnt Nr Cntrl Coast,14276.12,61.66511674155344,A
Seghesio Znfdl Sonoma,14274.859999999999,61.7081919651359,A
R M Woodbridge Chard,14272.45,61.751259916402645,A
Pizzolato Pnt Grigio,14252.61,61.79426799931089,A
MacMurray Ranch C Cst Pnt Nr,14244.17,61.83725061402632,A
Benziger Chard,14121.93,61.87986436240396,A
Benchmark Old #8 Bourbon,14120.58,61.922474037077755,A
Trapiche Malbec Mendoza Oak,14094.54,61.96500513453104,A
Kinky Liqueur,14049.199999999999,62.007399415886844,A
Glen Ellen Merlot RSV,14028.93,62.04973253133406,A
Clos Pegase Merlot Napa,13978.23,62.09191265657081,A
La Crema Pnt Nr Sonoma Cst,13888.0,62.13382050751388,A
Monkey Bay Svgn Bl,13851.64,62.175618640033846,A
Napa Highlands Meritage,13846.14,62.217400175982654,A
Clean Slate Rsl Mosel,13752.11,62.25889797091588,A
Matua Svgn Bl Marlboro,13750.57,62.300391118809195,A
Rodney Strong Pnt Nr,13748.779999999999,62.341878865272996,A
Ferrari-Carano Chard,13709.789999999999,62.383248957135095,A
Crown Royal Maple Whisky,13698.17,62.4245839849687,A
Kinky Blue Liqueur,13601.91,62.4656285426315,A
Knob Creek Single Barrel Rsv,13538.07,62.5064804593666,A
Patron XO Cafe Liqueur,13479.279999999999,62.547154973843845,A
Ruffino Chianti Clsc RSV Tan,13449.259999999998,62.58773890121818,A
14 Hands Hot to Trot Red,13372.710000000001,62.62809183449763,A
Cesari Valpolicella Clsc Am,13345.55,62.66836281089117,A
Black Velvet Traveler,13300.76,62.708498630844346,A
Bota Box Pnt Grigio Cal,13245.619999999999,62.74846806262781,A
Patron Citronge Orange Liqu,13237.089999999998,62.788411754638176,A
Cavit Pinot Noir Delle Vene,13203.41,62.82825381528192,A
Barefoot Cellars Pink Moscat,13200.11,62.868085917982974,A
Layer Cake Malbec Mendoza,13171.7,62.90783229185012,A
Sambuca Romana Black,13153.419999999998,62.94752350474987,A
The Glenlivet Founders Res,13132.1,62.987150383304716,A
Lincourt Lindsays Pnt Nr,13131.24,63.02677466675932,A
F Coppola Diamond Pnt Nr,13113.359999999999,63.0663449962699,A
Booker's Bourbon,13111.060000000001,63.10590838539617,A
Goldschlager Cinnamon Schna,13022.56,63.14520472060479,A
La Bastarda Pnt Gr Sicily,13012.59,63.18447097075624,A
C Y Toro Front Cab/Merlot,13003.18,63.223708825683225,A
Jose Cuervo Golden Margarita,13000.91,63.262939830752664,A
Jenkins Gin,12993.95,63.302149833615694,A
Svedka Strwbry Lemonad Vodka,12957.539999999999,63.34124996717768,A
Almaden Cab Svgn Cal B/B,12932.529999999999,63.38027463160431,A
Robert Hall Cab Svgn,12912.77,63.4192396690771,A
Sauza Blanco Tequila,12912.41,63.45820362022888,A
Barefoot Cab Svgn Cal,12897.16,63.49712155361519,A
Deep Eddy Ruby Red,12894.21,63.53603058520424,A
Makers 46,12876.900000000001,63.574887382857526,A
Pallini Limoncello Liqueur,12836.83,63.613623266946064,A
Old Bushmills,12800.96,63.65225091121509,A
Melini Borghi D'Elsa Chiant,12781.55,63.69081998467574,A
Courvoisier VSOP Cognac,12770.37,63.72935532183358,A
Three Olives Cherry Vodka,12729.21,63.76776645628801,A
Barefoot Bubbly Brut Cve,12726.93,63.80617071070931,A
Ninety+Cellars Lot 2 Svgn Bl,12700.99,63.84449668966592,A
Smoking Loon Cab Svgn,12682.82,63.88276783958656,A
Bota Box Cab Svgn,12649.96,63.92093983253846,A
Johnnie Walker Platinum,12648.73,63.95910811389353,A
Hennessy XO Cognac,12599.37,63.997127448566395,A
Harveys Bristol Cream Sherry,12563.779999999999,64.03503938833609,A
Estancia Chard,12550.42,64.0729110135257,A
Mark West Chard Sonoma Cnty,12534.44,64.11073441813218,A
Old Grand Dad,12461.85,64.14833877817503,A
Jim Beam Kentucky Fire,12447.22,64.1858989913386,A
Cannonball Cab Svgn Cal,12445.130000000001,64.22345289780512,A
Redbreast Irish Whiskey,12438.07,64.26098550030942,A
Talisker 10-Yr Single Malt,12410.85,64.29843596487429,A
Hennessy VSOP Cognac + 50mL,12390.630000000001,64.33582541440848,A
Ten High,12381.75,64.37318806802415,A
Bogle Cab Svgn Cal,12379.210000000001,64.41054305704151,A
Evodia Garnacha Old Vine,12355.49,64.44782646957381,A
Black Velvet Reserve,12347.369999999999,64.48508537953197,A
Bota Box Malbec,12342.08,64.52232832660624,A
Cavit Prosecco Lunetta,12338.52,64.55956053117265,A
Forefront Pine Ridge Znfdl,12337.710000000001,64.59679029151675,A
Dalwhinnie 15-Yr Single Mal,12327.99,64.63399072119329,A
Sambuca di Amore,12321.84,64.67117259288571,A
Latour 12 Cuvee Bourg Rouge,12273.859999999999,64.70820968212651,A
Taaka Gin,12253.37,64.74518494159585,A
Three Olives Grape Vodka,12238.9,64.78211653699529,A
Bota Box Chard Cal,12228.15,64.81901569364199,A
14 Hands Merlot Wash,12205.42,64.85584626118647,A
Ronrico Gold,12158.64,64.89253566734938,A
St Francis Cab Svgn Sonoma,12130.539999999999,64.92914028012149,A
Seaglass Svgn Bl Snt Barbara,12126.67,64.96573321494262,A
Apothic Dark,12118.89,65.00230267315948,A
Carlo Rossi Paisano Calif,12052.75,65.03867255006429,A
Dr McGillicuddy's Apple Pie,12050.09,65.0750344002638,A
Ch St Jean Chard California,12042.35,65.11137289456134,A
Carolans Irish Cream,12032.76,65.14768245047394,A
Cline Znfdl Cal,12027.960000000001,65.18397752210623,A
Peter Lehmann Shiraz,12019.97,65.22024848344697,A
Redwood Creek Pnt Nr Cal,12017.97,65.25651340967093,A
Zaccagnini Montepulciano Rsv,12017.24,65.29277613307725,A
Jadot Macon Villages Blanc,12016.4,65.32903632173453,A
Espolon Blanco Tequila,12010.509999999998,65.3652787369729,A
Grey Goose La Poire Vodka,12005.359999999999,65.40150561178554,A
Banfi Brunello Montalcino,11998.0,65.43771027736842,A
DeKuyper Peachtree Trav,11985.73,65.47387791750984,A
The Glenlivet 18 Yr Single,11963.849999999999,65.50997953347364,A
Barefoot Bubbly Pink Moscato,11943.8,65.5460206473917,A
Beringer Classic Pnt Grigio,11943.05,65.58205949814095,A
Dr McGillicuddy's Butterscth,11926.42,65.61804816689417,A
Three Olives Espresso Vodka,11892.92,65.65393574744127,A
W Hill Est Cab Svgn No Cst,11871.89,65.68975986873538,A
Jadot Beaujolais Villages,11860.26,65.7255488958254,A
Frei Bros RSV Chard RRV,11857.97,65.76133101270669,A
J Lohr Falcons Perch Pnt Nr,11842.56,65.79706662901317,A
Clayhouse Adobe Red Paso Rbl,11774.21,65.83259599520359,A
Schmitt Sohne Relax Mosel,11768.05,65.86810677323432,A
Smirnoff Watermelon Vodka,11760.630000000001,65.90359516098177,A
Duckhorn Decoy Pnt Nr,11749.38,65.93904960119731,A
St Elder Elderflower Liqueur,11741.839999999998,65.97448128902259,A
R Mondavi Chard Pvt Sel,11735.95,66.00989520342894,A
Smirnoff Sorbet Rasp/Pomegra,11717.36,66.04525302142478,A
Taylor Red Port,11710.56,66.08059032002357,A
Bonterra Mendocino Org Chard,11704.18,66.11590836659983,A
Jack Daniels Bruins Glass Pk,11676.17,66.15114189136553,A
Souverain Cab Svgn N Cst,11639.27,66.18626406822656,A
Jadot Pouilly Fuisse,11610.72,66.22130009379553,A
Midori Melon Liqueur,11603.119999999999,66.25631318592072,A
Fabrizia Limoncello,11571.199999999999,66.29122995758206,A
Spellbound Cab Svgn Cal,11531.51,66.32602696235081,A
Sonoma-Cutrer Chard RRV,11403.039999999999,66.36043630139301,A
Calico Jack Coconut Rum,11392.23,66.39481302062899,A
Vat 69 Gold,11362.42,66.42909978644931,A
Almaden Merlot Cal B/B,11333.4,66.4632989827251,A
Burnetts Gin,11311.73,66.49743278851055,A
Lauders Scotch,11260.98,66.53141345320763,A
Canadian Club 1858,11248.59,66.56535673035623,A
Bacardi Black,11246.49,66.5992936706322,A
Crown Royal Nrth Harvest Rye,11244.199999999999,66.63322370069947,A
Old Bushmills Irish Whiskey,11240.18,66.667141600182,A
Goslings Black Seal Rum 80,11229.26,66.70102654792689,A
Ballantines,11219.13,66.73488092780528,A
Morellino d Scansano Rsv,11121.880000000001,66.76844185013007,A
Da Vinci Pnt Grigio,11099.83,66.80193623529233,A
Black Box Pnt Nr,11047.279999999999,66.83527204776111,A
Godiva Wh Chocolate Liqueur,11007.31,66.86848724842098,A
Buehler Cab Svgn Napa,11003.01,66.90168947357976,A
Rocca Delle Macie Chianti C,10975.77,66.93480950044795,A
Carlo Rossi Burgundy Calif,10968.61,66.96790792159807,A
Carpineto Dogajolo Tuscan Wh,10948.12,67.00094451297673,A
Marques de Caceres Rioja Re,10941.34,67.03396064530949,A
Summers Cab Svgn Rsv,10934.529999999999,67.06695622806963,A
Honig Cab Svgn Napa,10908.98,67.09987471221285,A
Sterling Vintners CA Meritag,10900.92,67.13276887483543,A
Four Roses Bourbon,10887.3,67.16562193831273,A
Riunite Lambrusco,10881.53,67.1984575904781,A
Don Julio Anejo Tequila,10880.050000000001,67.23128877665705,A
Calico Jack Silver Rum,10872.630000000001,67.26409757255273,A
Redwood Creek Cab Svgn Cal,10861.72,67.29687344688635,A
Menage a Trois Silk Soft Red,10843.23,67.32959352656532,A
Villa Cornaro Prosecco Del,10837.12,67.36229516896252,A
Knob Creek Rye,10832.13,67.39498175374334,A
Duggans Dew O Kirkintilloch,10822.81,67.42764021487993,A
Arrow Peppermint Schnapps,10778.53,67.46016505853098,A
Kendall Jackson RSV Svgn Bl,10742.92,67.49258244692767,A
Vendange Chard,10727.06,67.52495197684829,A
The Dreaming Tree Cab Svgn,10726.45,67.55731966605826,A
Don Julio Blanco Tequila,10697.76,67.58960078151802,A
Absolut Mini Bar 5/50mls,10680.17,67.62182881812565,A
Bacardi Pineapple Fusion,10677.55,67.65404894873029,A
Alice White Chard Ausl,10669.38,67.68624442588288,A
Olmeca Altos Plata Tequila,10653.36,67.71839156175001,A
Korbel X Dry,10616.07,67.75042617286474,A
Simi Pnt Nr Sonoma Cnty,10608.41,67.78243766948218,A
St Supery Cab Svgn,10580.48,67.81436488569375,A
Ardbeg 10 Yr Single Malt Sc,10574.66,67.84627453971547,A
Jeffersons Reserve Bourbon,10547.890000000001,67.87810341369905,A
Angeline Pnt Nr Rsv,10540.15,67.90990893178068,A
Cabin Fever Maple Liqueur,10522.49,67.9416611597811,A
Carpineto Chianti Clsc RSV,10510.91,67.97337844445536,A
Kendall Jackson Pnt Nr Vtnr,10497.72,68.00505592753443,A
Seagrams Extra Smooth Vodka,10487.939999999999,68.03670389889244,A
Nardi Casale 08 Bosco Brunel,10468.26,68.0682924847013,A
Lange Willamette Pnt Nr,10458.039999999999,68.09985023106339,A
Saddleback Clrs 09 Cab Svgn,10447.25,68.13137541797043,A
William Grant Scotch,10446.92,68.16289960908321,A
Parducci True Grit 11 Cab Sv,10441.47,68.19440735450274,A
Fleischmanns X Dry Gin,10440.78,68.22591301780702,A
Groth Cab Svgn Napa,10416.26,68.2573446905795,A
Honig Svgn Bl Napa,10405.7,68.28874449793537,A
Remy Martin XO Cognac,10399.33,68.3201250834443,A
Grey Goose Cherry Noir Vodka,10387.67,68.35147048422236,A
Vinsacro Rioja,10377.51,68.38278522660718,A
Hiram Walker Coffee Brandy,10376.699999999999,68.4140975247697,A
R Mondavi Merlot Pvt Sel,10359.48,68.44535786057672,A
Glenmorangie 10 Yr Scotch,10350.45,68.47659094783145,A
Clos du Val Cab Svgn Napa,10327.01,68.50775330351749,A
Blackstone Merlot Cal,10266.56,68.53873324779875,A
Smoking Loon Chard,10266.44,68.569712829973,A
Jenkins French Brandy,10257.8,68.60066634044276,A
Cupcake Pnt Nr,10246.78,68.63158659741903,A
Mr Boston Apricot Brandy,10229.73,68.66245540502473,A
Rob Stuart Big Fire Pnt Nr,10227.98,68.69331893190325,A
Bogle Essential Red,10227.9,68.72418221737708,A
Martell Cordon Bleu,10198.98,68.75495823506223,A
Brancott Svgn Bl Marlboro,10191.95,68.78571303931189,A
Ravenswood Vints Blend Znfdl,10189.9,68.81646165756685,A
Cooks Brut,10157.01,68.84711102832631,A
Haywood Chamizal Znfdl 09,10153.65,68.87775026008957,A
The Macallan Fine Oak 15 Yr,10129.02,68.90831516938964,A
Bailey's Espresso Creme,10128.9,68.9388797165827,A
Hammer & Sickle Vodka,10127.15,68.96943898304858,A
Jenkins Amaretto,10101.19,68.99991991369862,A
Parrot Bay 90 Coconut Capt,10095.96,69.03038506251828,A
Dom Chandon Brut Cuvee,10057.949999999999,69.06073551394346,A
Capt Morgan Long Isl Tea RTD,10049.97,69.09106188525267,A
Boru Original Irish Vodka,10048.869999999999,69.12138493724765,A
Casamigos Blanco,10020.4,69.15162207935522,A
Firesteed Pnt Nr Ore,10012.49,69.18183535257592,A
C K Mondavi Cab Svgn,9965.97,69.21190824898024,A
Sanford Santa Barbara Chard,9945.78,69.24192022088063,A
McClelland Highland Sgl Malt,9945.33,69.27193083487974,A
Dr Loosen Rsl 'Dr L' M,9930.79,69.30189757357982,A
Bols Curacao Orange,9929.41,69.33186014804934,A
Ninety+Cellars Lot 23 Malbec,9923.12,69.36180374207659,A
Jeffersons  Ocean Bourbon,9918.76,69.39173417954925,A
Jack Daniels No 7 Black Trav,9911.37,69.42164231726538,A
Bonterra Cab Svgn Organic,9876.94,69.4514465604461,A
Hess Select Cab Svgn,9862.48,69.48120716973247,A
Absolut Vanilia,9852.09,69.51093642658715,A
Franzia Burgundy Tap Red,9821.52,69.5405734366818,A
Maker's Mark Combo Pack,9797.2,69.57013705975635,A
Kendall Jackson Vntnr Rsv Ch,9795.71,69.59969618666891,A
Gekkeikan Sake,9775.68,69.6291948718869,A
Mumm Brut Prestige,9744.58,69.65859971103887,A
Cupcake Merlot,9736.38,69.68797980621206,A
Svedka Mango Pineapple Vodka,9734.15,69.71735317223,A
Bogle Phantom Red Cal,9730.289999999999,69.74671489047259,A
Arrow Ginger Brandy,9716.55,69.77603514746286,A
Kendall Jackson Vntr RSV Cab,9712.02,69.80534173491363,A
Hibiki Harmony Japan Whiskey,9700.529999999999,69.83461365061846,A
Avion Silver Tequila,9643.28,69.86371281110539,A
Mohua Svgn Bl Marlboro,9641.89,69.89280777718616,A
T-Vine Petite Sirah Napa,9638.57,69.92189272497306,A
Fleischmanns Royal Traveler,9634.800000000001,69.95096629656481,A
Speyburn 10-Yr Single Malt,9631.0,69.9800284014347,A
Black Velvet Plastic,9602.75,70.00900526028,A
Cocobon Red,9599.05,70.03797095415926,A
Wild Horse CC Pnt Nr,9597.34,70.06693148801367,A
Opus One 12,9593.61,70.09588076637527,A
Bols Blue Curacao,9586.2,70.1248076846292,A
W Hill Est Chard N Coast,9573.63,70.15369667217414,A
Cribari Marsala,9572.02,70.18258080145007,A
Beringer Classic Chard,9570.39,70.21146001210582,A
Morgan Winery Twelve Clones,9560.5,70.24030937910908,A
R Mondavi Cab Svgn Napa,9558.46,70.26915259029323,A
F Coppola Diamond Merlot,9548.63,70.29796613887838,A
Gold Crown Wh Rum,9527.51,70.32671595663031,A
Michter's Small Batch Bourbn,9520.73,70.35544531533633,A
1800 Coconut Tequila,9518.42,70.38416770348248,A
Don Julio 1942 Anejo Tequila,9513.29,70.41287461155406,A
Casamigos Reposado,9511.69,70.44157669153222,A
Beringer Fndrs Est Cab Svgn,9510.83,70.47027617641018,A
R Mondavi Pnt Nr Pvt Sel,9493.44,70.49892318594769,A
Stone Cellars Pnt Grigio,9470.55,70.52750112357363,A
C Y Toro Frontera Malbec,9463.36,70.55605736495473,A
Don Q Cristal Rum,9446.439999999999,70.58456254924785,A
Zhenka Pink Lemonade Vodka,9412.05,70.61296395970787,A
Sauza Blue Silver,9372.23,70.64124521099274,A
Artesa Carneros Pnt Nr,9368.14,70.66951412046379,A
Early Times,9364.269999999999,70.69777135198385,A
Folonari Pinot Grigio Venez,9357.61,70.72600848656504,A
DeKuyper Peppermint Schnapp,9351.33,70.7542266708795,A
Fetzer Sundial Chard,9308.82,70.78231657878675,A
Andre Brut,9298.38,70.81037498338439,A
Glenfiddich Solera 15-Yr RS,9287.43,70.83840034571766,A
DeKuyper Buttershots Schnaps,9284.359999999999,70.86641644414664,A
Taaka Vodka Traveler,9276.41,70.89440855298642,A
Templeton Rye Whiskey,9266.630000000001,70.92237115010514,A
Bolla Valpolicella,9252.960000000001,70.95029249720064,A
J Lohr Los Osos Merlot,9246.24,70.97819356630373,A
American Harvest Organic,9242.39,71.00608301780703,A
Layer Cake Cab Svgn,9227.17,71.03392654207161,A
Rebel Yell,9223.71,71.06175962558416,A
Lord Calvert Canadian,9157.95,71.08939427445685,A
Ch Montaud Cotes de Prov Rse,9157.38,71.11702720332129,A
Ch Hyot Brdx Castillon,9151.92,71.14464365631689,A
Ron Zacapa 23 Yr Old Rum,9147.0,71.1722452629252,A
Pinnacle Grape Vodka,9132.619999999999,71.19980347704386,A
Pravda Polish Vodka,9095.449999999999,71.22724952851708,A
Baracchi O'Lillo,9088.42,71.25467436655482,A
Darkhorse Cab Svgn,9084.63,71.28208776804625,A
Sutter Home Clsc Chard,9068.86,71.30945358264185,A
MacMurray Ranch Pnt Nr RRV,9055.47,71.33677899213058,A
Trapiche Broquel Mndz Malbec,9046.5,71.36407733412054,A
Almaden Mt Rhine Calif B/B,9045.51,71.39137268872769,A
WhistlePig Old World 12 Yr,9044.21,71.41866412050894,A
Ravenswood Vntrs Bl Cab Svgn,9042.72,71.44595105612817,A
Smoking Loon Pnt Grigio Cal,9002.14,71.47311553922788,A
Ch St Jean Cab Svgn Cal,8999.04,71.50027066789656,A
GlenDronach 15 Yr Scotch,8984.0,71.52738041248703,A
Dom de Canton Ginger Liqueur,8981.470000000001,71.5544825226548,A
Castello Del Poggio Moscato,8977.380000000001,71.58157229100873,A
Ron Virgin White,8963.1,71.60861896862882,A
Baileys Chocolate Cherry,8957.76,71.63564953248711,A
Mer Soleil Chard Central Cst,8955.92,71.66267454403796,A
Elijah Craig 12 Yr Bourbon,8928.92,71.68961808151224,A
Black Velvet Toasted Caramel,8904.77,71.71648874495135,A
Malibu Rum Traveler,8898.15,71.7433394321539,A
Ch St Jean Belle Terre Chard,8799.13,71.76989132072451,A
Dewars Highlander Honey,8795.599999999999,71.79643255731402,A
Redwood Creek Chard Cal,8791.2,71.82296051664659,A
Licor 43 Vanilla Liqueur,8786.289999999999,71.84947365976745,A
Glenmorangie Original 10 Yr,8758.73,71.87590363897904,A
Pinnacle Strawbry Kiwi Vodka,8732.859999999999,71.90225555395506,A
Wente Morning Fog Chard,8693.85,71.9284897539782,A
New Amsterdam Peach Vodka,8682.47,71.95468961418685,A
Sterling Cab Svgn,8677.6,71.98087477888613,A
Camarena Reposado Tequila,8669.289999999999,72.00703486767517,A
Smoking Loon Pnt Nr,8657.27,72.03315868541236,A
Smirnoff Strawberry Vodka,8655.88,72.05927830874337,A
Frei Bros RSV Cab Svgn Alex,8654.05,72.08539240994254,A
Stock Italian X Dry Vermouth,8624.02,72.1114158938632,A
Four Roses Single Barrel Brb,8622.06,72.1374334633694,A
Ketel One Citroen Vodka,8621.68,72.16344988620342,A
Glenfiddich 14 Yr Barrel Rsv,8588.29,72.18936555276275,A
Beringer Classic Wh Merlot,8578.66,72.21525216023477,A
Nobilo Svgn Bl MarlborougH,8576.78,72.241133094697,A
Capt Morgan White PET,8575.71,72.26701080037176,A
Guigal Cotes du Rhone Red,8574.28,72.29288419093804,A
Apothic Winemakers White,8571.42,72.31874895128729,A
Ruffino Lumina Pnt Grigio,8566.25,72.34459811085966,A
Glenfiddich Special Rsv 12Yr,8563.75,72.37043972653606,A
Appleton Special Gold Rum,8552.48,72.39624733432939,A
Stock Italian Sweet Vermouth,8549.550000000001,72.42204610067662,A
Capt Morgan Black Spiced Rum,8541.9,72.44782178270215,A
Absolut Raspberri,8525.3,72.4735473732584,A
Principato Pnt Gr Sicilia,8519.54,72.49925558267829,A
W Hill Chard Napa,8498.99,72.52490178127323,A
Oban Distiller's Edition,8478.939999999999,72.55048747782244,A
Petite Petit Phillips Lodi,8468.06,72.57604034333633,A
Lindemans Bin 50 Shiraz,8450.64,72.60154064298305,A
Bombay Sapphire East Gin,8450.14,72.62703943385058,A
Taylor Fladgate 20-Yr Tawny,8449.880000000001,72.65253744015291,A
Booths London Dry Gin,8439.37,72.67800373191656,A
Svedka Clementine Vodka,8418.609999999999,72.703407379168,A
M Duffau Napoleon Armagnac,8409.87,72.72878465295909,A
Rebel The Show Cab Svgn,8391.6,72.75410679595836,A
Clos Pegase Carneros Chard,8330.79,72.77924544123184,A
Freixenet Cordon Negro Brut,8330.18,72.8043822457947,A
Moet & Chandon Brut Imprl Ro,8320.5,72.82948984039233,A
Santa Rita 120 Svgn Bl,8320.11,72.85459625814218,A
Freixenet Cordon Negro Extr,8286.460000000001,72.87960113505217,A
Corralejo Reposado Tequila,8277.25,72.90457822024935,A
Beefeater Gin,8274.9,72.92954821418431,A
Kendall Jackson Avant Chard,8251.78,72.95444844216928,A
Acrobat Pnt Gris Oregon,8248.22,72.97933792764636,A
Josh Cellars Legacy Red,8232.78,73.00418082202187,A
Grey Goose Glass Pack,8232.54,73.02902299218337,A
Smith & Hook Lucia Cab Svgn,8210.25,73.05379790096832,A
Tenshen Red,8184.54,73.07849522832703,A
Smirnoff Blue 100 Proof Trav,8177.969999999999,73.10317273032709,A
UV Blue Raspberry Vodka,8174.3,73.12783915788785,A
Firefly Sweet Tea Vodka,8139.78,73.15240141933296,A
Banfi Rosa Regale,8139.55,73.17696298673961,A
After Shock Hot & Cool Cinmn,8129.429999999999,73.20149401645536,A
Zinsane Znfdl Lodi,8125.83,73.22601418296088,A
Pinnacle Vodka 100 Proof,8108.099999999999,73.25048084815613,A
Woodford Reserve Double Oak,8093.51,73.27490348717444,A
Irish Manor Irish Cream,8084.57,73.29929914922073,A
Bird Dog Bourbon,8079.61,73.3236798441774,A
McClelland Islay Single Malt,8075.860000000001,73.34804922329009,A
Jos Phelps Insignia 2010 Red,8063.370000000001,73.3723809130985,A
Monkey Shoulder Scotch,8061.51,73.39670699024828,A
New Harbor Svgn Bl Marlboro,8058.99,73.4210254631509,A
Cantine Maschio Prosecco Brt,8039.07,73.44528382629036,A
Mr Boston Dark Rum,8026.2,73.46950335345333,A
Artesa Carneros Chard,8011.67,73.49367903549287,A
Beaulieu Cab Svgn Rutherford,8010.36,73.51785076453092,A
Absolut Spark Vodka,8005.549999999999,73.54200797911311,A
Hartley Brandy VS,7974.6,73.56607180026307,A
Silver Palm Nth Cst Cab Svgn,7970.009999999999,73.59012177082002,A
Straccali Chianti,7943.84,73.61409277187386,A
Jacquin Ginger Brandy,7943.13,73.63806163046122,A
Hess Allomi Cab Svgn,7935.36,73.6620070426199,A
Cakebread Chard,7929.8,73.6859356771539,A
Tia Maria Coffee Liqueur,7929.36,73.70986298396224,A
Ch Montelena Cab Svgn Napa,7898.42,73.73369692751393,A
Wolfschmidt Vodka 80 Proof,7886.18,73.7574939361509,A
Barton Vodka,7874.400000000001,73.78125539795002,A
Decoy by Duckhorn Red Sonoma,7865.679999999999,73.80499054663996,A
New Amsterdam Red Berry,7863.2,73.82871821178509,A
The Dalmore 12Yr Single Malt,7858.55,73.8524318452837,A
Rosemount Diamond Shiraz,7845.78,73.87610694456166,A
Alice White Shiraz Ausl,7834.17,73.89974700998668,A
Charles Smith Velvet Dev Mer,7830.31,73.92337542763632,A
Smirnoff Cranberry Vodka,7827.12,73.94699421927467,A
Caldwells Vodka,7821.62,73.9705964143419,A
Beringer Knights Vly Cab Svg,7818.150000000001,73.99418813848148,A
Smirnoff Watermelon,7816.05,74.01777352574844,A
Gr Marnier Raspberry Peach,7801.28,74.04131434367797,A
Cakebread Cab Svgn,7798.799999999999,74.06484767806269,A
Johnnie Walker Gold Rsv,7789.08,74.08835168177981,A
Pali Tower 15 The Winery,7778.4400000000005,74.11182357867568,A
Jim Beam Devils Cut,7767.900000000001,74.13526367050609,A
Jim Beam Devils Cut Bourbon,7762.32,74.15868692436067,A
Aberlour 16 Year Old Single,7745.64,74.18205984534129,A
Crystal Head Vodka,7743.070000000001,74.20542501119684,A
Smirnoff Peppermint Twist,7737.62,74.22877373135914,A
Carpineto Dogajolo Tuscan R,7730.45,74.25210081562778,A
John Begg Blue Cap,7730.45,74.27542789989643,A
Spellbound Petite Sirah Cal,7728.33,74.29874858694127,A
Inver House Green Plaid 3-Y,7716.37,74.32203318398777,A
DeKuyper Hot Damn Cinnamon,7708.41,74.34529376126946,A
E & J Superior Rsv VSOP,7707.96,74.36855298064987,A
Roederer Cristal,7699.68,74.39178721464681,A
Cline Ancient Vin Znfdl,7657.91,74.41489540522971,A
Tanqueray Ten Gin,7655.429999999999,74.43799611226783,A
Fish Eye Cab Svgn,7655.3,74.46109642702334,A
Pavilion St Pierre Cdu Rhone,7632.360000000001,74.48412751898934,A
Rombauer El Dorado Znfdl,7627.28,74.50714328175872,A
Daou Cab Svgn,7596.2,74.53006525881328,A
Masi Soave 2012 Classico,7572.42,74.5529154783293,A
Laphroaig Cask Strength 10Yr,7565.79,74.57574569143317,A
Villa Maria Svgn Bl Pvt Bin,7560.96,74.59856132973002,A
Jose Cuervo Gold w/Marg Mix,7550.389999999999,74.62134507243466,A
OuterSpace Vodka,7543.21,74.64410714907007,A
Kendall Jackson Grand Rsv Ch,7537.889999999999,74.66685317229481,A
Frescobaldi Sangiovese Remo,7535.32,74.68959144039448,A
Castle Rock Pnt Nr,7528.15,74.71230807260049,A
St Francis Chard,7528.06,74.73502443322626,A
Shafer One Pnt Five Cab Svgn,7519.0599999999995,74.75771363582649,A
Glenmorangie Quinta Ruban,7518.62,74.78040151070104,A
Geyser Peak Svgn Bl,7504.14,74.80304569133006,A
Yellow Tail Moscato,7500.93,74.82568018559665,A
Wild Horse CC Cab Svgn,7490.599999999999,74.84828350848507,A
Line 39 Pnt Nr,7483.51,74.87086543688449,A
Frescobaldi Chianti RSV Nip,7473.25,74.8934164051348,A
Jack Daniels Honey + Glass,7472.799999999999,74.91596601548383,A
Jack Daniels Winter Jack,7465.31,74.93849302432052,A
Pommery Brut Royale,7455.740000000001,74.9609911551234,A
Hob Nob Pnt Nr VDP D'Oc,7432.56,74.98341933892274,A
Goldschlager Cinnamon Schnap,7396.27,75.00573801552807,A
Marques de Caceres RSV Red,7390.65,75.02803973345522,A
Carpano Antica Formula,7387.07,75.05033064852334,A
Bogle Old Vine Znfdl Cal,7373.2,75.07257971005657,A
Malibu Black,7364.01,75.09480104022819,A
Almaden Chablis B/B,7355.5,75.11699669097789,A
Smirnoff Blue 100 Proof,7339.41,75.13914378921307,A
Hardys Chard Ausl,7338.78,75.16128898638645,A
DeKuyper Hot Damn 100*,7298.1,75.18331142928447,A
Rebel Reserve Bourbon,7285.549999999999,75.20529600182468,A
Plungerhead Znfdl Lodi,7274.8,75.22724813561219,A
Antinori Toscana Rd,7264.54,75.24916930925056,A
Calico Jack Spiced Rum No 94,7264.39,75.27109003025521,A
Crown Royal RSV,7255.2300000000005,75.29298311042497,A
Cloudy Bay Svgn Bl Marlboro,7245.099999999999,75.31484562272824,A
Ch de Ribebon Brdx,7240.17,75.33669325846863,A
Laphroaig 15 Yr Single Malt,7237.099999999999,75.35853163030477,A
Sandeman Imperial 20-Yr Taw,7235.05,75.38036381614619,A
Glenfarclas 12-Yr Scotch,7230.0,75.40218076331774,A
Three Olives Vanilla Vodka,7227.34,75.42398968378396,A
Irish Mist Honey Liqueur,7225.219999999999,75.4457922070264,A
Dewars Special RSV 12-Yr,7215.89,75.46756657644904,A
Mas Janeil Cotes Roussillon,7209.4400000000005,75.48932148262007,A
Ciroc Amaretto Vodka,7193.95,75.5110296468116,A
Fish Eye Chard,7193.8,75.53273735836936,A
Oberon Cab Svgn Napa,7191.839999999999,75.55443915551268,A
Absolut Pears,7189.49,75.57613386139379,A
Pinnacle Raspberry Vodka,7181.77,75.5978052717241,A
Sauza Blue Silver Tequila,7176.53,75.61946087004844,A
Svedka Citron Vodka,7160.24,75.64106731234659,A
Allegrini Palazzo Della Tor,7156.42,75.66266222757167,A
Clos Pegase Svgn Bl Napa,7150.2300000000005,75.68423846411034,A
Angels Envy Whiskey,7148.570000000001,75.70580969150204,A
St Remy VSOP Authentic Brndy,7148.4,75.72738040590883,A
MacMurray Ranch Sonma Pnt Nr,7136.429999999999,75.74891500014166,A
Michter's Straight Rye,7131.3,75.77043411429997,A
Jenkins Spiced Rum,7126.3,75.7919381406663,A
Cuervo Silver Rolling Stones,7119.28,75.81342098377273,A
1800 Ultimate Margarita RTD,7116.44,75.83489525701333,A
Marques de Riscal Rioja Red,7102.86,75.85632855181096,A
Ketel One 325 Commemorative,7102.55,75.8777609111655,A
Louis Latour 12 Marsannay Bl,7096.45,75.89917486341383,A
Plymouth Gin,7081.84,75.92054472913408,A
Korbel Organic Brut,7053.57,75.94182928847859,A
Joel Gott Svgn Bl,7052.9400000000005,75.9631119467613,A
Copain Tous Ensemble 12 Chrd,7051.59,75.98439053134021,A
Canadian Ltd Traveler,7047.13,76.00565565760867,A
Hornitos Anejo Tequila,7023.049999999999,76.02684812107107,A
Taittinger Brut La Francais,7021.29,76.0480352736307,A
Morgan Winery Highland Chard,7016.67,76.06920848507056,A
Margaritaville Gold Tequila,6994.5199999999995,76.09031485759205,A
Tangent Chard,6993.0,76.11141664342476,A
L Martini Cab Svgn Napa,6987.67,76.13250234567128,A
Gordons Vodka Traveler,6983.01,76.15357398609568,A
Smoking Loon Merlot,6980.21,76.17463717735659,A
Three Olives Raspberry Vodk,6979.65,76.19569867878478,A
Pinnacle Salted Caramel,6965.150000000001,76.2167164256163,A
Conquista Malbec Mendoza,6959.29,76.23771648955564,A
Smirnoff Cherry Vodka,6957.88,76.25871229873765,A
Sequoia Grove Cab Svgn,6957.679999999999,76.279707504408,A
Three Olives Pomegranate,6952.25,76.30068632473626,A
Ruffino Aziano Chianti Clsc,6949.27,76.32165615274052,A
Estancia Meritage,6934.99,76.34258289001095,A
Yellow Tail Shiraz/Cab Ausl,6927.4800000000005,76.36348696541785,A
Gozio Amaretto,6926.15,76.38438702747209,A
Crown Royal Mini,6924.84,76.40528313652484,A
Crown Royal XO,6920.52,76.42616620972535,A
Goslings Black Seal 151,6917.43,76.44703995867043,A
West Cork Irish Whiskey,6904.86,76.46787577690651,A
Green Chartreuse Liqueur,6898.62,76.48869276557824,A
New Amsterdam Pineapple Vdka,6896.16,76.50950233105632,A
MezzaCorona Pnt Nr,6890.7300000000005,76.53029551119234,A
Educated Guess Cab Svgn Napa,6888.71,76.55108259586041,A
Gnarly Head Old Vine Znfdl,6882.93,76.57185223904096,A
Bird Dog Blackberry Whiskey,6865.42,76.5925690447741,A
Barefoot Cellars Pnt Nr,6858.49,76.61326493882757,A
Jagermeister Spice,6845.9,76.63392284182086,A
Madrigal Cab Svgn,6836.58,76.65455262116998,A
Big House Red Cal,6836.35,76.67518170648066,A
Glenfiddich Ancient RSV 18,6814.29,76.69574422445321,A
Ole Smoky Moonshine Cherries,6806.44,76.71628305459241,A
Ch M Vert Lussac St Emilion,6801.16,76.73680595202327,A
Cline Cashmere Red Cal,6799.53,76.75732393083399,A
Butternut Chard,6799.46,76.7778416984156,A
Excelsior S Afr Cab Svgn,6797.31,76.79835297824667,A
Voga del Venezie Pnt Grigio,6791.25,76.81884597167388,A
Hennessy Black Cognac,6783.2,76.83931467375604,A
Paddy's Irish Whiskey,6776.61,76.8597634901284,A
Barr Hill Gin,6769.17,76.88018985586633,A
Don Julio 70th Anniversary,6730.98,76.90050098104928,A
Franciscan Est Chard Napa,6729.88,76.920808786918,A
Meukow VS Cognac,6715.8,76.94107410556457,A
La Vieille Ferme Red Ventoux,6711.94,76.96132777643575,A
Bushmills Black Bush,6707.84,76.98156907531751,A
Mouton Cadet Red Brdx,6696.0,77.00177464630794,A
Absolut Peppar,6692.28,77.02196899198113,A
Cruzan Black Cherry Rum,6673.32,77.04210612474722,A
Foxhorn SE Chard Australia,6668.93,77.06223001043196,A
Teachers Highland Cream,6661.62,77.08233183776488,A
Skyy Infusions Citrus Vodka,6642.16,77.10237494341149,A
Bulleit 10 Yr Old Bourbon,6640.360000000001,77.12241261745298,A
Canadian Club Traveler,6634.88,77.1424337552745,A
Serpent's Bite Cider Whiskey,6634.21,77.1624528713319,A
Hornitos Lime Shot Tequila,6630.0,77.18245928346845,A
Silverado Svgn Bl Napa,6625.11,77.20245093974448,A
Chi Chi's Margarita,6624.84,77.22244178127976,A
Herradura Silver Tequila,6618.35,77.24241303886105,A
Mark West Black Pnt Nr,6612.0,77.26236513494656,A
Hess Select Chard,6598.92,77.28227776136832,A
Gazdina Rakija Pear Brandy,6597.36,77.30218568039898,A
Wild Horse CC Chard,6595.49,77.32208795659544,A
A to Z Pnt Gris Ore,6594.46,77.34198712470676,A
New Amsterdam Mango Vodka,6589.39,77.36187099379706,A
Ballatore Gran Spumante,6583.76,77.38173787403359,A
Las Rocas Garnacha San Alej,6583.03,77.40160255145251,A
Clayhouse Cab Svgn Paso Rbls,6582.54,77.4214657502678,A
Ch Ste Michelle Harvest Rsl,6573.25,77.44130091596564,A
Ruffino Chianti,6561.81,77.46110156079547,A
J Roget Extra Dry,6555.88,77.48088431150404,A
Caravella Limoncello,6518.15,77.5005532097345,A
Almaden B/B Wh Znfdl Cal,6516.0199999999995,77.52021568056558,A
R Mondavi Pvt Slctn Cab Sv,6515.4,77.53987628051046,A
Noble Vines 667 Pnt Nr Mntry,6507.58,77.55951328314872,A
Santa Cristina Toscana,6506.03,77.57914560857147,A
Layer Cake Barosa Shiraz,6503.85,77.59877135571693,A
Beringer Classic Cab Svgn,6497.79,77.61837881645853,A
Ardbeg Exploration Pk +50mls,6484.62,77.63794653595613,A
Caymus Spec Select Cab Svgn,6473.610000000001,77.65748103213582,A
Skinnygirl Margarita,6468.12,77.67699896191995,A
Godiva Dark Chocolate,6459.25,77.69649012596113,A
Cakebread Svgn Bl,6453.3099999999995,77.71596336570548,A
Carlo Rossi Chablis Calif,6430.55,77.73536792582082,A
Admiral Nelson Spiced Rum,6428.37,77.75476590765889,A
Barefoot Premium X-Dry,6425.43,77.77415501787527,A
Viniq Shimmery Liqueur,6422.339999999999,77.79353480383624,A
Our Daily Red,6404.53,77.81286084708225,A
Cabo Wabo Reposado Tequila,6399.39,77.83217138007811,A
Small Batch 1792,6393.82,77.85146510527375,A
Dry Creek Fume Bl Sonoma,6376.22,77.87070572144167,A
Rex Goliath Pnt Nr,6375.46,77.88994404426522,A
Kendall Jackson Summation Re,6371.2,77.90916951229003,A
Alamos Slcn Malbec Mendoza,6360.51,77.92836272261565,A
Fort Ross Pnt Nr Sonoma Cst,6357.88,77.94754799676267,A
Cruzan Mango Flavored Rum,6353.64,77.96672047646211,A
Crown Royal Special Reserve,6350.129999999999,77.9858823645316,A
Deep Eddy Lemon Vodka,6346.889999999999,78.00503447571192,A
Almaden Burgundy B/B,6324.099999999999,78.02411781673648,A
Casamigos Anejo,6322.9800000000005,78.04319777809565,A
Toad Hollow Mendocino Chard,6317.46,78.06226108253249,A
Bacardi Mango Fusion,6317.45,78.08132435679374,A
Fish Eye Merlot,6313.51,78.10037574187496,A
Red Rock Merlot Cal,6312.01,78.11942260061856,A
Highland Park 12 Yr Single,6299.81,78.13843264514979,A
Renwood Timberline Znfdl,6289.139999999999,78.15741049233299,A
CastelGiocondo Brunello 07,6278.43,78.17635602146579,A
Kendall Jackson Vntrs RSV Me,6276.7699999999995,78.19529654145168,A
Edna Valley Chard,6258.78,78.21418277556211,A
Josh Cellars Merlot,6258.03,78.23306674650374,A
AnCnoc 12 Yr Old Scotch,6254.360000000001,78.25193964300605,A
Estancia Pnt Nr Monterey,6251.57,78.27080412052048,A
Luna di Luna Chard/Pnt Grigo,6245.82,78.28965124707415,A
Three Olives Loopy Vodka,6244.75,78.30849514484032,A
New Amsterdam Coconut Vodka,6236.8,78.3273150530173,A
Barenjager Honey Liqueur,6227.42,78.34610665649656,A
Jaume Serra Cristalino Brut,6222.97,78.36488483184098,A
Santa Rita 120 Cab Svgn,6217.62,78.38364686324799,A
Taylor Dry Sherry,6217.58,78.40240877395267,A
Conti Zecca Negroamaro 10,6213.78,78.42115921793548,A
Warre's Warrior Port,6212.59,78.43990607102378,A
Amarula Cream Liqueur,6200.25,78.45861568744154,A
Angelini Pnt Grigio Veneto,6193.8,78.47730584060767,A
Gilbeys London Dry Trav,6177.97,78.49594822582446,A
Smoking Loon Steelbird Chard,6160.63,78.51453828657874,A
Pol Roger Brut,6158.38,78.53312155782663,A
Calico Jack Pin/Coc Rum,6153.89,78.55169128023735,A
Cruzan Aged Light Rum,6137.349999999999,78.57021109223228,A
Corner Creek Rsv Bourbon,6135.96,78.58872670982105,A
Bowmore Small Batch Sngl Mlt,6121.35,78.6071982408817,A
Barco Negro Douro,6120.34,78.62566672420839,A
Mumm Napa Brut Rose,6118.5199999999995,78.6441297155788,A
Baileys Vanilla Cinnamon,6114.09,78.66257933916553,A
Jenkins Coffee Brandy,6106.85,78.68100711562951,A
Dona Paula Malbec Mendoza,6102.91,78.69942300291342,A
Lillet White French Aperiti,6098.61,78.71782591469626,A
Phillipine de St-Cyrille CdP,6083.58,78.73618347257646,A
Flowers Pnt Nr Sonoma Coast,6078.66,78.75452618406938,A
Yago Sant'Gria Red,6074.66,78.77285682532873,A
Leroux Apricot Brandy,6060.31,78.79114416462515,A
Jameson 12 Year Old,6058.99,78.8094275207445,A
John Power Irish Whiskey,6055.67,78.82770085857001,A
Greg Norman Lmstn Cab/Merlot,6049.84,78.84595660403008,A
Grey Goose Le Melon,6045.48,78.86419919293556,A
Balvenie 17 Yr Doublewood,6029.570000000001,78.88239377248702,A
Sauza Silver Tequila,6027.8,78.90058301096016,A
Gallo Twin Valley Wh Znfdl C,6023.8,78.91876017919971,A
Dr McGillicuddy's Grape,6017.67,78.93691884980633,A
Ruffino Orvieto Clsc,6014.54,78.95506807545517,A
Beringer Fndrs Est Merlot,6012.09,78.97320990808595,A
Burgans Albarino Baixas Rio,6005.4,78.9913315532511,A
Hudson Baby Bourbon Whiskey,5998.8,79.00943328253086,A
Calumet Bourbon,5997.67,79.02753160196964,A
Jose Cuervo Tradicional,5997.049999999999,79.04562805052223,A
El Jimador Blanco Tequila,5994.98,79.06371825272893,A
Bully Hill Sweet Walter Rd,5991.4400000000005,79.08179777277893,A
Chloe Pnt Grigio,5990.58,79.09987469772871,A
Dr McGillicuddy's Cherry,5979.1,79.11791698110817,A
Angel's Envy NH Blend Bourbn,5978.7,79.13595805746425,A
Duckhorn Cab Svgn Napa,5975.17,79.15398848183922,A
Ch Ste Michelle Indn Wls Cab,5967.55,79.17199591241925,A
Bota Box RedVolution,5963.15,79.18999006574235,A
Ole Smoky White Lightnin',5960.86,79.20797730885673,A
Olmeca Altos Reposado,5959.32,79.22595990493117,A
Charles Smith Kung Fu Girl R,5958.19,79.24393909116466,A
Pama Pomegranate Liqueur,5954.99,79.26190862121129,A
McClelland Highland Single,5953.889999999999,79.27987483194367,A
Ice Box Mudslide,5944.78,79.29781355271912,A
Sauza Conmemorativo,5932.71,79.31571585156479,A
Baja Luna Black Raspberry,5927.07,79.33360113138112,A
La Vieille Ferme Wh Rhone,5916.96,79.35145590368211,A
Smirnoff Ruby Red Grapefruit,5911.39,79.36929386818285,A
Dry Sack Sherry,5908.62,79.38712347404686,A
Decoy Duckhorn Chard Sonoma,5897.48,79.40491946431038,A
Santa Lucia Sangvs Monte Ant,5887.09,79.42268410214221,A
Blackheart Spiced Rum,5886.49,79.44044692943902,A
Duboeuf Beaujolais Villages,5884.15,79.45820269564916,A
M & R Extra Dry Vermouth,5877.19,79.47593745965293,A
Pacific Rim Sweet Rsl,5869.5,79.49364901863265,A
Peter Vella Wh Znfdl Cal,5861.09,79.5113351999463,A
Bogle Petite Sirah,5838.47,79.52895312408911,A
Monsanto Chianti Clsc RSV,5835.099999999999,79.54656087906018,A
Citra Montepulciano,5824.7,79.56413725142394,A
C Y Toro Casillero Carmenere,5824.17,79.58171202448179,A
Tequila Rose Liqueur,5818.89,79.59927086483131,A
Tarantula Azul Tequila,5813.87,79.61681455703771,A
Glenmorangie LaSanta,5806.900000000001,79.63433721686212,A
Masi Campofiorin,5804.37,79.65185224226379,A
Nicholson Ranch Est Chard,5801.13,79.66935749077628,A
Fortant Cab Svgn,5800.76,79.68686162279216,A
Laphroaig Quarter Cask,5796.91,79.70435413720823,A
Grand MacNish,5789.61,79.72182462344804,A
Caymus Conundrum Red,5787.09,79.73928750544071,A
El Toro Gold,5778.379999999999,79.75672410449978,A
Rhum Barbancourt RSV Special,5774.639999999999,79.77414941789048,A
Scapa 16 Yr Old Single Malt,5773.21,79.79157041617268,A
Terrazas RSV Malbec Mendoza,5772.57,79.8089894832175,A
Burgess Cab Svgn Napa,5772.360000000001,79.82640791657506,A
Taylor Fladgate 10-Yr Tawny,5760.589999999999,79.84379083327035,A
Redbreast 15 Yr Old Irish,5759.36,79.86117003836881,A
Ferrari-Carano Fume Bl,5750.469999999999,79.87852241737318,A
Fernet-Branca Italian Liquer,5745.9,79.89586100613568,A
Jose Cuervo Light Margaritas,5741.93,79.91318761519139,A
Red Diamond Merlot Wash,5739.74,79.9305076157942,A
Smirnoff Sorbet Mango/Pasion,5727.27,79.94778998744388,A
19 Crimes Cab Svgn,5724.27,79.96506330641839,A
Clos du Bois Pnt Nr Cal,5718.33,79.98231870109603,A
Siduri Pnt Nr Sonoma Cst,5717.4,79.99957128944439,A
Steele Chard Cal,5716.44,80.01682098093669,B
De Loach Chard Cal,5704.29,80.03403400909453,B
Alderbrook Pnt Nr RRV,5702.83,80.05124263161711,B
Smirnoff Whipped Cream,5700.41,80.06844395164839,B
Jim Beam Choice,5690.179999999999,80.08561440205733,B
Fetzer Valley Oaks Cab Svgn,5687.62,80.10277712751677,B
Canada House Canadian Whisky,5685.35,80.11993300311869,B
Cruzan Coconut Flavored Rum,5684.31,80.13708574045985,B
Uncle Val's Botanical Gin,5663.37,80.15417529012832,B
Heidsieck Brut Monopole Epe,5637.21,80.17118590046924,B
Darkhorse Chard,5632.95,80.18818365601142,B
Old Pulteney Single Malt Sc,5622.52,80.20514993841958,B
Jacquin Triple Sec,5613.389999999999,80.22208867051962,B
Santa Rita RSV Cab Svgn,5611.41,80.23902142785406,B
Kirk & Sweeney 12Yr Old Rum,5608.35,80.2559449514598,B
Rodney Strong Merlot Sonoma,5606.879999999999,80.27286403925471,B
Dom Chandon Blanc de Noir C,5598.639999999999,80.28975826236847,B
Flag Hill Straight Bourbon,5598.6,80.30665236477991,B
W Hill Cab Svgn Napa,5598.400000000001,80.32354586367964,B
Ch Ste Michelle Merlot Colum,5597.48,80.34043658642568,B
Chila Orchata Cinnamon Cream,5596.0,80.35732284318529,B
De Loach Cab Svgn Cal,5594.4,80.37420427185147,B
Seaglass Chard,5591.78,80.39107779451467,B
The Botanist Islay Dry Gin,5585.490000000001,80.40793233673557,B
Toasted Head Cab Svgn,5575.3,80.42475613003649,B
Tribuno Sweet Vermouth,5573.8,80.4415753969998,B
Turnbull Syrah 11,5572.7699999999995,80.45839155587797,B
Bacardi Black Razz,5557.83,80.47516263243376,B
Herradura Reposado Tequila,5552.6900000000005,80.49191819873943,B
Nathanson Creek Chard,5550.16,80.50866613062237,B
Clayhouse Malbec Paso Robles,5545.42,80.52539975927854,B
Ch Beauchene Chtnf Pape RSV,5545.35,80.5421331767056,B
Clos du Bois Merlot N Cst,5542.41,80.55885772251101,B
Raspberry di Amore,5541.22,80.57557867742193,B
Ch Greysac,5540.919999999999,80.59229872706534,B
Cupcake Malbec,5539.37,80.60901409949322,B
From the Tank Red Keg,5531.76,80.62570650830176,B
Bird Dog Apple Whiskey,5530.02,80.64239366655869,B
Ice Box Manhattan,5527.2,80.65907231530095,B
Dom Chandon Rose Spklg,5523.65,80.67574025171092,B
Fetzer Gewurz,5514.4800000000005,80.69238051711045,B
Heitz Cab Svgn Napa,5499.0,80.70897407070606,B
Jordan Cab Svgn Alex Valley,5498.9,80.72556732254584,B
Cold River Vodka,5498.38,80.74215900525526,B
Glenmorangie Original 18Yr,5491.51,80.75872995733853,B
Sonoma-Cutrer Pnt Nr,5488.17,80.77529083077678,B
Seaglass Rsl,5483.9,80.79183881924068,B
Morgan Winery Metalico Chard,5470.78,80.8083472173385,B
Ch Ste Michelle Svgn Bl,5469.91,80.8248529901605,B
Three Olives Berry Vodka,5467.4400000000005,80.84135130961329,B
Estancia Merlot Central Cst,5446.58,80.85778668279801,B
Hornitos Black Barrel,5446.139999999999,80.87422072825706,B
Wild Turkey Russell's Rsv,5444.0,80.89064831614114,B
Sella & Mosca RSV Cannonau,5428.82,80.90703009748883,B
St Francis Old Vines Znfdl,5426.64,80.92340530055922,B
Alexander Vly Vyd Cab Svgn,5420.63,80.9397623681037,B
Nicholson Ranch Chard Son Ct,5417.29,80.95610935700314,B
Gabbiano Chianti,5413.27,80.97244421531784,B
Espolon Reposado Tequila,5412.969999999999,80.98877816836502,B
High Note Malbec Mendoza,5410.16,81.00510364207312,B
Canadian Club Triple Aged,5403.25,81.02140826445276,B
Glenmorangie Original VAP,5402.6900000000005,81.03771119699968,B
Margaritaville Silver,5400.54,81.05400764179606,B
Auchentoshan 21 Yr Scotch,5399.76,81.0703017328969,B
Bell'Agio Chianti Flask,5388.68,81.08656238945075,B
Rodney Strong Cab Svgn Alexa,5385.66,81.10281393297825,B
Absolut Apeach,5383.07,81.11905766102953,B
Brugal Anejo Rum,5380.219999999999,81.1352927890394,B
Ghost Pines Red L Martini,5379.009999999999,81.15152426580362,B
Jameson Gold Rsv,5374.429999999999,81.16774192215038,B
D'Usse VSOP Cognac,5373.97,81.18395819042028,B
R Mondavi Pvt Sln Pnt Grigio,5362.02,81.20013839886742,B
Baileys Espresso Creme,5315.31,81.21617765716208,B
Madrigal Znfdl,5302.21,81.23217738544182,B
DeKuyper Razzmatazz,5293.76,81.24815161535314,B
Rex Goliath Cab Svgn,5293.26,81.26412433648527,B
Johnnie Walker Select Casks,5278.8,81.28005342372305,B
Cambria Julias Vyd Pnt Nr,5269.37,81.2959540553852,B
Sauza Gold Tequila,5263.83,81.31183796977386,B
Sterling Merlot,5236.139999999999,81.32763832797065,B
DeKuyper Watermelon Pucker,5229.18,81.34341768396104,B
ChocoVine,5223.84,81.35918092618962,B
Old Overholt,5221.36,81.37493668487339,B
Malibu Pineapple Rum,5220.4,81.39068954670108,B
Placido Pinot Grigio Venezi,5212.29,81.40641793613024,B
Perrin Cotes du Rhone RSV Rg,5209.26,81.42213718235747,B
Duckhorn Merlot Napa,5208.08,81.43785286786579,B
C Y Toro Casa Diblo Cab Svgn,5204.79,81.453558625607,B
Capt Morgan Parrot Bay Cocnt,5203.66,81.46926097350725,B
Speyburn Brandan Orach,5203.259999999999,81.48496211438412,B
Justin Isosceles Paso Roble,5199.349999999999,81.5006514566077,B
Franciscan Merlot Napa,5198.28,81.51633757004379,B
Veuve Clicquot Ponsardin Rs,5189.04,81.53199580124033,B
Absente 'Absinthe Refined',5188.56,81.54765258400884,B
C Krug Cab Svgn,5184.15,81.56329605934486,B
Three Olives Blueberry Vodka,5181.11,81.57893036130336,B
Tomaiolo Chianti Clsco Rsva,5179.68,81.59456034815335,B
Banfi Rosso di Montalcino,5173.3,81.61017108298083,B
Big House Red,5173.099999999999,81.62578121429661,B
Ch Grand Leoville 10 Brdx,5169.89,81.64138165924997,B
Groth Svgn Bl Napa Valley,5165.65,81.65696930975572,B
Casal Garcia Vinho Verde Wh,5153.55,81.67252044780497,B
Banshee Pnt Nr Sonoma Cnty,5145.139999999999,81.68804620818811,B
Cambria Katherines Chard,5141.16,81.70355995868887,B
Stranahan's Colorado Whiskey,5137.92,81.71906393230046,B
Sapling Vermont Maple Liquer,5137.28,81.73456597467464,B
Monkey 47 Dry Gin,5128.650000000001,81.75004197551992,B
David Bruce Pnt Nr Anderson,5128.29,81.76551689004418,B
El Jimador Reposado Tequila,5126.24,81.78098561857372,B
Spalletti Toscana Rosso Palz,5125.87,81.79645323060667,B
Tin Cup Whiskey,5123.969999999999,81.81191510927867,B
Los Cardos Malbec Mendoza,5121.59,81.82736980616171,B
Troublemaker Red,5119.79,81.84281907143964,B
Bailey's 50mL 4 Pack,5109.47,81.85823719551495,B
Stolichnaya Chocolat Kokonut,5108.28,81.87365172869579,B
99 Bananas,5106.65,81.88906134325646,B
Noble Vines 446 Chard Monter,5105.36,81.90446706516678,B
Pinnacle Blueberry Vodka,5096.9800000000005,81.9198474999378,B
Solerno Blood Orange Liqueur,5095.530000000001,81.93522355924915,B
Ocean Vodka,5084.38,81.95056597278443,B
Big House Cardinal Bst Znfdl,5080.82,81.96589764381184,B
Willamette Whole Clst Pnt Nr,5079.48,81.981225271311,B
Malibu Passion Fruit Rum,5077.53,81.99654701457129,B
Noble Vines 181 Merlot Lodi,5075.42,82.01186239078339,B
Penfolds Koonunga Hills Shir,5072.41,82.02716868414473,B
Mionetto Il Prosecco Spklg,5071.77,82.04247304626868,B
Sailor Jerry Spiced Rum Trav,5069.0199999999995,82.05776911010707,B
Trinchero Main St Cab Svgn,5052.38,82.07301496177381,B
Firesteed Pnt Gris Ore,5050.32,82.08825459727026,B
Dalwhinnie Distillers Edtion,5039.28,82.10346091892208,B
Capt Morgan Parrot Bay Coco,5037.9,82.11866307634332,B
Kendall Jackson Gr RSV Cab S,5035.03,82.13385657337197,B
Bunnahabhain 12 Yr Single,5027.04,82.14902596010909,B
Kahlua Especial,5026.95,82.16419507526592,B
Jim Beam Rye,5026.219999999999,82.17936198760513,B
Warre's Otima 10-Yr Tawny,5023.49,82.19452066200995,B
Duval-Leroy Champagne Brut,5022.429999999999,82.20967613780287,B
Crown Royal X R Extra Rare,5015.620000000001,82.22481106402314,B
The Macallan M Decanter,4999.99,82.23989882580575,B
Ch St Jean Merlot Cal,4990.63,82.2549583432418,B
Root 1 Cab Svgn,4989.82,82.27001541645556,B
High West Double Rye Whiskey,4983.570000000001,82.2850536299294,B
Wild Horse CC Merlot,4977.9,82.30007473384713,B
M Chiarlo 10 Chiarlo Rosso,4975.02,82.31508714719669,B
Barefoot Cellars Rsl,4966.31,82.33007327761267,B
Metcalfe's Vermont Maple,4961.7,82.34504549708446,B
Silverado Chard,4955.94,82.36000033541991,B
Chivas Regal 18-Yr Scotch,4949.37,82.37493534839675,B
Ruffino Chianti Clsc Rsv Gld,4948.59,82.38986800767802,B
H3 Horse Heaven Hills Merlot,4940.88,82.4047774015841,B
Zaya Grand Reserva Rum,4928.860000000001,82.41965052443831,B
E.H. Taylor Jr Small Batch,4918.77,82.43449320012834,B
Cold River Blueberry Vodka,4918.36,82.44933463861945,B
Warre's Late Bottled Vintage,4917.83,82.46417447780459,B
Latour Pouilly Fuisse,4909.78,82.47899002564469,B
Middle Sister Drama Queen Pi,4905.09,82.49379142113594,B
Talisker 18 Yr Old Scotch,4899.51,82.50857597865135,B
Jos Phelps Pnt Nr,4898.6,82.52335779018864,B
Cockburns Fine Ruby Port,4895.1,82.53812904027156,B
Barefoot Bubbly Moscato,4882.92,82.55286353649328,B
C Y Toro Frontera Chard,4875.63,82.56757603471428,B
Darkhorse Merlot,4873.9,82.58228331255928,B
Effen Cucumber Vodka,4867.98,82.59697272645862,B
Stoli Mini Bar 5/50mLs Pack,4865.91,82.61165589401209,B
Sutter Home Clsc Wh Znfdl,4863.88,82.626332935922,B
WhistlePig 10Yr Rye,4859.91,82.64099799812512,B
Cline Cool Climate Pnt Nr,4856.76,82.6556535550193,B
Irishman Founders RSV Whisky,4855.799999999999,82.67030621505741,B
Vendange Svgn Bl,4846.9,82.68493201882585,B
Ch St Jean Pnt Nr,4839.65,82.69953594529592,B
St Supery Svgn Bl Napa,4837.3099999999995,82.71413281067937,B
R M Woodbridge Rsl,4832.18,82.72871419598829,B
Ch St Sulpice,4831.97,82.74329494760993,B
Raeburn Chard RRV,4825.4,82.75785587387293,B
Salignac VS Cognac,4807.33,82.7723622728558,B
Beringer Classic Merlot,4805.61,82.78686348163825,B
C K Mondavi Merlot,4800.65,82.80134972333106,B
Firefly Apple Pie Moonshine,4796.8,82.81582434742408,B
WolfHound Irish Whiskey,4785.339999999999,82.83026439029793,B
Sho Chiku Bai Takara Sake,4785.02,82.84470346755309,B
Dolin Dry White Vermouth,4784.58,82.85914121708254,B
Drops of Jupiter Red,4778.02,82.87355917142895,B
Taylor Tawny Port,4778.02,82.88797712577536,B
C Y Toro Frontera Svgn Bl,4758.78,82.90233702229834,B
Pinnacle Pomegranate Vodka,4753.64,82.91668140857116,B
Glenrothes Vintage Rsv,4750.92,82.93101758708518,B
Hardys Shiraz Ausl,4747.63,82.94534383783207,B
Albola Pinot Grigio,4739.74,82.95964628004324,B
Lindemans Bin 45 Cab Svgn,4735.58,82.97393616921151,B
Sterling Vntrs Pnt Grigio,4735.26,82.98822509276111,B
Glenmorangie Nectar D'Or,4733.2699999999995,83.0025080113695,B
Primo Amore Moscato,4723.8,83.01676235369993,B
H3 Horse Heaven Hills Red Co,4718.07,83.03099940542077,B
Capt Morgan Tattoo Rum,4717.639999999999,83.0452351595915,B
Darkhorse Red,4706.11,83.05943612131396,B
Sogno di Sorrento Crema Lem,4686.41,83.07357763713613,B
Russian Standard Vodka,4685.67,83.08771691996509,B
A by Acacia Pnt Nr Cal,4677.89,83.10183272618976,B
Capt Morgan White Coconut,4676.81,83.11594527345135,B
Corazon de Agave Blanco,4673.13,83.13004671609806,B
Mirassou Chard Cntrl Coast,4665.33,83.14412462178932,B
Canadian Club Classic,4663.78,83.15819785026508,B
Appleton Est VX Jamaican Rum,4659.679999999999,83.17225870675142,B
Lairds Apple Jack,4658.83,83.18631699831313,B
Ravenswood Vntrs Blnd Merlot,4657.93,83.2003725740723,B
Jose Cuervo Strawberry Marg,4656.7,83.21442443823464,B
Caol Ila 12 Yr Islay Single,4646.22,83.22844467838505,B
Juan Gil Jumilla Rd,4644.68,83.24246027149552,B
Hochstadter's Slow and Low,4642.65,83.25646973896245,B
Bacardi Torched Cherry Rum,4642.53,83.2704788443224,B
Sutter Home Pink Moscato,4640.31,83.2844812507027,B
Burnetts Pineapple Vodka,4635.36,83.29846872016896,B
Stoli Salted Karamel,4630.429999999999,83.31244131307236,B
Balvenie 15 Yr Sherry Cask,4629.54,83.32641122034877,B
Beringer Fndrs Est Chard,4628.07,83.34037669181437,B
Markham Merlot,4620.99,83.35432079896654,B
Geyser Peak Cab Svgn,4619.69,83.36826098329281,B
Bully Hill Love My Goat Rd,4616.92,83.38219280898234,B
Laphroiag Select Single Malt,4609.16,83.39610121841874,B
Johnnie Walker Collection 4,4599.54,83.40998059894342,B
Usquaebach Old Rare Whisky,4599.54,83.42385997946809,B
Three Olives Chocolate Vodka,4592.17,83.43771712058742,B
Pusser's British Navy Rum,4587.45,83.45156001883115,B
Barone Fini Pnt Gr Valdadige,4585.84,83.46539805880586,B
Layer Cake Virgin Chard,4585.47,83.47923498228397,B
Cigar Box Malbec Mendoza,4562.62,83.49300295455284,B
Taylor Lake Country Red,4562.29,83.5067699310274,B
Choco Lat Liqueur,4560.85,83.52053256221792,B
Tommy Guns Vodka,4558.860000000001,83.53428918846723,B
99 Apples Schnapps Liqueur,4547.04,83.54801014717634,B
Schmitt Sohne QbA,4542.67,83.56171791915529,B
The Black Grouse Scotch,4531.0,83.57539047622781,B
Milagro Reposado Tequila,4526.469999999999,83.58904936376081,B
George Dickel Rye,4522.219999999999,83.60269542667064,B
Gallo Twin Valley Svgn Bl Ca,4515.4800000000005,83.6163211512369,B
Cazadores Reposado Tequila,4507.15,83.62992173954179,B
Capt Morgan White Pineapple,4504.4,83.64351402956108,B
Joseph Phelps Cab Svgn Napa,4499.25,83.65709077915466,B
Ch Pichon Longville 12 Pauil,4494.6900000000005,83.67065376868197,B
Aperol Liqueur,4493.45,83.68421301643687,B
Livingston Chablis Cal,4484.11,83.6977440801964,B
Sandeman Founders RSV Port,4483.01,83.71127182464171,B
The Glenlivet Nadurra 16 Yr,4480.38,83.72479163290843,B
Cesari Mara Vino di Ripasso,4473.37,83.73829028809084,B
Banfi Sangiovese CollePino,4464.46,83.75176205682799,B
Caymus Conundrum White,4457.7699999999995,83.76521363809948,B
Sheffield Cream Sherry,4455.54,83.77865849021575,B
Stags Leap Csk 23 Cab Svgn,4454.7300000000005,83.79210089810974,B
Vendange Wh Znfdl,4449.2300000000005,83.80552670943257,B
Glen Moray 12 Yr Scotch,4447.57,83.81894751160847,B
Bota Box Znfdl,4443.87,83.83235714881833,B
Bolla Pinot Grigio,4441.59,83.84575990599504,B
Salmon Run NY Rsl,4432.2300000000005,83.85913441882522,B
Martell VS Cognac,4424.07,83.87248430837892,B
Campo Viejo Tempranillo RSV,4413.81,83.8858032377835,B
Seagrams VO Canadian Whiskey,4413.24,83.89912044717983,B
Silverado Solo SLD Cab Svgn,4409.51,83.91242640108334,B
Oban Little Bay Single Malt,4409.3,83.92573172129958,B
Joel Gott Chard,4406.85,83.9390296484978,B
Knappogue Castle Irish Whsky,4402.7300000000005,83.9523151433554,B
Sokol Blosser Evolution Pnt,4402.64,83.96560036663277,B
Breca OV Garnacha Calatayud,4394.85,83.97886208313027,B
Gentleman's Collection Cab S,4392.86,83.99211779468656,B
Smirnoff Sorbet Pine/Coconut,4389.09,84.00536213004773,B
Cabo Wabo Anejo Tequila,4385.02,84.01859418394622,B
Talisker Storm Scotch,4376.3,84.03179992473555,B
Jadot Bourgogne Pinot Noir,4371.57,84.04499139247369,B
Dubonnet Rouge,4371.33,84.05818213599781,B
Josh Cellars Svgn Bl,4360.84,84.0713412253344,B
El Mayor Reposado Tequila,4356.36,84.0844867960094,B
Absinthe Ordinaire,4356.139999999999,84.09763170282154,B
Nikka Whisky Taketsuru 12 Yr,4355.36,84.11077425593815,B
Pinch 15-Yr by Haig & Haig,4354.79,84.12391508904648,B
Tanteo Jalapeno Tequila,4354.79,84.13705592215479,B
Bacio Divino 12 Pazzo,4354.0199999999995,84.15019443174316,B
Midnight Moon Strawberry,4350.82,84.16332328514467,B
Don Miguel Gascon Malbec Rsv,4348.71,84.17644577149798,B
Wild Turkey Russell's RSV,4346.509999999999,84.18956161922281,B
McManis Cab Svgn Cal,4341.05,84.20266099107884,B
Canadian Mist Traveler,4336.05,84.21574527514291,B
Smoking Loon Svgn Bl Cal,4329.26,84.2288090699855,B
Banfi Principessa Gavia Gav,4328.93,84.24187186903382,B
El Mayor Anejo Tequila,4328.820000000001,84.25493433615071,B
R Mondavi Privt Slct Chard,4326.61,84.26799013446356,B
Glendalough Double Barrel,4319.509999999999,84.28102450811183,B
Gr Marnier Cordon Rouge VAP,4317.49,84.29405278629214,B
Stemmari Nero D'Avola,4317.16,84.30708006867819,B
Ghost Pines Chard L Martini,4315.46,84.32010222121497,B
Barefoot Sweet Red,4309.4400000000005,84.33310620805024,B
Cuervo Watermelon Margaritas,4298.96,84.34607857087354,B
Kahlua w/50mL Absolut+Glass,4296.83,84.3590445062975,B
Jesse James America's Outlaw,4294.93,84.37200470836049,B
Dom Carneros Brut,4291.15,84.38495350405277,B
Grind Espresso Shot,4288.71,84.39789493690257,B
Line 39 Svgn Bl Lake County,4285.71,84.4108273170772,B
TGI Fridays Ultimte Mudslide,4273.71,84.42372348655114,B
Gandia Hoya de Cadenas RSV,4270.25,84.43660921527304,B
Patron Roca Silver Tequila,4269.389999999999,84.44949234889472,B
Petrone Limoncello,4253.86,84.46232861983457,B
Bogle Russian River Pnt Nr,4249.78,84.47515257913619,B
Don Julio Reposado Tequila,4249.18,84.48797472790277,B
Perrier Jouet Blason Rose,4249.15,84.5007967861426,B
Livingston Cellars Red Rose,4244.46,84.51360469203357,B
Glen Moray Classic Scotch,4243.889999999999,84.52641087791626,B
Peter Vella Sangria B/B,4242.17,84.53921187359853,B
Angel's Envy Rye,4239.47,84.55200472187313,B
Black Box Malbec,4238.04,84.56479325503923,B
Jadot Ch d Jacques Morgon 11,4234.74,84.57757183026263,B
Beaulieu Cab Svgn Napa,4227.36,84.5903281359051,B
Falesco Vitiano Umbria,4224.97,84.60307722958302,B
Patron Citronge Orange,4222.93,84.61582016744183,B
Cavit Moscato,4222.04,84.62856041967366,B
Jose Cuervo Tradicional Slvr,4217.889999999999,84.64128814903816,B
Hardys Cab Svgn Ausl,4217.02,84.65401325312686,B
Balletto Vyds Pnt Gris,4208.49,84.6667126174425,B
Russian Standard Platinum,4208.26,84.6794112877197,B
Belcreme de Lys Chard,4208.1,84.69210947518755,B
Blue Chair Bay Coconut Rum,4203.92,84.70479504926134,B
Santa Rita RSV Svgn Bl,4202.81,84.7174772738453,B
Ruffino Chianti Superiore,4199.83,84.73015050610525,B
Zabrin de Fuego Garnacha,4198.33,84.74281921202761,B
Sterling Svgn Bl,4197.01,84.7554839347729,B
Seaglass Pnt Nr,4195.8,84.76814500627255,B
Miraval Cotes de Prvnce Rose,4189.92,84.78078833452885,B
Santa Margherita Prosecco V,4189.4,84.79343009365476,B
King Est Pnt Gris Ore,4187.54,84.80606624012209,B
Vendange Cab Svgn,4183.11,84.81868901880574,B
Sensi 18K Prosecco,4177.91,84.83129610618575,B
Bonterra Svgn Bl Organic,4172.52,84.84388692892603,B
Bird Dog Peach Whiskey,4152.2300000000005,84.85641652540654,B
The Macallan Rare Cask,4149.860000000001,84.86893897027366,B
Kahlua Midnight,4145.95,84.88144961648747,B
The Naked Grape Pnt Grigio,4144.54,84.89395600794396,B
Chauffe-Coeur Calvados VSOP,4144.08,84.90646101132356,B
Skinnygirl Cosmopolitan,4143.2300000000005,84.91896344977856,B
DUKE Kentucky Bourbon,4134.88,84.93144069162098,B
Nozzole Chianti Clsc RSV,4128.7699999999995,84.94389949618161,B
Ronrico Silver Traveler,4127.0,84.95635295966392,B
C Y Toro Frontera Merlot,4125.46,84.96880177610629,B
LaBelle Winery Cranberry,4125.42,84.98125047184632,B
Roederer Est Brut,4119.3099999999995,84.99368073030458,B
Franzia Chianti Tap,4115.33,85.00609897888044,B
Grand MacNish 12 Yr Old,4112.13,85.01850757126944,B
Frei Bros RSV Mendcno Merlot,4111.58,85.03091450400133,B
Brady's Irish Cream,4111.58,85.04332143673322,B
Prairie Organic Cucumber Vod,4109.5,85.05572209294365,B
Gnarly Head 1924 Double Blac,4105.89,85.06811185576831,B
Septima Malbec Mendoza,4104.89,85.08049860103456,B
Predator Old Vine Znfdl Lodi,4101.42,85.0928748753732,B
Jason Stephens Syrah,4099.07,85.10524405844961,B
Irony Cab Svgn,4097.85,85.1176095601048,B
Taylor Cream Sherry,4097.54,85.12997412631687,B
Cruzan Blueberry Lemonade,4095.94,85.14233386443551,B
Piper Heidsieck Brut,4094.09,85.15468802007115,B
Ca'Momi Cab Svgn Napa,4094.04,85.16704202482885,B
Irony Pnt Nr Monterey,4093.85,85.17939545625046,B
Rex Goliath Chard,4089.23,85.1917349465523,B
Ghost Pines Merlot L Martini,4083.7299999999996,85.20405784028299,B
Sutter Home Pnt Grigio Cal,4083.3,85.21637943646357,B
Patron Roca Anejo Tequila,4079.52,85.22868962627342,B
Midnight Moon,4077.9599999999996,85.2409951086922,B
Platte Valley KY Moonshine,4077.5999999999995,85.25329950478994,B
Rodney Strong Chalk Hill Cha,4070.8599999999997,85.26558356254412,B
Shady Fruit Real Ruby Red Gr,4070.4700000000003,85.27786644345053,B
R Mondavi Chard Napa,4065.74,85.29013505130575,B
Verrazzano Chianti Clsc,4065.74,85.30240365916096,B
Mumm Napa Bl de Blanc,4062.29,85.31466185643973,B
The Crossings Svgn Bl Marlbo,4061.9,85.32691887687072,B
Les Darons Lang J Carrel Rou,4061.04,85.3391733022015,B
Sean Minor Cab Svgn,4057.97,85.35141846362802,B
I Lauri Bajo Montepul d'Abru,4054.49,85.36365312395132,B
Mumm Cordon Rouge Brut,4049.04,85.3758713385814,B
Girls in the Vineyard Cab S,4046.87,85.38808300510978,B
Benedictine Liqueur Dom,4046.3999999999996,85.4002932533857,B
R Mondavi Pvt Sel Svgn Bl,4044.52,85.41249782865185,B
Montelobos Mezcal,4031.9100000000003,85.42466435250668,B
Canadian Rich & Rare,4030.81,85.43682755704728,B
Ravenswood Vntnrs Blnd Chard,4026.41,85.44897748433095,B
Herradura Anejo Tequila,4024.2000000000003,85.46112074281058,B
R M Woodbridge Wh Znfdl Cal,4020.84,85.47325386229402,B
Midleton Rare Irish Whiskey,4014.7400000000002,85.48536857467126,B
Ruffino Prosecco Sparkling,4014.03,85.49748114458205,B
Kahlua Original Mudslide RTD,4009.74,85.50958076916734,B
Burnetts Peach Vodka,4005.9900000000002,85.52166907790865,B
Spellbound Chard,4005.11,85.53375473119858,B
Ranga Ranga Svgn Bl,4002.71,85.54583314234839,B
Dolin Sweet Red Vermouth,4001.14,85.5579068159315,B
Christian Bros VS Brandy,3986.65,85.56993676509353,B
Ravenswood Zen of Zin Znfdl,3978.38,85.58194175904765,B
Peter Vella Merlot Calif B/B,3975.66,85.59393854524295,B
Hudson Manhattan Rye,3974.19,85.60593089562742,B
Skyy Infusions Blood Orange,3969.33,85.6179085806781,B
Pearl Cucumber Vodka,3964.67,85.62987220390669,B
Drambuie Liqueur,3961.9500000000003,85.64182761937644,B
Ninety+Cellars Lot 42 Pnt Gr,3960.32,85.65377811622601,B
High Valley Svgn Bl 13 Lake,3959.17,85.66572514288345,B
Carpineto Vino Nobile RSV d,3958.68,85.67767069093726,B
Vivanco Rioja Rsva 08,3958.6699999999996,85.6896162088155,B
Terroirs du Rhone,3955.6,85.70155246278945,B
Cavicchioli Prosecco,3952.64,85.71347978479058,B
Layer Cake Primitivo Puglia,3949.53,85.72539772218512,B
Vincent Van Gogh Double Esp,3948.4199999999996,85.73731231008985,B
Ninety+Cellars Lot 113 B Red,3947.64,85.74922454429901,B
Pinnacle Tropical Punch Vdka,3945.4700000000003,85.76113023040645,B
Bowmore 12-Yr Scotch,3944.19,85.77303205403918,B
Patron XO Cafe Variety 3 Pak,3942.36,85.78492835554003,B
Yellow Tail Pnt Nr,3937.11,85.79680881485933,B
Sauza Tres Generacions Anejo,3926.11,85.80865608103633,B
Rebel Yell Small Batch Rye,3919.12,85.82048225448018,B
Flor de Cana Gran Rsv Rum,3918.0499999999997,85.83230519913654,B
Mirassou Cab Svgn Cal,3916.08,85.84412219920287,B
Muga Rioja RSV,3914.14,85.85593334520591,B
Lexington Bourbon,3910.58,85.86773374870108,B
Bushmills Irish Honey,3902.06,85.87950844259875,B
Ruta 22 Malbec,3900.18,85.89127746348666,B
R Mondavi Merlot Napa,3898.0499999999997,85.90304005697519,B
Midnight Moon Blueberry,3898.0499999999997,85.91480265046371,B
TGI Fridays Long Island Iced,3897.0,85.92656207551593,B
Kahlua White Russian RTD,3889.8099999999995,85.93829980432331,B
Bridlewood Pnt Nr Monterey C,3886.11,85.95002636816463,B
Bella Sera Pnt Grigio Del,3881.02,85.96173757263375,B
Insurrection Cab/Shiraz,3879.4700000000003,85.97344409988736,B
DeKuyper Wh Cr de Menthe,3874.69,85.98513620321185,B
Cavit Riesling Trentino,3871.14,85.99681759420406,B
DK Burst Blustery Peppermint,3869.91,86.00849527359945,B
Frogs Leap Cab Svgn Napa,3868.27,86.02016800419908,B
Vendange Merlot,3863.61,86.03182667297659,B
Highland Park 15 Yr Old,3859.52,86.04347299994029,B
Salmon Run NY Pnt Nr,3856.51,86.05511024405324,B
Mouton Cadet White Brdx,3853.53,86.06673849584216,B
La Posta Angel Plucci Malbec,3852.43,86.07836342831686,B
Chi Chi's Skinny Margarita,3851.65,86.08998600709602,B
Galliano L'Autentico Liqueur,3846.52,86.10159310580062,B
HandCraft Artisan Coll Cab S,3846.15,86.11319908800861,B
Ch Ste Michelle Rsl Dry Colu,3839.59,86.12478527503356,B
Tuaca Italian Liqueur,3838.12,86.13636702624768,B
Ridge Three Valleys Sonoma,3829.47,86.14792267558171,B
Castello Chianti Classico,3821.7599999999998,86.15945505954055,B
Barefoot Cellars Red Moscato,3815.85,86.17096960972928,B
Bota Box Pnt Nr,3814.2,86.18247918094667,B
Manifesto! Chard No Cst,3811.76,86.19398138932158,B
Grahams Six Grapes,3802.2299999999996,86.20545484036502,B
El Charro Silver Tequila,3800.39,86.21692273910104,B
Dr McGillicuddy's Peach,3800.34,86.2283904869591,B
Ole Smoky Apple Pie Moonshne,3795.9999999999995,86.23984513861377,B
Duck Pond Willamette Pnt Nr,3791.77,86.25128702599642,B
La Crema Chardonnay Monterey,3789.85,86.26272311966699,B
Cold River Gin,3772.74,86.27410758291344,B
Melini Chianti DOCG Riserva,3769.87,86.28548338576735,B
Gekkeikan Black & Gold Sake,3741.12,86.29677243381747,B
Rosenblum RSV Znfdl Monte Rs,3738.2999999999997,86.30805297235294,B
Ravenswood Znfdl Sonoma,3737.7999999999997,86.3193320021092,B
Belvedere UF Intense Vodka,3736.71,86.33060774272683,B
Gabbiano Chianti Clsc,3736.26,86.34188212544318,B
J Roget Spumante,3731.77,86.35314295932234,B
Gazdina Rakija Plum Brandy,3729.18,86.36439597772527,B
Andre Pink,3727.25,86.3756431722405,B
Moet & Chandon Nectar Imper,3725.19,86.38688415058546,B
Yellow Tail Big Bold Red,3722.07,86.39811571414823,B
Metaxa Amphora,3720.5499999999997,86.40934269102225,B
Ardbeg Corryvreckan Scotch,3719.5,86.42056649945994,B
Mirafiore Barolo,3714.98,86.43177666853371,B
Balvenie Portwood 21 Yr Sin,3714.83,86.44298638497372,B
Tanqueray Bloomsbury,3710.72,86.45418369924873,B
Marcus James Chard,3708.79,86.46537518963605,B
Grand Mayan Ultra Aged Teq,3699.63,86.47653903918851,B
Mount Veeder Cab Svgn,3698.86,86.487700565221,B
Terra d'Oro Deaver Vyd Znfdl,3698.1499999999996,86.49885994878704,B
Stags Leap Chard Napa,3697.85,86.51001842708557,B
Paul Masson Rose,3697.28,86.52117518537581,B
Gallo Twin Valley Chard Cal,3696.3,86.53232898645882,B
Nobilo Icon Svgn Bl Marlboro,3695.38,86.54348001138811,B
Tohu Svgn Bl Marlboro,3687.61,86.5546075898887,B
Veuve Clicquot Gold Label,3686.4599999999996,86.56573169819714,B
Robert Sinskey Pnt Nr Carner,3680.96,86.57683920993443,B
Zeller Schwarze Rsl Valcknbg,3676.32,86.58793272020078,B
Clos du Bois Pnt Grigio Cal,3671.93,86.59901298338579,B
Tomatin 12 Yr Old Scotch,3667.73,86.61008057282555,B
Pinnacle CranApple Vodka,3658.58,86.62112055160604,B
Pinnacle Pineapple Vodka,3656.09,86.63215301666611,B
Faust Cab Svgn Napa Valley,3649.27,86.64316490197797,B
Cade Cab Svgn Napa Cuvee,3647.36,86.65417102375329,B
Bota Box Svgn Bl,3646.2599999999998,86.66517382621439,B
Casa Silva Carmenere,3645.7200000000003,86.67617499919396,B
Sutter Home Clsc Cab Svgn,3641.92,86.68716470545164,B
Oyster Bay Chard Marlboro,3641.17,86.69815214854053,B
Oh Schist Rsl,3640.9700000000003,86.70913898811773,B
Rutherford Ranch Cab Svgn,3638.18,86.72011740870703,B
Barefoot Bubbly Brut Cuvee,3636.36,86.73109033734004,B
Pacific Rim Rsl,3631.38,86.74204823853226,B
Tiefenbrunner Pnt Grigio,3627.23,86.75299361685717,B
Il Tramonto Limoncello,3622.08,86.76392345475634,B
Riunite Moscato,3621.58,86.77485178387633,B
Calico Jack Mango Rum,3620.19,86.78577591859016,B
Sapling Maple Bourbon,3619.09,86.79669673398975,B
R Mondavi Fume Bl Napa Vly,3618.87,86.8076168855265,B
Laphroaig Triple Wood,3617.5299999999997,86.81853299353502,B
Estancia Pnt Grigio Cal,3610.44,86.82942770705453,B
Gallo Fairbanks Red Port,3609.37,86.84031919178656,B
The Wolftrap Syrah Vio Mourv,3609.01,86.85120959019757,B
Paraduxx Red Duckhorn Napa,3607.95,86.86209678999668,B
Steele Pnt Nr,3601.89,86.87296570339194,B
Pyrat XO Reserve Rum,3600.01,86.88382894377743,B
The Macallan Edition No 1,3599.64,86.8946910676663,B
Grande Absente Absinthe,3599.36,86.90555234663884,B
Avion Anejo Tequila,3599.34,86.9164135652602,B
Midnight Moon Blackberry,3598.2,86.92727134386499,B
Wente Southern Hill Cab Svgn,3597.72,86.93812767404175,B
Vermont Ice Maple Creme,3585.5299999999997,86.94894722018172,B
Chartron La Fleur Brdx Whit,3584.48,86.95976359788538,B
Barefoot Wh Znfdl Cal,3582.14,86.97057291450243,B
M & R Prosecco Frizzante,3579.48,86.98137420441412,B
Paul Masson Gr Amber Brandy,3578.02,86.99217108869057,B
Sebastiani Chard Sonoma,3572.25,87.0029505616551,B
Ca'Momi Merlot Napa Valley,3566.43,87.01371247242979,B
Acrobat Pnt Nr Ore,3561.1299999999997,87.024458390145,B
Chloe Pnt Nr,3559.77,87.0352002039808,B
Noilly Prat Extra Dry Vermou,3556.44,87.04593196934717,B
Frei Bros RSV Pnt Nr RRV,3550.3799999999997,87.05664544830967,B
Cluny Scotch Whiskey,3544.0,87.06733967524963,B
Tribuno Dry Vermouth,3542.06,87.07802804812633,B
Benton Lane Pnt Nr Ore,3541.64,87.08871515362848,B
Martin Codax Albarino,3539.4700000000003,87.09939571102893,B
Blackstone Cab Svgn Cal,3535.57,87.11006449995166,B
St Hilaire Blanc de Blancs,3535.0499999999997,87.12073171974403,B
Velvet Crush Red Blend,3532.4900000000002,87.1313912145869,B
Tracia Malbec,3531.53,87.14204781257374,B
Kahlua French Vanilla,3529.2699999999995,87.15269759087857,B
Baja Rosa Strawberry Liqueur,3526.4700000000003,87.16333892001994,B
Chocolate Shop Red,3525.06,87.17397599440396,B
Sandeman Tawny Port,3525.06,87.184613068788,B
Monte Faliesi Falanghina,3524.08,87.1952471859648,B
Colombo Marsala Sweet,3523.4700000000003,87.20587946243099,B
Jadot Chardonnay,3515.66,87.21648817176613,B
Bauers Obstler Echt,3505.6099999999997,87.22706655463944,B
Jenkins Melon Liqueur,3505.5,87.23764460558132,B
Black Stallion Cab Svgn Napa,3502.54,87.24821372455037,B
Far Niente Chard Napa,3499.5,87.2587736701419,B
Sweet Baby Vyds Blueberry,3494.31,87.2693179546054,B
La Maialina Gertrude Red,3493.55,87.2798599457245,B
HandCraft Artisan Coll Pnt N,3486.51,87.29038069323254,B
Bacardi Coco Rum,3477.29,87.30087361885221,B
Pinnacle Caramel Apple Vodka,3475.54,87.31136126374467,B
Belaire Sparkling Rose,3473.81,87.32184368826113,B
Cusumano Nero D'Avola Sicily,3472.84,87.33232318574593,B
W Hill Est Merlot Cntrl Cst,3468.33,87.34278907404241,B
Fortant Chard,3467.66,87.35325294057476,B
Kunde Chard Sonoma Valley,3466.69,87.36371388007548,B
Erath Pnt Nr Estate OR,3465.6099999999997,87.37417156061312,B
Yellow Tail Pink Moscato,3465.19,87.38462797377625,B
Bacardi 8,3461.5699999999997,87.395073463378,B
Oyster Bay Pnt Nr Marlboro,3460.82,87.40551668981095,B
Courvoisier 12 Yr Cognac,3460.26,87.41595822641119,B
Ch Carignan Brdx,3458.43,87.42639424087959,B
Stonehedge Amador 12 Znfdl,3456.54,87.43682455216263,B
Glenmorangie Collection 4 Pk,3454.92,87.44724997500107,B
Corbett Canyon Wh Znfdl,3454.2200000000003,87.45767328554864,B
A by Acacia Chard Cal,3452.57,87.46809161712486,B
La Belle Orange Liqueur,3448.97,87.47849908549085,B
F Coppola Rosso Bianco Pnt G,3445.01,87.48889460432564,B
Noble Vines 1 Red Blend,3444.11,87.49928740735785,B
Kinky Pink Liqueur,3443.69,87.50967894301557,B
Duckhorn Decoy Svgn Bl,3442.29,87.52006625409152,B
Bakers Bourbon,3439.1400000000003,87.53044405985855,B
Deadbolt Red,3438.48,87.54081987403703,B
Malibu Light Bl Hawaiian RTD,3438.2599999999998,87.55119502435267,B
Menage a Trois White,3435.78,87.5615626911235,B
Ardbeg Uigeadail Scotch,3435.56,87.57192969403147,B
Cabot Trail Cana Cream Maple,3434.2599999999998,87.58229277411354,B
Blue Chair Bay Banana Rum,3432.5,87.59265054329283,B
Treana Red Calif,3426.6499999999996,87.60299065975555,B
Gallo Sweet Vermouth,3425.76,87.6133280905913,B
Barefoot Svgn Bl Cal,3424.45,87.62366156842553,B
Grgich Hills Chard Napa,3421.2400000000002,87.63398535989734,B
Mount Gay Black Barrel Rum,3416.85,87.64429590428782,B
Ninety+Cellars Lot 53 Cab Sv,3413.79,87.6545972149496,B
Old Mexico Gold Tequila,3412.98,87.6648960813891,B
Campo Viejo Tempranillo,3412.7400000000002,87.67519422361457,B
Metaxa Ouzo,3412.18,87.68549067600736,B
Angelini Pnt Nr Veneto,3406.59,87.69577026024874,B
Russian Standard Original,3402.21,87.70603662758435,B
Corbett Canyon Merlot,3398.25,87.71629104538874,B
Bodegas Izadi Tempranillo Rd,3396.89,87.72654135931371,B
Alamos Ridge Cab Svgn Mendza,3396.6,87.73679079814676,B
Citra Pnt Grigio,3395.91,87.7470381548645,B
BV Beaurouge Red,3387.74,87.7572608581302,B
Menage a Trois Cab Svgn,3385.16,87.76747577609522,B
Sandeman Fine Rich Madeira,3382.87,87.77768378385156,B
Movendo Moscato,3366.92,87.78784366155153,B
Mount Gay Extra Old Rum,3359.1600000000003,87.79798012299838,B
Mer Soleil Silver Chard,3358.3199999999997,87.8081140496962,B
Plantation Original Dark Rum,3357.76,87.81824628656132,B
Greg Norman Limestone Shiraz,3356.63,87.82837511358544,B
Carlo Rossi Spanada Sangria,3355.2,87.83849962550107,B
Wente Riva Ranch Chard,3353.43,87.84861879633833,B
Tommasi Valpo Clsc Supr Rafl,3352.92,87.85873642822082,B
Savory & James Deluxe Cream,3344.2,87.86882774699414,B
Pampero Ron Anejo Aniversari,3342.4799999999996,87.87891387556704,B
Hirsch Selection Bourbon,3334.1400000000003,87.88897483770293,B
Merry Wh Chocolate Liqueur,3332.75,87.89903160543267,B
Dr McGillicuddy's Vanilla,3332.59,87.90908789035305,B
James E Pepper 1776 Rye,3331.89,87.91914206298257,B
Nathanson Creek Merlot,3326.48,87.92917991062119,B
De Loach Pnt Nr,3306.69,87.93915804077925,B
Barefoot Bubbly Prosecco,3306.69,87.9491361709373,B
Lyeth Estate Meritage N Cst,3299.94,87.95909393257621,B
Soli White Blend,3291.88,87.96902737269447,B
Benziger Svgn Bl N Cst,3283.38,87.9789351635664,B
Ch Ste Michelle Gewurz Colum,3268.59,87.98879832474972,B
La Vieille Ferme Rose Vntoux,3262.12,87.99864196233025,B
Rioja Bordon Rsva Tempranllo,3258.83,88.00847567214369,B
Borsao Campo de Borja Red,3257.39,88.01830503667303,B
Absolut Berri Acai,3256.1899999999996,88.0281307801323,B
Sheep Dip Scotch,3254.07,88.03795012636778,B
Concannon Select Vyds Pnt Nr,3251.93,88.0477630150283,B
Avalon Cab Svgn Cal,3249.08,88.0575673036474,B
C Y Toro Gran Reserva Cab Sv,3245.68,88.06736133256797,B
Castellare Chianti Clsc,3243.46,88.07714866250892,B
Perrier Jouet BE Luxury Case,3241.71,88.08693071172267,B
Foley Johnson Cab Svgn,3241.5899999999997,88.09671239882942,B
Rosemount Diamond Cab Svgn,3240.73,88.10649149083596,B
Ch Lynch Bages 12 Pauillac,3239.7300000000005,88.11626756528412,B
Vina Zaco Tempranillo Rioja,3237.3,88.12603630706536,B
Bota Box Merlot Cal,3234.4399999999996,88.13579641862962,B
Old Forester 100 Bourbon,3231.54,88.14554777927454,B
Gnarly Head Cab Svgn Cal,3226.19,88.15528299598205,B
E&J Peach Brandy,3224.7,88.16501371652757,B
Napa Cellars Cab Svgn Napa,3214.66,88.17471414078683,B
Bacardi Party Drinks Bahama,3213.9900000000002,88.18441254328198,B
Catena RSV Cab Svgn,3211.1099999999997,88.19410225520895,B
Newton Chard Napa/Sonoma,3211.1099999999997,88.20379196713593,B
Dewars Special Reserve 12 Yr,3208.93,88.2134751007856,B
Polka Dot Rsl Pfalz,3208.41,88.22315666530491,B
Barefoot Refresh Crisp White,3204.65,88.23282688380468,B
La Puerta La Rioja Malbec,3200.44,88.24248439838361,B
Korbel Sweet Rose,3199.86,88.25214016277869,B
Bruichladdich Scotish Barley,3199.36,88.26179441839456,B
Ca'Montini Pinot Grigio Tre,3198.87,88.27144719540682,B
Seghesio Old Vine Znfdl,3198.1800000000003,88.2810978903038,B
Danzante Del Vnzi Pnt Grigio,3198.09,88.2907483136205,B
Gallo Copperidge Chard Cal,3196.1099999999997,88.3003927621716,B
Jackson Morgan Salted Carmel,3195.6099999999997,88.3100357019435,B
X Rated Fusion Liqueur,3186.3199999999997,88.31965060859795,B
Sweet Revenge,3184.37,88.32925963101353,B
Art In The Age Snap,3178.94,88.33885226808705,B
Midnight Moon Moonshine,3178.41,88.34844330585463,B
Gruet Brut New Mexico,3177.1299999999997,88.35803048114745,B
Plomari Ouzo,3174.24,88.36760893569652,B
Souverain Chard N Cst,3166.77,88.37716484908441,B
Three Olives Strawberry,3165.36,88.38671650771495,B
The Other Red,3165.36,88.39626816634552,B
Slingshot Cab Svgn,3163.1299999999997,88.40581309582086,B
M Chiarlo Barberesco Anni 09,3162.87,88.41535724073101,B
Devils Spring Vodka,3161.87,88.4248983680828,B
Bartenura Moscato,3161.7400000000002,88.43443910315197,B
Kahlua Mocha,3161.45,88.44397896312921,B
Perrier Jouet Belle Epoque,3158.73,88.45351061534764,B
KAH Reposado Tequila,3154.4700000000003,88.4630294127673,B
Tyrconnell Irish Whiskey,3153.95,88.47254664105661,B
Red Rock Winery Malbec,3152.52,88.48205955423741,B
Jack Daniels Sinatra Century,3149.9300000000003,88.49156465194199,B
Karner Blue Gin,3148.95,88.50106679243935,B
Gnarly Head Authentic Black,3148.38,88.51056721292841,B
Krug Grande Cuvee Brut,3145.78,88.52005978776566,B
Marques de Caceres Blanco Wh,3143.55,88.5295456334477,B
Zardetto Prosecco Conegliano,3138.82,88.53901720607854,B
Cannonball Chard,3137.76,88.54848558009749,B
Peter Vella Chablis B/B,3132.91,88.55793931895823,B
Rex Goliath Merlot,3128.8,88.567380655654,B
Great Western X Dry,3126.87,88.57681616846207,B
Old Grand Dad Bonded,3124.4599999999996,88.5862444089544,B
Loft Cab Svgn,3120.6099999999997,88.59566103184694,B
Middle Sister Rebel Red,3116.88,88.60506639924667,B
Sterling Chard,3112.3399999999997,88.6144580669313,B
Tommasi Poggio Al Tufo Rompi,3110.06,88.62384285458279,B
Maso Canali Pinot Grigio Tr,3094.2799999999997,88.63318002516287,B
Bib & Tucker Bourbon,3079.45,88.642472445352,B
David Bruce Pnt Nr RRV,3079.23,88.65176420167829,B
Franciscan Magnificat Red,3075.28,88.66104403864892,B
Bushmills 10 Yr Irish Whisky,3074.25,88.67032076753443,B
Pernod Anise Liqueur,3071.1400000000003,88.67958811181332,B
Seagrams VO Gold,3070.08,88.68885225748032,B
Duckhorn Decoy Znfdl Napa Vl,3069.56,88.69811483401696,B
Dom Vacheron Sancerre Blanc,3068.96,88.70737560001857,B
Ch Palmer Margaux 09 Medoc,3059.91,88.71660905711673,B
Lagavulin Distillers Edition,3059.66,88.72584175982529,B
Dynamite Cab Svgn N Cst,3055.47,88.73506181896418,B
Evan Williams Single Barrel,3050.91,88.74426811803681,B
M Chiarlo Barbera D'Asti,3038.25,88.75343621482021,B
Piper Sonoma Brut,3037.0,88.76260053965562,B
Clos du Bois Svgn Bl N Cst,3035.42,88.77176009674878,B
Kendall Jackson Vntrs Rsl Rs,3033.42,88.78091361872514,B
Metcalfe's Maple Liqueur,3029.6299999999997,88.79005570415521,B
1800 Anejo Tequila,3023.28,88.79917862808946,B
St Francis Merlot,3023.2599999999998,88.80830149167258,B
Shady Fruit Valencia Orange,3021.89,88.81742022120069,B
A to Z Ore Chard,3018.84,88.82652974717571,B
Noble Vines 242 Svgn Bl,3017.26,88.83563450540846,B
Kinky Gold Liqueur,3014.24,88.84473015061488,B
Patron Citronge Lime Liqueur,3006.66,88.85380292272869,B
Ch Ste Michelle Pnt Gris Was,3003.32,88.86286561619747,B
Remy Martin Louis XIII,2999.99,88.87191826119678,B
Bowmore Mizurana,2999.97,88.88097084584494,B
Rebel Yell Variety Pack,2999.4,88.89002171048482,B
Five Rivers Pnt Nr,2997.51,88.89906687193935,B
Cragganmore 12-Yr Sngle Malt,2993.4900000000002,88.90809990280913,B
14 Hands Chard Wash,2993.04,88.91713157577763,B
MacMurray Ranch Chard Sonoma,2990.13,88.92615446765122,B
Middle Sister Mischief Maker,2987.01,88.93516794474263,B
Hopler Gruner Veltliner,2986.91,88.9441811200782,B
Antigal Uno Malbec Mendoza,2986.12,88.95319191154265,B
Viniq Ruby Shimmery Liqueur,2981.43,88.96218855065823,B
Trivento Select Mendz Malbec,2979.04,88.97117797780926,B
Forbidden Secret Dark Mocha,2978.54,88.98016589618109,B
Little Penguin Chard Ausl,2973.86,88.98913969237964,B
A by Acacia Unoaked Chard Ca,2971.05,88.99810500923913,B
Bowman's Vodka,2970.27,89.00706797240305,B
O'Shaugnessey Cab Svgn Howel,2969.67,89.01602912503196,B
Art In The Age Root Liqueur,2969.0099999999998,89.02498828607231,B
Cazadores Blanco Tequila,2968.47,89.03394581763115,B
Grgich Hills Cab Svgn Napa,2964.53,89.04289146000991,B
Casa Noble Blanco Crystal,2964.25,89.05183625747233,B
Caparzo Brnllo di Montalcino,2963.2200000000003,89.06077794684958,B
James E Pepper Bourbon,2960.13,89.06971031197143,B
Ridge Lytton Spring Znfdl,2959.2,89.07863987076396,B
Red Diamond Cab Svgn Wash,2959.14,89.087569248503,B
Sortilege Liqueur,2958.52,89.09649675535583,B
Red Guitar Sangria,2958.19,89.10542326641439,B
Cardhu Scotch,2955.32,89.11434111708037,B
Appleton Estate Reserve Rum,2944.7999999999997,89.12322722303207,B
Bogle Svgn Bl Cal,2943.32,89.13210886299736,B
The Glendronach 12 Yr Scotch,2937.4900000000002,89.1409729105972,B
Death's Door Gin,2936.87,89.14983508731086,B
Tullamore Dew 12 Yr Old,2934.36,89.15868968995294,B
Bella Sera Pinot Noir Delle,2929.95,89.16753098516253,B
Flip Flop Pnt Grigio,2929.1800000000003,89.17636995685214,B
Bonterra Mendocino Org Znfdl,2923.91,89.18519302600903,B
Capt Morgan White Grapefruit,2918.2,89.19399886490751,B
JP Wiser's Rye,2912.64,89.20278792618134,B
Zaccagnini Pnt Grigio,2912.43,89.2115763537679,B
Fat Bastard Chard,2912.35,89.2203645399498,B
Ch de Sancerre Sancerre,2909.0299999999997,89.22914270783782,B
Patron XO Cafe Dark Cocoa,2902.91,89.2379024082685,B
Penfolds Koonunga Hil Shiraz,2901.58,89.2466580953465,B
Auchentoshan American Oak,2900.2200000000003,89.25540967854509,B
Belle Glos Alturas Pnt Nr,2899.42,89.26415884769699,B
Grayson Cellars Pnt Nr Cntrl,2899.13,89.27290714175693,B
Havens Cab Svgn 11,2896.39,89.2816471677069,B
Taylor Nys Cream Sherry,2895.93,89.29038580557999,B
The Dreaming Tree Pnt Nr CA,2895.01,89.29912166729937,B
Mark West Pnt Nr RRV,2892.2999999999997,89.30784935143551,B
Campo Viejo Gran RSV Rioja,2891.39,89.3165742895935,B
Farnum Hill Semi-Dry Cider,2889.59,89.32529379614641,B
Rob Stuart Big Fire Pnt Gris,2888.2999999999997,89.33400941004898,B
Ferrari-Carano Cab Svgn Alex,2886.2400000000002,89.34271880778125,B
BR Cohn Silver Cab Svgn Snm,2884.79,89.35142383005386,B
Kenwood Svgn Bl Sonoma,2884.76,89.36012876179974,B
Red Truck Cal,2884.41,89.36883263740016,B
Dark Horse Pnt Nr,2884.39,89.37753645264942,B
Cockburns Special RSV,2883.78,89.38623842718808,B
Smugglers Notch Vodka,2882.97,89.39493795750441,B
Veuve Clicquot Brut Grande,2879.76,89.40362780145831,B
Pol Roger Brut Vintage,2879.64,89.41231728330521,B
Casa Noble Reposado,2879.36,89.42100592023576,B
Kirk and Sweeney 18 Yr Rum,2879.28,89.42969431576164,B
1800 Ultimate Peach Margrita,2878.56,89.43838053864548,B
Bacardi Party Drinks Zombie,2878.2,89.44706567520828,B
Ghost Pines Znfdl L Martini,2871.31,89.45573002079378,B
La Crema Pnt Nr Monterey,2868.62,89.4643862491472,B
Bonterra Merlot Organic Mndc,2867.9500000000003,89.4730404557365,B
Cruzan Pineapple Rum,2867.13,89.48169218792792,B
Tom Cat Barrel Aged Gin,2866.3900000000003,89.49034168712613,B
Highland Park Dark Origins,2865.64,89.49898892315554,B
Tres Generaciones Reposado,2863.23,89.50762888686924,B
Cupcake Angel Food,2857.58,89.516251801378,B
Meukow 90,2853.87,89.52486352074516,B
Bolla Amarone Valpolicella,2853.11,89.53347294676792,B
Gallo Copperidge Pnt Grigio,2851.92,89.54207878189622,B
Le Mistral Red,2848.8599999999997,89.55067538329583,B
Dom Seguinot-Bordet Chablis,2848.77,89.55927171311517,B
Gekkeikan Plum Wine,2846.41,89.56786092149672,B
Manischewitz Concord Kosher,2843.8,89.57644225405085,B
Sean Minor Carneros Pnt Nr,2838.58,89.58500783495018,B
Hakushu 12 Yr Japanese Whsky,2837.67,89.5935706698714,B
Trivento Amado Sur Malbec,2835.82,89.60212792230958,B
Kermit Lynch Cotes du Rhone,2834.83,89.61068218736493,B
Argyle Willamette Pnt Nr,2834.71,89.6192360903133,B
Bauchant Orange Liqueur,2818.5899999999997,89.62774135022038,B
Pine Ridge Chn Bl/Viognier,2818.12,89.63624519187503,B
Villa Jolanda Strwby Moscato,2802.62,89.6447022613746,B
Chambord Liqueur de France,2801.63,89.65315634349137,B
Rosita Tequila Wh,2796.29,89.66159431184633,B
Rain Organics Vodka,2791.64,89.67001824855475,B
George Dickel No 8 Bourbon,2790.7,89.6784393487583,B
Lugny Les Charmes Macon,2782.4,89.68683540322719,B
Spellbound Merlot,2780.99,89.69522720293875,B
Poland Spring Vodka,2773.41,89.70359612955771,B
Black Box Merlot,2771.09,89.71195805544119,B
Fuki Sake,2769.69,89.72031575674293,B
Bacardi Grand Melon,2765.94,89.7286621422007,B
Espolon Anejo Tequila,2764.2000000000003,89.73700327710688,B
Caffo Sambuca Secolare,2762.23,89.74533846742301,B
Jameson 18 Year Old,2759.77,89.7536662345455,B
St George Botanivore Gin,2759.08,89.7619919195527,B
Frisk Prickly Rsl,2757.28,89.77031217295479,B
Four Star Cab Svgn,2756.03,89.7786286544089,B
Anne Amie Pnt Nr,2755.91,89.786944773756,B
Durigutti Malbec Mendoza,2743.17,89.79522244940921,B
Vegan Vines Chard,2741.95,89.80349644364117,B
Sterling Vintner Clt Svgn Bl,2737.26,89.81175628552425,B
Yellow Tail Sangria,2736.96,89.82001522213984,B
Edradour 10 Yr Single Malt,2735.52,89.82826981347134,B
Mirassou Merlot Cal,2727.27,89.8364995099461,B
Dom Bousquet Cab Svgn Mendza,2725.52,89.84472392569367,B
Poland Spring Gin,2725.45,89.85294813021216,B
Gold Crown Vodka,2717.28,89.8611476812786,B
Great Western Brut,2717.28,89.86934723234504,B
Smirnoff Light Lemon Sorbet,2715.53,89.8775415026843,B
Avalon Cab Svgn Napa,2700.52,89.88569047947207,B
Sweet Baby Vyds White Peach,2697.75,89.8938310976231,B
Maurice's Mentholated Mint,2697.54,89.9019710820869,B
Fabrizia Blood Orange,2692.49,89.91009582788078,B
Pearl Vodka PET,2692.22,89.91821975893393,B
DeKuyper Anisette,2689.96,89.92633687030511,B
Trapiche Cab Svgn Oak Cask,2688.65,89.93445002867477,B
Rhum Barbancourt Estate RSV,2685.21,89.94255280664359,B
La Gr Comtadine Vacqueyras C,2678.66,89.95063581960493,B
St Remy XO Napoleon Brandy,2678.3,89.95871774624527,B
Malibu Tropical Banana Rum,2678.16,89.96679925042741,B
Beringer Classic Pink Moscat,2678.12,89.97488063390723,B
Valckenberg Gewurz Pfalz,2678.01,89.98296168545563,B
The Beach House Pinot Grigio,2677.32,89.99104065488874,B
HandCraft Artisan Coll Chard,2677.32,89.99911962432184,B
Pinnacle Vodka Cane 4/50mls,2677.29,90.00719850322818,B
R M Woodbridge Malbec,2676.71,90.01527563195066,B
14 Hands Pinot Grigio,2676.06,90.0233507992602,B
Arca Nova Vinho Verde,2675.46,90.03142415603469,B
Justin Vyds 13 Svgn Bl C Cst,2673.17,90.03949060260047,B
Dom Bousquet Malbec Mendoza,2670.57,90.04754920351444,B
Jack Daniels Master Dist VAP,2669.1099999999997,90.05560339879314,B
Madrigal Petite Sirah,2667.43,90.06365252457374,B
Black Box Shiraz Cntrl Coast,2665.87,90.07169694296326,B
Connemara Irish Whiskey,2664.3900000000003,90.07973689536635,B
Cruzan Passion Fruit Rum,2664.36,90.08777675724271,B
Papa's Pilar Dark Rum,2663.32,90.09581348085833,B
Farnum Hill X-Dry Cider,2661.78,90.10384555743403,B
Firesteed Citation Pnt Nr,2659.62,90.11187111608359,B
Flora Springs Cab Svgn Napa,2659.3,90.11989570911449,B
Montezuma Blue Tequila Liqu,2657.3399999999997,90.12791438773093,B
Jack Daniels Sinatra Select,2655.84,90.13592854000977,B
Vendange Pnt Grigio,2651.11,90.14392841923743,B
Sutter Home Moscato Cal,2647.35,90.15191695244553,B
Skyy Infusions TX Grapefruit,2646.27,90.15990222669058,B
Ch de Jarnioux Bjls,2640.2400000000002,90.16786930505852,B
Morgan Winery Cd Crows Monte,2638.2400000000002,90.17583034830966,B
Kinky Flame Whisky,2627.91,90.18376022018263,B
Finca Sandoval Tinto Manchue,2626.54,90.1916859580006,B
Omaka Springs Svgn Bl,2623.25,90.19960176805148,B
S S Pierce Vodka,2622.9,90.2075165219569,B
Ch de Montfort Vouvray,2622.36,90.21542964638078,B
The Glenlivet 12 Yr Gift Pk,2620.3900000000003,90.22333682621466,B
Blackstone Pnt Nr Monterey,2618.47,90.23123821233641,B
Gnarly Head Pnt Nr,2616.79,90.23913452896007,B
Riff Pnt Grigio,2615.41,90.24702668135313,B
Livingston Clrs Wh Znfdl Cal,2613.82,90.25491403582836,B
Fantini Monteplciano D'Abruz,2613.82,90.26280139030361,B
Darioush Cab Svgn,2609.71,90.27067634261385,B
Saldo Znfdl Cal,2609.13,90.27854954474023,B
Don Ramon Silver Tequila,2609.1299999999997,90.2864227468666,B
Teeling Irish Whiskey,2608.29,90.29429341424392,B
Noilly Prat Sweet Vermouth,2607.39,90.3021613658187,B
Rive Droite Rive Gauche CDR,2607.1,90.31002844230154,B
F Coppola Diamond Red,2605.35,90.3178902380572,B
Nikka Coffey Grain Whisky,2597.6,90.32572864773533,B
Pavao Vinho Verde Adegas Wh,2596.75,90.33356449248882,B
Malibu Rum Punch RTD,2596.6899999999996,90.3414001561888,B
BV Coastal Estate Cab Svgn,2594.53,90.34922930196267,B
Schmitt Sohne Auslese,2594.17,90.3570573614155,B
F Coppola Rosso Bianco Rosso,2593.76,90.36488418366942,B
Pommery Falltime Extra Dry C,2591.14,90.37270309992033,B
Pacifica Cab Svgn/Merlot 11,2590.56,90.38052026598736,B
Baileys Irish Cream w/4 Glss,2588.7,90.3883318193958,B
Trimbach Pnt Bl,2588.15,90.3961417131471,B
Madria Sangria,2586.08,90.40394536055256,B
Casamigos Reposado Tequila,2579.14,90.41172806610275,B
Chalk Hill Chard,2578.71,90.41950947410287,B
Clontarf Irish Whiskey,2577.63,90.4272876231399,B
Line 39 Chard,2577.42,90.43506513848969,B
J Drouhin Chablis,2573.97,90.442832243263,B
Elk Cove Pnt Gris Ore,2571.65,90.45059234730087,B
Liberty School Merlot CC,2570.16,90.45834795517672,B
J Vineyards Pnt Gris,2566.52,90.46609257914002,B
Merriam Pnt Nr Cuvee RRV,2565.89,90.47383530204155,B
Tomaiolo Pinot Grigio,2562.84,90.48156882138997,B
Ch Pesquie Cotes du Ventoux,2562.04,90.48929992669169,B
Speymalt Macallan 1993 20 Yr,2559.84,90.49702439336494,B
Lunazul Reposado Tequila,2558.39,90.50474448457852,B
Pigs Nose Scotch,2553.98,90.51245126835961,B
C Back Goats Do Roam Rouge,2553.88,90.52015775038484,B
Vieux Telegraphe Chtnf Pape,2549.66,90.52785149831367,B
R Mondavi Private Sel Pnt Nr,2548.5899999999997,90.535542017455,B
Lagaria Venezie Pnt Grigio,2541.88,90.54321228877954,B
Perrin Chtnf du Pape,2541.25,90.55088065904229,B
Paul Masson Red Berry Brandy,2538.79,90.5585416061114,B
Ecco Domani Colle Pnt Grigio,2538.5099999999998,90.56620170826416,B
Alamos Red Mendoza,2537.46,90.5738586419806,B
Gallo Copperidge Cab Svgn,2534.2799999999997,90.58150597986138,B
Dewars Scratch Cask Scotch,2534.1299999999997,90.58915286510837,B
The Monterey Vyds Pnt Nr,2531.89,90.59679299102459,B
Jim Beam Single Barrel,2529.2400000000002,90.60442512041105,B
Milagro Anejo Tequila,2528.34,90.61205453399496,B
Salmon Run Coho Red NY,2527.52,90.619681473181,B
Cointreau Noir Liqueur,2527.21,90.62730747692393,B
Distroya Spiced Liqueur,2526.5899999999997,90.63493160978066,B
Estancia Unoaked Chard,2523.51,90.64254644855755,B
Cono Sur Pnt Nr Rapel,2520.42,90.65015196307901,B
BenRiach Barrel 94,2519.86,90.65775578776775,B
Beringer Classic Red Moscato,2519.3,90.66535792262383,B
Roth Est Red Heritage Sonoma,2518.6,90.672957945189,B
Lamberti Prosecco X Dry,2517.9,90.68055585546331,B
Stolichnaya Ohranj Orange,2516.98,90.68815098958389,B
Antinori Tignanello,2516.7200000000003,90.6957453391393,B
Forest Glen Chard,2513.7999999999997,90.70333087742421,B
Opici Sangria,2507.2200000000003,90.71089656017489,B
F Coppola Votre Sante Pnt Nr,2504.89,90.71845521201452,B
Clase Azul Reposado Tequila,2499.75,90.72599835360401,B
KAH Blanco Tequila,2499.4900000000002,90.73354071062832,B
Ch Ste Michelle Indn W Chard,2497.49,90.74107703253586,B
Terrazas Alto Malbec Argn,2496.06,90.74860903933488,B
Skyy Infusions Dragon Fruit,2491.35,90.7561268334339,B
Bonpas Cote du Rhone Rouge R,2490.75,90.76364281699787,B
F Coppola Diamond Znfd,2488.34,90.77115152824612,B
C Krug Merlot Napa,2487.8399999999997,90.77865873071516,B
Yellow Tail Rsl,2486.4900000000002,90.7861618594804,B
St George Terrior Gin,2486.2400000000002,90.79366423385602,B
Jim Beam Jacob's Ghost,2484.6299999999997,90.80116174996263,B
Latour Pinot Noir Valmoissin,2484.1,90.80865766676331,B
Millet Roger Sancerrre,2481.0499999999997,90.81614438001088,B
Piccini Chianti,2479.5299999999997,90.8236265065697,B
Gran Centenario Anejo,2479.38,90.83110818049475,B
Taylor Fladgate LBV Port,2478.45,90.83858704809052,B
Geyser Peak Chard,2477.52,90.84606310935696,B
Casa Liliana Good Pnt Grg,2475.39,90.85353274322404,B
Redwood Creek Svgn Bl Cal,2472.75,90.86099441073698,B
Castle Rock Paso Ro Cab Svgn,2472.7400000000002,90.86845604807431,B
Bodegas Borsao Berola,2470.1,90.8759097190575,B
BenRiach 1994,2469.87,90.88336269600225,B
Four Vines Naked Chard,2460.19,90.8907864629818,B
Molletto Grappa di Barbera,2454.17,90.8981920642598,B
Joseph Carr Chard Napa,2452.47,90.90559253568854,B
Stolichnaya Elit Vodka,2449.58,90.91298428637351,B
Sweet Baby Vyds Strawberry,2448.04,90.92037139001859,B
Alamos Torrontes,2447.55,90.92775701506004,B
Graffigna Centenario Malbec,2447.55,90.9351426401015,B
Ch Beauchene CDR White RSV,2445.96,90.94252346722512,B
Asbach Uralt German Brandy,2442.96,90.94989524167356,B
Goslings Dark'N Stormy RTD,2440.26,90.95725886871435,B
Milagro Tequila Anejo SBR,2439.7,90.96462080592242,B
Auchentoshan 12 Yr Sngle Mlt,2439.4700000000003,90.97198204909208,B
Don Felix Anejo Tequila,2439.3900000000003,90.97934305085705,B
Flag Hill Sugar Maple Liquer,2437.71,90.98669898312394,B
Primal Roots Red Cal,2436.29,90.99405063045789,B
Kinky Vodka,2433.9,91.0013950658273,B
Santa Rita 120 Merlot,2431.94,91.00873358678227,B
Benvolio Pnt Grigio Friuli,2426.0099999999998,91.01605421361597,B
Bolla Prosecco Extra Dry,2422.9700000000003,91.02336566707216,B
R M Woodbridge Moscato,2414.98,91.03065301023679,B
Arrow White Creme de Cacao,2412.98,91.03793431828466,B
Simply Naked Chard,2412.6,91.04521447966032,B
Clos du Bois RSV Chard RRV,2410.48,91.0524882438122,B
Grahams 2000 Vintage Port,2409.65,91.05975950339061,B
Highland Park 18 Yr Single,2404.81,91.0670161579864,B
J Vineyards Brut 20,2399.04,91.07425540127028,B
Rene Junot Red,2398.0,91.08149150629342,B
David Girard Vyds Code Rouge,2398.0,91.08872761131657,B
F Coppola Sofia Rose,2395.47,91.09595608191698,B
3 Ball Znfdl,2390.16,91.10316852928236,B
Carlo Rossi Rhine Calif,2389.31,91.11037841172308,B
Bota Box Shiraz Cal,2388.87,91.1175869664381,B
Gallo Copperidge Merlot Cal,2388.48,91.12479434430537,B
Brazin Old Vine Znfdl Lodi,2385.39,91.1319923979172,B
Stags Leap Winery Cab Svgn,2384.56,91.13918794695557,B
Carpineto Chianti Clsc,2382.51,91.14637730999922,B
Jaboulet Cts Rhone Parl Rose,2381.93,91.15356492285903,B
Corbett Canyon Cab Svgn,2379.65,91.16074565568569,B
Paso Creek Cab Svgn,2378.3,91.16792231480852,B
Di Majo Norante Sangiovese,2375.01,91.17508904616425,B
Caffo Amaretto Liqueur,2371.5099999999998,91.18224521606561,B
Bota Box Nighthawk Dark Red,2368.69,91.1893928764523,B
Peter Vella Delicious Blush,2368.42,91.19653972209824,B
Frogs Leap Merlot Napa,2367.36,91.20368336913226,B
Wolfschmidt Vodka Plastic,2367.11,91.21082626177669,B
Produttori del Barbaresco P,2366.28,91.21796664984765,B
Rancho Zabaco Heritage Znfdl,2366.18,91.22510673616279,B
The Naked Grape Moscato,2362.62,91.23223607997004,B
Milagro Silver Select Barrel,2359.53,91.23935609952187,B
Block Nine Caiden Vyd Pnt Nr,2359.41,91.24647575696669,B
Erath Pnt Gris Ore,2358.21,91.25359179334144,B
Hine Rare VSOP,2354.63,91.26069702685714,B
Screech Rum,2354.58,91.26780210949492,B
Calvados Boulard Grnd Brandy,2354.3900000000003,91.27490661879662,B
Fonseca Bin No 27,2352.33,91.282004911928,B
Bacardi Party Mai Tai,2350.53,91.2890977734543,B
Zorvino Bacca Z Blackberry,2350.32,91.29619000129334,B
Salmon Run NY Chard,2349.66,91.30328023754385,B
Belle Glos Dairyman Vyd PN,2349.53,91.31037008151175,B
Vindicated Cab Svgn,2348.92,91.31745808476904,B
Marques de Caceres Rose,2347.4,91.32454150133758,B
Gallo X Dry Vermouth,2344.23,91.331615352246,B
Charles Smith Eve WA Chard,2338.31,91.33867133920876,B
Moonlight Meadery Apple Pie,2338.2,91.34572699424008,B
Wycliff Brut,2335.32,91.35277395870325,B
Tineta Avante 10 Tinto Fino,2329.88,91.35980450764876,B
Villa Pozzi Moscato,2329.44,91.36683372886858,B
Cavit Chardonnay Trentino,2329.33,91.37386261815696,B
Walnut Crest Vnto Pnt Grigio,2328.89,91.38089017971967,B
Beringer Chard Private RSV,2324.53,91.38790458472779,B
Jameson Trilogy Pack,2319.42,91.39490357001253,B
Sharpe Hill Ballet of Angel,2318.89,91.40190095599132,B
Deanston SM Virgin Oak,2312.22,91.40887821485563,B
Alberta Rye Dark Batch,2308.95,91.415845606304,B
Joel Gott Znfdl,2308.46,91.42281151914877,B
Belle Glos Clark & Telephone,2304.54,91.42976560316463,B
Bacardi Tangerine Rum,2304.06,91.43671823875246,B
Backhouse Pnt Nr,2303.75,91.4436699388972,B
La Crema Pnt Gris Monterey,2302.7599999999998,91.45061865165913,B
Dom Fond Croze La Croix Coq,2302.72,91.45756724371873,B
Penfolds T Hyland Shiraz,2302.08,91.46451390454095,B
Ch Leoville Barton 12 St Jul,2299.77,91.4714535948033,B
Kim Crawford Svgn Bl Sptfire,2299.08,91.47839120295032,B
Sauza 901 Silver Tequila,2299.08,91.48532881109736,B
Achaval Ferrer Malbec,2296.98,91.4922600823718,B
Sutter Home Svgn Bl,2296.56,91.4991900862717,B
Ophir London Dry Gin,2296.17,91.50611891332383,B
Simply Naked Pnt Grigio,2295.77,91.5130465333526,B
Cruz Garcia Real Sangria Re,2295.37,91.51997294635802,B
Sycamore Lane Merlot Cal,2292.83,91.52689169476511,B
M & R Asti 4 Pak,2290.09,91.53380217506222,B
Cepa 21 Ribera Duero 06 Tnto,2284.73,91.54069648124636,B
St Urbans-Hof Rsl,2284.48,91.54759003304088,B
Villa Pozzi Nero D'Avola,2284.4700000000003,91.55448355465983,B
Nathanson Creek Cab Svgn,2283.64,91.56137457170531,B
Sartori Amarone,2282.4300000000003,91.56826193750514,B
Ch Haut Gravet Saint-Emillon,2279.43,91.57514025062979,B
Silverado Merlot Napa,2275.22,91.5820058598336,B
Foxhorn SE Merlot Australia,2274.41,91.58886902481514,B
Taken Red Napa,2274.0899999999997,91.59573122417798,B
Pimms Cup No 1,2270.8599999999997,91.60258367682721,B
Sequin Delicately Pnt Grigio,2269.16,91.60943099962718,B
Grayson Cellars Cab Svgn Pas,2268.09,91.61627509363967,B
Wyndham Bin 555 Shiraz,2267.72,91.62311807115555,B
Cameron Hughes Cam Col Cab S,2266.38,91.6299570051432,B
Ice Pik Vodka,2266.38,91.63679593913083,B
Catena Padrillos Malbec,2265.75,91.6436329720567,B
C R Clrs Fortissimo Red,2264.97,91.65046765128699,B
Pike Creek Canadian Whisky,2262.0899999999997,91.65729363994913,B
Gruet Rose Brut,2259.67,91.66411232611998,B
Folie A Deux Cab Svgn,2259.6699999999996,91.67093101229081,B
Girls in the Vineyard Svgn B,2258.68,91.67774671107884,B
Canyon Rd Chard,2256.27,91.68455513755114,B
Carmel Road Pnt Nr Monterey,2254.83,91.69135921873935,B
Rombauer Cab Svgn Napa,2254.59,91.69816257571355,B
Gnarly Head Pnt Grigio,2253.69,91.70496321688522,B
Salviano Orvieto 13 Clsco,2253.18,91.71176231910209,B
Cavit Alta Luna Pnt Grigio,2252.95,91.71856072728053,B
P Michael L'Espirit Brdx,2249.75,91.72534947927211,B
Shelton Wild Thing Znfdl,2248.75,91.7321352137053,B
Hob Nob Chard,2247.75,91.73891793058012,B
Ch Tanunda Gr Barossa Shiraz,2244.71,91.74569147407742,B
Drambuie Glass Pack,2243.17,91.75246037053479,B
Placido Chianti,2242.97,91.75922866348049,B
Don Miguel Gascon Colosal Rd,2242.13,91.76599442167712,B
Delas Cotes du Rhone,2239.28,91.77275157983236,B
Shafer Relentless Syrah,2235.74,91.77949805583087,B
Black Velvet,2234.35,91.78624033742324,B
Turning Leaf RSV Merlot Cal,2234.32,91.79298252848884,B
Freemark Abbey Cab Svgn Napa,2233.4900000000002,91.79972221498097,B
Leblon Natural Cane Cachaca,2232.23,91.80645809934954,B
The Beach House Chard,2227.77,91.81318052540769,B
Nicolis Valpo Clsc,2227.49,91.81990210654946,B
High West Campfire Whiskey,2219.63,91.82659996968229,B
Corazon de Agave Anejo,2219.2599999999998,91.83329671631853,B
Chronic Cellars Purple Parad,2218.52,91.83999122996156,B
Murphy-Goode Cab Svgn Cal,2217.47,91.84668257516824,B
Dom Pere Caboche Cote Rhone,2211.16,91.8533548795815,B
Menage a Trois Pnt Grigio,2209.95,91.86002353274911,B
Ch Pichon Long Comtesse L 12,2209.83,91.8666918238097,B
Sokol Blosser Evolution Whit,2208.62,91.87335646362465,B
Flag Hill Cayuga White,2208.3,91.88002013782089,B
Fetzer Eagle Peak Merlot,2208.3,91.88668381201715,B
Wild Turkey Rare Breed,2207.4300000000003,91.8933448609376,B
Simi Landslide Cab Svgn Alex,2207.23,91.90000530634639,B
Cavit Pinot Grigio Delle Ve,2202.55,91.90665162958189,B
Stemmari Pt Nr,2200.53,91.91329185734945,B
Alphonse Dolly Sancerre Cvee,2198.0499999999997,91.91992460157219,B
Wlm Hill Est No Cst Svgn Bl,2195.31,91.92654907768494,B
Gallo Fairbanks Sherry,2194.95,91.93317246747667,B
Three Olives Vodka w/Flask,2194.32,91.9397939562066,B
UV Sangria Vodka,2192.86,91.9464110393013,B
Black Box Rsl,2191.08,91.95302275114203,B
Layer Cake Centrl Cst Pnt Nr,2190.63,91.95963310508151,B
Trentadue Old Patch Red Son,2190.34,91.96624258392904,B
Fish Eye Shiraz,2189.64,91.97284995048572,B
James Oliver American Whisky,2189.27,91.97945620054578,B
Livingston Nat Flvrs Chard,2188.3,91.9860595235742,B
Fabrizia's Italian Margarita,2187.81,91.99266136799902,B
Corvo Sicily Nero D'Avola,2186.16,91.99925823345248,B
Joel Gott Pnt Nr,2185.79,92.00585398240933,B
Villa Cornaro Pnt Grigio LTD,2185.3,92.01244825276258,B
Segura Viudas Brut RSV,2182.02,92.01903262552432,B
Duckhorn Svgn Bl Napa,2179.31,92.02560882070279,B
Merry Edwards Svgn Bl RRV,2177.34,92.03217907129122,B
Cono Sur Svgn Bl Cntrl Vly,2176.31,92.03874621379454,B
Ravenswood Znfdl Napa,2174.72,92.04530855838,B
R Mondavi Pvt Sel Rsl,2173.61,92.05186755347565,B
Livingston Merlot Cal,2172.32,92.05842265592096,B
UV Ruby Red Grapefruit Vodka,2171.7,92.06497588748009,B
Atamisque Malbec,2169.97,92.07152389866319,B
Buchanans Deluxe 18 Yr Old,2169.6899999999996,92.07807106492994,B
Glenrothes Sherry Cask Rsv,2159.64,92.08458790473487,B
E.H.Taylor Jr Single Barrel,2159.64,92.09110474453979,B
Benziger Tribute Estate Red,2159.64,92.09762158434471,B
Light Horse Cab Svgn,2158.2,92.10413407886554,B
Parducci Petite Sirah,2158.06,92.1106461509282,B
Frei Bros Rsv Znfdl,2157.73,92.11715722719659,B
Laphroaig Cairdeas Islay,2156.71,92.12366522555541,B
Talbott Sleepy Hollow Chard,2156.37,92.1301721979444,B
Hahn Cab Svgn Santa Lucia,2155.21,92.13667566996565,B
H by Hine Cognac,2149.57,92.14316212295756,B
Damilano Lecinquevgne Barolo,2148.35,92.14964489452825,B
Glenkinchie 12 YO Scotch,2145.64,92.15611948851569,B
F Coppola Directors Pnt Nr,2144.87,92.16259175898315,B
W Hill Est Cntrl Cst Pnt Nr,2143.57,92.16906010662473,B
Mezzacorona Cab Svgn,2143.05,92.17552688513592,B
Ch D'Issan 10 Brdx,2141.83,92.18198998222589,B
Skyy Infusions Pineapple,2140.59,92.18844933754345,B
Barefoot Sparklng Pnt Grigio,2137.86,92.19490045492658,B
Middle Sister Sweet & Sassy,2137.86,92.20135157230975,B
Primaterra Pnt Grigio,2131.0099999999998,92.2077820194179,B
Belguardo Serrata Toscana,2127.87,92.21420299139272,B
Linie Aquavit,2125.14,92.22061572543313,B
Redwood Creek Merlot Cal,2121.07,92.22701617801089,B
Jose Cuervo Lite Wh Peach,2117.4,92.23340555614934,B
Cesari Lugana Cento Filari,2117.37,92.23979484376105,B
Beringer Classic Chenin Blan,2116.96,92.24618289417381,B
Sycamore Lane Pnt Grigio Cal,2114.47,92.25256343086618,B
Banfi Chianti Clsc Tuscany,2113.25,92.25894028613732,B
Skinnygirl White Wine,2112.65,92.26531533087339,B
Merriam Cab Svgn Dry Creek,2106.22,92.27167097270903,B
Rye Harbor Vodka,2104.83,92.27802242013851,B
Grand Marnier Cuvee du Cent,2099.86,92.28435887030277,B
Talisker Distillers Edition,2099.7,92.29069483765768,B
Sebastiani Cab Svgn Sonoma,2098.95,92.29702854184382,B
Midnight Moon Cherry,2098.95,92.30336224602993,B
Sheffield Very Dry Sherry,2097.9,92.30969278177975,B
Rioja Vega Tempranillo Garna,2097.68,92.31602265366674,B
LaBelle Winery Granite Red,2094.69,92.32234350305411,B
Ch de la Chaize Brouilly,2094.69,92.3286643524415,B
Renwood Old Vine Zinfandel,2089.7799999999997,92.33497038561718,B
Moet & Chandon Grand Vintage,2089.62,92.34127593598352,B
Blanc de Bleu Mousseux Brut,2088.69,92.34757868002056,B
Mazis Chambertin Gr Cru,2087.82,92.35387879878178,B
Intorcia Marsala Dry,2086.2599999999998,92.36017421015194,B
Handcraft Pnt Grigio,2085.9,92.36646853520104,B
Powers Signature Release,2079.48,92.37274348752528,B
Rough Rider Straight Bourbon,2078.37,92.37901509035973,B
Cabot Trail Maple Whisky,2077.97,92.3852854861708,B
Colombo Cape Bleue Rose VdP,2077.92,92.39155573110396,B
Gekkeikan Sake Calif,2076.69,92.3978222644403,B
Sauvion Vouvray,2076.41,92.40408795286027,B
Root 1 Carmenere,2076.26,92.4103531886465,B
Alter Ego de Palmer Mrgx 11,2074.75,92.41661386791955,B
Rio Madre Rioja Graciano,2074.2200000000003,92.42287294788666,B
R Mondavi Heritage Red,2070.68,92.42912134569706,B
Ciroc Ten,2069.91,92.43536741998749,B
Ponzi Tavola Pnt Nr,2069.14,92.44161117075797,B
Paso a Paso Tempranillo,2067.93,92.44785127028278,B
Sycamore Lane Chard Cal,2067.12,92.45408892558531,B
Los Amantes Reposado Mezcal,2066.61,92.46032504193306,B
J Roget Brut,2066.55,92.4665609772273,B
Bigi Orvieto Amabile,2066.12,92.47279561497143,B
Yamazaki 12 Yr Japanese,2063.7599999999998,92.47902313127777,B
Clayhouse Svgn Bl Paso Roble,2062.28,92.48524618159767,B
Leaf Vodka Alaskian Glacial,2060.7599999999998,92.49146464522883,B
Bonterra Viognier Orgnic,2056.53,92.497670344588,B
Hunt & Harvest Cab Svgn,2050.92,92.50385911544458,B
Meiomi Chard,2050.82,92.51004758454532,B
Crown Royal w/2 Glasses,2047.07,92.5162247378021,B
The Glenlivet Archive 21 Yr,2039.88,92.52238019481402,B
Tenuta San Guido 09 Sassacia,2039.88,92.52853565182596,B
Wiggly Bridge Bourbon Sm Brl,2039.66,92.53469044497506,B
Cavit Merlot Trentino,2038.52,92.54084179810758,B
Girard Cab Svgn,2037.2399999999998,92.54698928876535,B
XYZin Old Vines Znfdl,2031.39,92.55311912670653,B
Inniskillin Icewn Ngra Vidal,2029.65,92.55924371409613,B
Schmitt Sohne Spatlese Psprt,2028.52,92.56536489164473,B
Burnett's Peach Vodka,2028.51,92.57148603901776,B
Riva Rey Tempranillo,2027.48,92.57760407830564,B
R M Woodbridge Cab/Merlot,2027.3400000000001,92.58372169513535,B
Tres Agaves Blanco Tequila,2023.2099999999998,92.5898268494489,B
Adelsheim Pnt Nr Ore,2023.1899999999998,92.59593194341129,B
Peter Paul Live Free or Die,2023.12,92.60203682614457,B
W Hill Est Chard Cntrl Cst,2022.75,92.60814059238126,B
Battle Axe Malbec Mendoza,2014.57,92.61421967499031,B
Exotico Blanco Tequila,2013.7599999999998,92.62029631337705,B
Mommys Time Out Garganega/P,2011.11,92.62636495523407,B
Jewell Towne Vyds So Hampton,2010.34,92.6324312735711,B
Taylor Sherry,2002.03,92.63847251599793,B
Foxhorn SE Cab Svgn Australi,2001.73,92.64451285315722,B
Jacobs Crk Chard,1999.72,92.65054712502415,B
Barton Long Island Iced Tea,1999.1399999999999,92.6565796467072,B
Stonehedge Cab Svgn Cal,1998.0,92.6626087283737,B
Svedka Grapefruit Jalapeno,1996.79,92.66863415879453,B
I.W. Harper Bourbon,1994.34,92.67465219619731,B
Livingston Burgundy Calif,1990.3400000000001,92.68065816336653,B
Flowers Chard Sonoma Cst,1989.5600000000002,92.6866617768402,B
Buehler Estate Cab Svgn Napa,1985.3799999999999,92.69265277691979,B
Sonoma-Cutrer Cutrer V Chard,1983.32,92.69863756082908,B
Latour Macon Village Chamery,1982.59,92.70462014192077,B
Ch Montelena Chard Napa,1981.56,92.7105996149273,B
Bollinger Brut Grande Annee,1979.8500000000001,92.71657392790898,B
Sean Minor 4B Pinot Noir,1979.59,92.72254745632549,B
Dom du Gr Montmirall Gigonda,1979.34,92.7285202303524,B
Rumson's Spiced Rum,1979.34,92.7344930043793,B
Basilica Sambuca,1978.05,92.74046188575589,B
M Chiarlo Moscato D'Asti Ni,1976.28,92.74642542605412,B
Mud House Svgn Bl,1975.21,92.75238573756486,B
Double Cross Vodka,1974.43,92.75834369538008,B
Corzo Anejo Tequila,1973.66,92.76429932967531,B
Sogno di Sorrento Lemoncell,1973.33,92.77025396817628,B
Flora de Cana Black 5 YO Rum,1971.77,92.77620389928616,B
Jacobs Crk Shrz/Cab Svgn,1969.72,92.78214764440133,B
Kendall Jackson Pnt Gris VR,1968.55,92.7880878589732,B
Les Hauts de Lagarde Rouge,1968.03,92.79402650441469,B
Latour 13 Cuvee Bourgog Blnc,1966.77,92.79996134773262,B
Hudson Four Grain Bourbon,1959.51,92.80587428357661,B
Papa Pilar Double Barrel Rum,1959.51,92.81178721942062,B
Forbidden Secret Wh Choc Cr,1959.0199999999998,92.81769867666101,B
Whitehall Lane Cab Svgn Napa,1956.47,92.8236024391275,B
Principato Pnt Nr Pavia,1950.05,92.82948682886911,B
The Path Cab Svgn,1950.05,92.83537121861073,B
Le Petit Mout Roths 11 Pauil,1949.8700000000001,92.84125506519185,B
Terrasole 07 Brunelo d Montl,1949.6100000000001,92.84713812720776,B
Ch Chantelune Margaux,1949.6100000000001,92.85302118922368,B
Bully Boy American Whiskey,1949.35,92.85890346667442,B
Alamos Ridge Chard Mendoza,1948.05,92.86478182129926,B
Big Peat Scotch,1946.67,92.87065601169353,B
Inkblot Cab Franc,1946.41,92.87652941752259,B
Pearl Vodka,1946.34,92.88240261212258,B
Skinnygirl Vodka,1943.4099999999999,92.88826696527647,B
Antinori Villa Chianti Class,1943.38,92.8941312279036,B
Blufeld Rsl,1942.1200000000001,92.89999168840718,B
Skinnygirl W Peach Margarita,1934.24,92.90582837055061,B
Charles & Charles Red,1930.39,92.91165343509425,B
Ecco Domani Merlot Venezie,1928.07,92.91747149890242,B
DeLeon Platinum Tequila,1924.65,92.92327924266088,B
Chalk Hill Pnt Nr RRV,1924.45,92.92908638290767,B
Skinnygirl Grapefruit Marg,1923.25,92.93488990208438,B
Landhaus Mayer Gruner Veltli,1920.4,92.94068482121969,B
Platte Valley Fireshine,1919.87,92.94647814104904,B
Chalk Hill Chard RRV,1919.52,92.95227040473296,B
Sauza Tres Generaciones Pla,1919.52,92.95806266841687,B
Villa Massa Limoncello,1919.12,92.96385372507744,B
Phillips Sixth Sense Syrah,1918.8,92.96964381611932,B
Sileni Sauvignon Blanc,1918.26,92.97543227767967,B
The Federalist 1776 Zinfande,1917.72,92.98121910975847,B
Calvados Marquis De St Loup,1915.41,92.9869989712774,B
Picpoul d Pinet HB Languedoc,1909.53,92.992761089553,B
Crios Malbec,1909.53,92.99852320782858,B
Hess Treo Winemaker's Blend,1905.87,93.00427428184047,B
Drylands Svgn Bl Marlboro,1903.73,93.01001889827738,B
Clement Select Barrel Rhum,1903.33,93.01576230769093,B
Elk Cove Pnt Nr Ore,1903.32,93.0215056869289,B
General John Stark Vodka,1901.42,93.02724333280594,B
Col-di-Sasso Sangiovese/Cab,1897.92,93.0329704172286,B
Flag Hill Apple Cran NH,1896.54,93.03869333742068,B
Four Vines Truant Znfdl,1894.6,93.04441040354948,B
Sycamore Lane Cab Svgn Cal,1892.8799999999999,93.05012227947785,B
Los Amantes Mezcal,1891.5600000000002,93.05583017222912,B
Belvedere Wild Berry,1889.26,93.06153112459612,B
Morgan Winery Svgn Bl Mont S,1888.74,93.06723050783273,B
Gallo Twin Valley Cab Svgn C,1888.1100000000001,93.07292799000757,B
Jim Beam Signature Craft,1886.49,93.0786205837378,B
R M Woodbridge Pnt Nr Cal,1885.64,93.08431061254342,B
Di Padrino Sweet Vermouth,1885.64,93.09000064134904,B
Herradura Reposado NHSLC,1885.5900000000001,93.09569051927672,B
Macrostie Carneros Chard,1885.05,93.10137876772288,B
Zenato Valpolicella Clsc,1883.8999999999999,93.10706354597689,B
Trefethen Chard Napa,1880.43,93.11273785330327,B
Lobster Reef Svgn Bl,1880.42,93.11841213045409,B
Russo Limoncello,1880.3,93.12408604549788,B
Belvedere Cytrus Vodka,1880.26,93.12975983983935,B
Bacardi Mojito Cocktail,1880.0099999999998,93.13543287979122,B
Hudson Single Malt Whiskey,1879.53,93.14110447131506,B
Cape Indaba Svgn Bl S Africa,1878.91,93.1467741919527,B
Amaro Montenegro Liqueur,1876.29,93.15243600658734,B
Dewars 18 Yr Old Founders Rv,1874.7299999999998,93.1580931138309,B
Cutty Sark Prohibition,1874.1699999999998,93.16374853124177,B
Remy Martin V,1870.53,93.16939296474007,B
C Y Toro Casillero Diab Malb,1868.14,93.17503018627383,B
Ch Ste Michelle Hrse Hvn Svg,1863.67,93.18065391932159,B
Penfolds Bin 8 Cab Svgn/Shir,1863.07,93.1862758418343,B
Villa Jolanda Peach Moscato,1862.42,93.19189580293406,B
Pichot Dom Moriette Vouvray,1858.76,93.1975047197701,B
Hi! Prosecco,1857.6,93.20311013623841,B
Little Penguin Shiraz Ausl,1855.68,93.20870975899462,B
Castle Rock Chard Cntrl Cst,1855.27,93.21430814455186,B
Prairie Organic Kosher Vodka,1853.84,93.21990221500062,B
Spy Valley Svgn Bl Marlboro,1852.9399999999998,93.22549356964683,B
The Messenger Telegram Red 2,1852.9199999999998,93.23108486394186,B
Mouton Cadet Sauvignon Blanc,1852.3600000000001,93.2366744684042,B
Black Stallion Carnrs Pnt Nr,1850.9999999999998,93.24225996898711,B
Belvedere Pink Grapefruit,1849.3,93.24784033972078,B
Woodwork Pnt Nr,1844.16,93.25340520020431,B
R Mondavi Pvt Sel Merlot,1843.9799999999998,93.25896951752732,B
Merriam Danielle Svgn Bl RRV,1842.85,93.26453042500937,B
Ch Lamothe de Haux Brdx Wh,1838.84,93.27007923208224,B
Martin Codax Tempranilo Ergo,1835.33,93.27561744752516,B
Luigi Bosca Malbec,1834.9199999999998,93.28115442576916,B
Folonari Soave Dry White,1834.74,93.28669086085262,B
Agave Underground Tequila,1831.53,93.29221760957365,B
Zin 91 Old Vine Znfdl CA,1829.71,93.29773886633843,B
St George Absinthe Verte,1829.69,93.30326006275203,B
Cherry Pie Stanly Pnt Nr,1829.63,93.30878107811212,B
Neal Cab Svgn Napa,1829.63,93.31430209347221,B
Boggy Meadow Switchel Vodka,1829.3899999999999,93.31982238461829,B
Allegrini Valpolicella Clsc,1828.78,93.32534083505377,B
Bollinger Brut Special Cuve,1824.77,93.33084718508007,B
C K Mondavi Willw Pnt Grigio,1824.34,93.33635223755627,B
Casamigos Anejo Tequila,1823.9,93.34185596230678,B
Norton RSV Malbec Mendoza,1823.04,93.34735709195706,B
Manischewitz Blackberry Kshr,1821.93,93.35285487211755,B
Kahlua Hazelnut,1821.34,93.35835087191856,B
Santa Rita 120 Chard,1820.96,93.36384572504741,B
Righetti Amarone Valpo Clsc,1820.4299999999998,93.3693389788703,B
Midnight Moon Peach,1819.09,93.37482818916494,B
BV Coastal Estate Pnt Nr,1818.3,93.38031501558845,B
Peter Michael Danseuse Pnt N,1817.82,93.38580039358395,B
Gnarly Head Authentic Red,1814.49,93.39127572310998,B
Firefly Blackberry Moonshine,1813.79,93.39674894034515,B
Caffo Limoncino Dell'l Sola,1811.81,93.40221618281471,B
Junipero Gin,1809.46,93.40767633402206,B
Smoking Loon Znfdl Cal,1808.19,93.41313265293023,B
Campo Viejo Gr Cava Brut Rsv,1808.19,93.4185889718384,B
Calling All Angels Chard,1805.74,93.42403789772852,B
Turning Leaf RSV Pnt Grigio,1802.99,93.42947852533305,B
Monte Velho Tinto Alentejo R,1802.36,93.4349172518758,B
Nardi Brunllo d Montlcino 10,1801.66,93.4403538661277,B
Tenuta Santo Pietro Viper Su,1800.9399999999998,93.44578830773753,B
Skinnygirl Sweet'Arita,1800.9399999999998,93.45122274934738,B
Robert Sinskey Merlot,1799.5500000000002,93.45665299655104,B
Shafer Merlot Napa,1791.68,93.46205949557017,B
Bridlewood Slct Pnt Nr Lucia,1790.88,93.46746358054259,B
Cashmore Black Opal Shiraz,1790.1200000000001,93.47286537217063,B
Courvoisier XO Cognac,1789.88,93.47826643958466,B
Torino Don David RSV Malbec,1786.84,93.48365833362116,B
Fontanafredda Barolo Serralu,1775.52,93.48901606889669,B
L Martini RSV Cab Svgn Alex,1775.34,93.4943732610117,B
Ch Corconnac Svgn Bl,1775.26,93.49973021172204,B
Perrin Gigondas,1774.3899999999999,93.50508453715659,B
Prairie Organic Gin,1773.9,93.51043738398751,B
Canyon Rd Pnt Grigio,1770.71,93.51578060480718,B
Greenore Irish Whiskey,1769.6100000000001,93.5211205063126,B
The Pogues Irish Whiskey,1768.4499999999998,93.5264569074503,B
Baroca White Rum,1767.05,93.53178908400623,B
Latour Meursault AC Blanc,1765.72,93.53711724720952,B
Babich Svgn Bl Marlboro,1762.74,93.5424364180888,B
Bargetto Chaucer's Hney Mead,1762.73,93.54775555879249,B
Barcraft Watermelon Fresca V,1762.53,93.5530740959845,B
Twisted Pnt Grigio Cal,1751.56,93.55835953056095,B
Frogs Leap Svgn Bl Napa,1751.27,93.56364409004549,B
The Crusher Cab Svgn,1750.54,93.56892644671237,B
Talbott Pnt Nr Santa Lucia,1748.49,93.57420261738457,B
Dom Chandon Brut,1748.43,93.57947860700327,B
Santa Rita RSV Merlot,1748.26,93.58475408363704,B
Ch Croix de Jaugue St Emilio,1747.08,93.59002599955188,B
Zenato Pinot Grigio Veneto,1744.71,93.59529076385337,B
Foxhorn Wh Znfdl Cal,1743.96,93.60055326498605,B
Mooiplaas The Bean Pinotage,1743.67,93.60581489102681,B
Barefoot Refresh Sweet White,1743.09,93.61107476688369,B
Layer Cake Sea of Stones Red,1742.91,93.61633409958006,B
Piehole Apple Pie,1741.9,93.62159038454246,B
Delamotte Brut,1741.26,93.62684473826748,B
Marie Brizard Chocolat Royal,1741.04,93.63209842812965,B
Bastille 1789 French Whiskey,1739.3,93.63734686744023,B
Ch Plaisance Cuvee Alix Roug,1738.8400000000001,93.64259391867395,B
Citadelle Gin,1737.2099999999998,93.6478360512875,B
Cavit Pinot Grigio Bottega,1734.76,93.65307079088298,B
Flip Flop Chard,1734.0900000000001,93.65830350871434,B
Belle Ambiance Pnt Grigio,1733.83,93.6635354419805,B
Billecart-Salmon Brut Rose,1733.77,93.66876719419317,B
Ken Wright Clrs Willa Pnt Nr,1733.3999999999999,93.67399782990923,B
Foss Marai Prosecco,1731.21,93.67922185717242,B
Duck Pond Pnt Gris Ore,1727.75,93.68443544368358,B
Backhouse Chard,1726.53,93.6896453487735,B
Two Oceans WstrnCape Svgn Bl,1725.26,93.69485142156427,B
Nikka Pure Malt whiskey,1724.75,93.70005595540025,B
Blood Orange Liqueur,1724.31,93.70525916151053,B
Skyy Infusions Pacific Blueb,1722.84,93.71045793180997,B
El Tesoro Anejo Gold Tequil,1722.5700000000002,93.71565588736865,B
Newport Vyds Great White RI,1722.29,93.720852998011,B
Dom Carneros Pnt Nr Napa Vly,1720.25,93.7260439528342,B
Tozai Well of Wisdom Sake,1719.25,93.73123189009902,B
Fess Parker Snt Barbr Pnt Nr,1718.22,93.73641671927871,B
Uvaggio Primitivo Lodi,1714.57,93.74159053437026,B
Edna Valley Paragon Svgn Bl,1714.57,93.74676434946181,B
Luigi Bosca La Linda Malbec,1714.44,93.75193777227078,B
Flag Hill Spiced Rum,1709.43,93.7570960771122,B
Cannonball Svgn Bl,1708.79,93.76225245071625,B
Crown Royal No Harvest Rye,1705.43,93.7673986853241,B
Buglioni L'Amarone,1704.69,93.77254268693875,B
Duboeuf Beaujolais,1704.32,93.77768557205678,B
Skinnygirl Spicy Lime RTD,1703.45,93.782825831899,B
Ninety+Cellars Lot 35 Tempo,1701.43,93.7879599962733,B
Ch Beaucastel Chtnf Pap,1699.83,93.79308933255415,B
Skyy Watermelon Fresca Vodka,1699.83,93.798218668835,B
Tullibardine Single Malt,1699.66,93.80334749213094,B
Elvio Cogno Barolo Cascina N,1699.66,93.80847631542687,B
Clifford Bay Svgn Bl Marlbor,1698.59,93.81360190993533,B
Black Velvet Cinnamon Rush,1698.3,93.81872662935184,B
Simply Naked Unoaked Svgn Bl,1697.6200000000001,93.82384929682867,B
Little Black Dress Merlot,1696.1200000000001,93.82896743796789,B
Bota Mini Pnt Grigio,1695.75,93.8340844626105,B
Montinore Pnt Nr Ore,1691.06,93.83918733490427,B
Twenty 2 Vodka,1690.29,93.84428788367806,B
Bluecoat Gin,1689.35,93.84938559594698,B
Bollini Pinot Grigio,1688.74,93.85448146750528,B
Moillard CdR Violettes Rouge,1688.7,93.85957721836124,B
The Dreaming Tree Everyday,1686.84,93.8646673565586,B
Arrow Brown Creme de Cacao,1685.89,93.86975462807547,B
Ungava Gin,1685.46,93.87484060204224,B
Newton Claret Napa,1685.0199999999998,93.87992524828333,B
Yellow Tail Sweet Red Roo,1684.76,93.88500910995923,B
The Naked Grape Pnt Nr,1684.59,93.8900924586502,B
Quinta do Crasto Douro Rd,1681.8899999999999,93.8951676599335,B
Gran Patron Platinum Tequil,1679.92,93.9002369166268,B
Ch Lynch Bages Paulliac 11,1679.88,93.90530605261775,B
Makers Mark Cask Strength,1679.72,93.91037470579934,B
Cakebread Clrs Two Creeks 12,1679.5800000000002,93.91544293652277,B
Bridlewood Pnt Nr,1678.32,93.92050736512262,B
Ch Smith Haut Lafitte 12 Whi,1676.8700000000001,93.92556741826282,B
Monte Alban Mezcal,1674.12,93.93061917311742,B
Pine Ridge Napa Vlly Cab Svg,1673.69,93.93566963042193,B
Mouton Cadet Rose,1670.5,93.94071046171516,B
Twisted Old Vine Znfdl,1665.64,93.94573662767462,B
Pura Vida Silver Tequila,1663.54,93.95075645676143,B
Rosita Tequila Gold,1662.9099999999999,93.95577438478647,B
Cleveland Black Rsv Whiskey,1659.3799999999999,93.96078166083039,B
Hayes Valley Cab Svgn CC,1658.34,93.96578579861358,B
Merry Edwards Pnt Nr Sonoma,1655.64,93.97078178898911,B
Sierra Cantabria Unica Rsv 0,1655.08,93.97577608953193,B
Shellback Spiced Rum,1654.62,93.98076900199793,B
L Bernard Cotes du Rhone,1652.63,93.98575590952268,B
Black Ink Red Wine,1652.51,93.99074245494046,B
A Bichot Morgon Les Charmes,1652.1299999999999,93.99572785368603,B
Candia Vyds Black Ice,1651.4099999999999,94.00071107978957,B
Smith & Cross Jamacian Rum,1649.4499999999998,94.00568839147866,B
The Calling Cab Svgn Rio Lgo,1649.34,94.01066537123633,B
Ch Francs Brdx CdFrancs,1648.03,94.01563839799249,B
The Dreaming Tree CC Chard,1645.8700000000001,94.02060490682254,B
Ponzi Willamette Pnt Nr,1644.53,94.02556737212436,B
Markham Cab Svgn,1642.5900000000001,94.03052398336287,B
Boca Loca Cachaca,1640.35,94.0354738352706,B
Whitehaven Svgn Bl,1636.19,94.04041113413541,B
Ruffino Il Ducale Toscana Rd,1633.98,94.0453417641962,B
Paul Masson Wh Znfdl,1633.74,94.05027167004295,B
Canyon Rd Cab Svgn,1633.57,94.05520106290477,B
Nino Franco Prosecco Rustic,1631.04,94.06012282134387,B
Secoli 13 Prosecco Valdobbia,1630.6399999999999,94.06504337275962,B
Rutherford Ranch Chard,1629.8400000000001,94.06996151012864,B
Bowmore Darkest Islay 15 Yr,1627.77,94.07487340115179,B
Rex Goliath Pnt Grigio,1625.31,94.07977786898131,B
Ch Alter Ego 10 Brdx,1624.87,94.08468100908513,B
Belvedere Mango Passion,1624.37,94.08958264040976,B
Bota Mini Chard,1623.93,94.09448294400869,B
O Wines Chard,1622.44,94.09937875144563,B
R Mondavi Meritage Pvt Slctn,1622.16,94.10427371396621,B
Wicked 87 Whiskey,1619.05,94.10915929188019,B
Ch Graville Lacoste Graves,1619.05,94.11404486979418,B
Tilia Malbec Syrah  Mendoza,1618.38,94.11892842594403,B
Barefoot Bubbly Peach Fusion,1618.38,94.12381198209388,B
Tres Agaves Anejo Tequila,1616.51,94.12868989540956,B
Arrow Kirsch,1615.53,94.13356485151802,B
The Divining Rod Cab Svgn,1614.99,94.13843817814492,B
Totts Brut Calif,1613.98,94.14330845703786,B
Frost Bitten Ice Rsl,1610.76,94.14816901939278,B
Crown Royal 75th Anniversary,1609.77,94.15302659436489,B
Rosemount Diamond Chard,1609.38,94.15788299248922,B
Cecchi Cern Chianti Clsc RSV,1609.3,94.16273914920889,B
Ch Larose Trintaudon 09,1607.33,94.16758936133851,B
Broadbent Vinho Verde Wh,1606.66,94.17243755170402,B
Castle Rock Merlot Cal,1605.53,94.17728233222856,B
Skinnygirl Sangria,1604.54,94.18212412537027,B
F Coppola Sofia Bl de Bl,1603.93,94.18696407780138,B
Laphroaig 25 Yr Cask Strenth,1599.96,94.19179205052566,B
Delord Bas-Armagnac 25 Yr,1599.8,94.19661954044061,B
Il Poggione Brunlo d Montlcn,1599.8,94.20144703035554,B
Columbia Crest Two Vns Chard,1599.08,94.20627234762844,B
Murphy-Goode Svgn Bl,1598.82,94.21109688033617,B
Hedges Red Columbia Vly,1596.94,94.2159157400341,B
Roscato Bianco,1595.42,94.22073001304331,B
Kris Pnt Nr delle Venezie,1592.77,94.22553628952275,B
Honig Bartolucci Vyds Cab Sv,1589.8,94.2303336038538,B
James Oliver Rye Whisky,1589.4699999999998,94.23512992239054,B
Tom Gore Cabernet Svgn CA,1588.88,94.23992446056783,B
Gallo Cafe Znfdl Cal,1588.41,94.2447175804927,B
Kenwood Chard 12,1587.6299999999999,94.24950834672202,B
Ch Calon 12 Segur St-Estphe,1583.82,94.25428761605387,B
Ch Beaucastel Coud Rouge,1583.52,94.2590659801182,B
Santa Margherita Chianti Cls,1583.34,94.263843801022,B
Alto Moncayo Veraton Garnach,1583.28,94.26862144087232,B
Tenshen White,1583.12,94.2733985979133,B
Beringer Chard Napa Vly,1579.1499999999999,94.27816377524745,B
Yalumba Y Series Viognier,1578.84,94.2829280171385,B
Dom Ste Michelle Brut Cuvee,1577.97,94.28768963375376,B
Charles Smith Boom Boom Syra,1575.1499999999999,94.29244274085434,B
Jolivet Sancerre,1573.27,94.29719017494516,B
Ferrari Carano Pnt Grigio,1573.01,94.30193682447079,B
Menage a Trois Chard,1569.54,94.3066730030688,B
Mionetto Frizzante Prosecco,1568.1499999999999,94.31140498726064,B
Gerard Bertrand Corbieres Ro,1564.8,94.31612686263188,B
M D 20/20 Orange Jubilee,1564.08,94.32084656536107,B
Blackstone Chard Monterey,1561.47,94.32555839226285,B
Tenuta Santo Pietro Percept,1561.29,94.33026967600414,B
LaBelle Winery Blueberry,1559.2199999999998,94.33497471339955,B
Barenjager Honey & Bourbon,1557.27,94.33967386655608,B
Springbank 10 Yr Scotch,1553.79,94.34436251860943,B
Hess Collection Cab S Mt Vee,1553.74,94.34905101978485,B
Eden Heirloom Blnd Ice Cider,1553.3799999999999,94.35373843463924,B
Chi Chi's Orange Cream RTD,1552.24,94.35842240947709,B
McManis Pnt Nr Cal,1551.59,94.36310442290197,B
Skeleton Malbec,1549.59,94.36778040121007,B
Barefoot Bubbly Red Moscato,1548.45,94.3724529395016,B
If You See Kay Red Blend,1547.1399999999999,94.37712152479163,B
Kim Crawford Chard Unoaked,1547.1299999999999,94.3817900799061,B
Skol Vodka,1544.62,94.38645106094899,B
Tarima Monastrell Jumilla,1541.29,94.39110199352243,B
McClelland Islay Single Mal,1541.1899999999998,94.39575262434005,B
Beringer Classic Wh Zin Mosc,1540.77,94.40040198778313,B
Silver Oak Cab Svgn Napa Vly,1539.93,94.40504881647716,B
Balvenie 12 Yr Single Barrel,1539.78,94.40969519253744,B
Dom du Pegau Chntf du Pape R,1539.78,94.41434156859772,B
Triga Alicante Tinto 11,1539.23,94.41898628500088,B
Hess Collection Chard Napa,1539.23,94.42363100140405,B
St Brendans Salted Caramel,1538.9,94.42827472201294,B
Simi Merlot,1538.1,94.43291602857512,B
Flag Hill White Rum,1536.4699999999998,94.43755241651712,B
Darnley's View Gin,1535.36,94.4421854549693,B
C Y Toro Frontera Cab Svgn,1534.32,94.44681535516077,B
Ridge Lytton Petite Sirah,1529.49,94.45143068054519,B
Ch St Jean Alexander Cab Svg,1529.3899999999999,94.45604570417377,B
Hazlitt Red Cat Finger Lakes,1529.28,94.46066039587095,B
Fleur de Pnt Nr California,1529.1,94.4652745444076,B
Catena RSV Chard,1529.1,94.46988869294427,B
De Loach Merlot Cal,1528.47,94.47450094041912,B
Hartley & Gibson Amontillad,1527.85,94.47911131700779,B
Bols Orange Curacao,1527.61,94.48372096938245,B
Midnight Moon Cranberry,1521.73,94.48831287851375,B
Ch Lynch Bages 10,1519.92,94.49289932586437,B
Mortlach Single Malt Scotch,1519.8400000000001,94.49748553181033,B
Bertani Amarone 04,1519.84,94.50207173775628,B
Grand Mayan Silver Agave,1519.81,94.50665785317547,B
Jefferson's Rsv Groth Resrve,1519.81,94.51124396859466,B
Ch Montrose 10,1517.94,94.51582444117966,B
Cles des Ducs Armagnac VSOP,1517.31,94.52040301270289,B
Lidestri Pink Limoncello,1515.25,94.5249753680558,B
Girard Chard RRV,1513.24,94.52954165811637,B
Peychaud's Bitters,1511.97,94.53410411587777,B
Citation Chard,1511.58,94.5386653967914,B
Middle Sister Pnt Nr Goodie,1508.49,94.54321735344959,B
Meridian Santa Barbara Chard,1508.33,94.54776882729846,B
Dylan's Ghost Hell Hollow CS,1506.68,94.55231532217596,B
Gekkeikan Nigori Sake,1503.49,94.55685219104221,B
Hahn Merlot Central Coast,1501.75,94.56138380935684,B
Mr Boston Rock & Rye,1501.33,94.56591416029696,B
Kahlua Pumpkin Spice Liqueur,1500.21,94.57044113157168,B
Masi Amarone Costasera Valp,1499.75,94.57496671476954,B
SW4 London Dry Gin,1499.3999999999999,94.57949124182196,B
Ken Forrester Petit Chenin B,1498.91,94.58401429027077,B
Hugel Gentil White,1498.8600000000001,94.58853718784167,B
Zorvino Fragole Z Strawberry,1496.93,94.59305426152486,B
Edna Valley Paragon Pnt Nr,1496.93,94.59757133520806,B
Fess Parker Chard,1496.07,94.60208581379102,B
Cruzan Estate Diamond Dark,1495.12,94.60659742569354,B
Mayu Pedro Ximenez,1493.85,94.6111052052969,B
Eppa Red Sangria Organic,1493.85,94.61561298490024,B
Trimbach Riesling,1493.1699999999998,94.6201187125639,B
Malibu Red,1489.12,94.62461221911606,B
Murphy-Goode Chard Sonoma,1487.97,94.62910225547606,B
Woop Woop Shiraz,1487.01,94.63358939498,B
Sweet Baby Vyds Raspberry,1486.76,94.63807578009438,B
Anterra Chardonnay,1486.14,94.64256029432252,B
R Mondavi Pnt Nr Napa Vly,1484.4499999999998,94.64703970887699,B
Rosenblum Vntr Cve XXX Znfdl,1483.65,94.65151670938474,B
Merryvale Starmont Cab Svgn,1483.47,94.65599316673197,B
Bolla Torr'Alta Veronese Ros,1481.22,94.66046283457284,B
Clos du Bois RSV Cab Svgn,1479.25,94.66492655782368,B
Ferreira Dona Antonio RSV,1479.25,94.6693902810745,B
Antico Colle Rosso di Montep,1478.52,94.67385180150771,B
Fontana Candida Frascati,1478.2,94.67831235632222,B
Red Rock Pnt Nr,1477.3600000000001,94.6827703763877,B
Dom Serene Yamhill Cv Pnt Nr,1476.6000000000001,94.68722610310878,B
Folonari Pnt Nr Venezie,1475.1799999999998,94.69167754489696,B
Waterstone Cab Svgn,1474.4099999999999,94.69612666316519,B
(RI) 1,1470.6000000000001,94.70056428453594,B
Rodney Strong Rsv Alex Vy CS,1469.7,94.70499919010412,B
Beringer Cab Svgn Napa Vly,1469.5800000000002,94.70943373356529,B
Dictador 12 Yr Rum,1469.57,94.71386824685091,B
Pendleton 1910,1469.51,94.718302579083,B
Uisce Beatha Irish Whisky,1469.51,94.72273691131511,B
Castano Solanera Yecla Mona,1468.95,94.7271695537145,B
Magnificent Wine Co House Re,1468.78,94.73160168312897,B
The Naked Grape Cab Svgn,1467.9,94.73603115709206,B
J Lohr Hilltop Cab Svgn,1466.46,94.74045628577106,B
Whitehall Tre Leoni Red Napa,1465.3899999999999,94.74487818566259,B
Lindemans Bin 40 Merlot,1462.91,94.7492926020093,B
Beringer Classic Moscato,1462.88,94.75370692782926,B
Girard Old Vine Znfdl,1462.36,94.75811968451885,B
Di Padrino Dry Vermouth,1462.17,94.76253186787235,B
Mirassou Pnt Grigio Cal,1458.54,94.76693309748889,B
Ch St Jean Pnt Nr Sonoma Cst,1457.28,94.77133052498186,B
MacGavin's Highland Scotch,1457.1899999999998,94.77572768089459,B
Benromach 10Yr Single Malt,1455.74,94.78012046134762,B
Candia Vyds Ice Storm,1455.48,94.78451245723548,B
Cecchi Bonizio Red Blend,1455.41,94.78890424189426,B
24 Knots Pnt Nr,1454.96,94.79329466865177,B
Warre's Kings Tawny Porto,1454.88,94.79768485400459,B
Mayu Carmenere Syrah,1454.88,94.80207503935742,B
Bird Dog Chocolate Whiskey,1454.03,94.80646265978561,B
Fat Bastard Pnt Nr,1450.68,94.81084017139318,B
Armand De Brignac Brut,1449.95,94.81521548018314,B
Poli Sarpa Grappa,1449.71,94.81959006475908,B
Champagne Pommerey 04 Gr Cru,1449.71,94.82396464933504,B
Marques de Caceres Gran RSV,1449.51,94.8283386303993,B
Deep Eddy Vodka,1449.1,94.83271137426463,B
Cribari Chianti,1448.56,94.83708248864842,B
La Merika Pnt Grigio Montery,1447.39,94.8414500724889,B
Kringle Cream,1447.27,94.84581729422236,B
Yealands Svgn Bl Marlborough,1444.8799999999999,94.85017730399127,B
Bone Shaker Znfdl,1441.28,94.85452645054997,B
Bruno Colin Chass-Mont Morge,1439.84,94.85887125182458,B
Penfolds Bin 389 Cab/Shiraz,1439.76,94.86321581169453,B
Hudson Maple Cask Rye,1439.68,94.86756013015982,B
Ancho Reyes Chile Liqueur,1439.3999999999999,94.87190360370873,B
Midnight Moon Raspberry,1439.28,94.87624671515066,B
Flag Hill Cranberry Liqueur,1439.04,94.88058910237855,B
Gordons London Dry Gin,1438.56,94.88493004117842,B
Ch Beaulieu Grand Vin Brdx,1438.56,94.8892709799783,B
Canyon Oaks Chard Cal,1438.5,94.89361173772467,B
Barefoot Refresh Summer Red,1431.6100000000001,94.89793170449371,B
EnRoute Pnt Nr,1429.74,94.90224602842858,B
Schmitt Sohne Spatlese,1428.83,94.9065576063853,B
C Y Toro Casa Diablo Svgn Bl,1428.57,94.91086839977683,B
Edna Valley San Luis Cab Svg,1426.98,94.91517439525055,B
Luiano Sangiovese,1426.81,94.9194798777393,B
Peter Vella Delicious Red B/,1424.05,94.92377703176693,B
Sequin Delicately Moscato,1422.22,94.92806866366269,B
GlenDronach Tawny Port 15 Yr,1421.82,94.93235908853508,B
Banfi Pnt Grigio Rime,1420.42,94.93664528882574,B
Josiah Bartlett Apple Brandy,1418.5700000000002,94.94092590663337,B
Cupcake Riesling,1418.31,94.9452057398758,B
Jeremiah Weed Sweet Tea Vdka,1418.03,94.94948472820191,B
Ninety+Cellars Lot 37 Shiraz,1416.53,94.95375919019041,B
Andre Cold Duck,1412.6299999999999,94.95802188370119,B
Nisia 13 O V Verdejo Rueda,1411.43,94.96228095614191,B
Cavicchioli Sw Italian Spkln,1409.8,94.96653510996244,B
Primaterra Pnt Nr,1409.69,94.97078893185154,B
King Est Pnt Nr Ore,1408.4399999999998,94.97503898179266,B
Lecciaia Brunello M Reserve,1407.68,94.97928673838942,B
Luna di Luna Chard/Pnt Grig,1407.36,94.98353352936746,B
Cesari Jema Corvina Veronese,1405.6200000000001,94.98777506979394,B
Yellow Tail Svgn Bl,1404.95,94.99201458845626,B
Martin Ray Cab Svgn Napa,1403.2199999999998,94.99624888674258,B
LaLuca Prosecco,1402.83,95.00048200818111,C
Farnum Hill Farmhouse Cider,1402.44,95.00471395277188,C
Opici Fish Bottle Bianco,1401.83,95.00894405665203,C
Covey Run Rsl Columbia Vly,1401.66,95.01317364754726,C
Ch Clos Fourtet 12 St-Emilin,1399.8600000000001,95.01739780683737,C
Groth Rsv Cab Svgn Napa Vly,1399.86,95.02162196612748,C
Glenfiddich The Original,1399.86,95.0258461254176,C
Jose Cuervo La Familia Rsv,1399.86,95.03007028470772,C
The Naked Grape Chard,1398.0,95.03428883133923,C
Frei Bros RSV Svgn Bl RRV,1395.07,95.03849853652466,C
Warre's 20-Yr Tawny Port,1394.69,95.0427070950379,C
Menage a Trois Moscato,1394.42,95.04691483881037,C
C Y Toro Privada Rsv Casa Di,1394.07,95.0511215264374,C
Korbel Natural,1394.07,95.05532821406445,C
Jam Jar Sweet Shiraz,1392.78,95.05953100904114,C
Jelu Malbec San Juan,1392.05,95.06373160120023,C
Black Button Citrus Gin,1391.56,95.06793071475569,C
Ty Ku Sake Junmai Ginjo,1391.04,95.07212825918079,C
Natura Valle Svgn Bl Casabla,1390.61,95.07632450605578,C
Milagro Tequila Reposado SBR,1389.74,95.08051812765498,C
Purple Cowboy Red,1388.74,95.08470873169578,C
Old Forrester 1870 Craft,1388.69,95.08889918485866,C
Saintsbury Carneros Pnt Nr,1385.58,95.09308025341495,C
Arak Razzouk,1385.37,95.09726068828398,C
Rebel Yell American Whisky,1385.34,95.10144103262624,C
Volpaia Chianti Clsco,1385.23,95.1056210450371,C
Flag Hill Red Raspberry Fru,1385.01,95.1098003935851,C
Matanzas Creek Svgn Bl Sonom,1383.3,95.11397458210826,C
G Vigouroux Pigmentum Malbec,1382.55,95.11814650746263,C
Goosebump Velvety Red,1382.27,95.12231758790062,C
Broker's London Dry Gin,1380.34,95.12648284445095,C
DeLeon Reposado Tequila,1379.77,95.13064638099297,C
Herradura Reposado Lot 598,1379.7,95.13480970630593,C
Gnarly Head Chard Cal,1379.54,95.13897254880952,C
Clos de Los Siete Mendoza,1379.31,95.14313469727469,C
Ch LaGrange 10 Brdx,1377.8700000000001,95.14729250045578,C
Phillips Lust Znfdl Lodi,1376.75,95.15144692397146,C
The Messenger Telegram Red 1,1376.19,95.15559965765445,C
Napa Cellars Chard,1376.1899999999998,95.15975239133745,C
Ch Rollan de By Medoc,1374.45,95.16389987446884,C
Arrow Creme de Banana,1374.28,95.16804684461529,C
Ch Mylord Cuvee Milady,1373.77,95.17219227580698,C
Penner-Ash Willamette Pnt Nr,1368.63,95.17632219674852,C
Intorcia Marsala Sweet,1366.8600000000001,95.18044677661172,C
Marcus James Merlot Mendoza,1366.45,95.18457011927597,C
Old Potrero 18th Century,1364.76,95.18868836226655,C
Moletto Prosecco,1364.5800000000002,95.19280606209661,C
Cosentino The Franc,1363.95,95.19692186086488,C
Marietta Old Vine Cve Cal Rd,1363.95,95.20103765963314,C
Neyers Vyd Chard Carneros,1363.48,95.20515204014899,C
Toasted Head Merlot Cal,1362.8600000000001,95.20926454977861,C
The Divining Rod Red,1362.76,95.2133767576524,C
Klinker Brick Farrah Syrah,1359.1999999999998,95.21747822301832,C
LaBelle Winery Riesling,1359.15,95.2215795375063,C
Canadian Club 1858 VAP,1358.76,95.22567967514654,C
Stonehedge Merlot Cal,1358.64,95.22977945067976,C
Estancia Svgn Bl Pinnacles,1358.64,95.23387922621296,C
Totts Extra Dry,1358.3,95.23797797577633,C
Benziger Merlot,1356.87,95.2420724102312,C
Oops Spicy Splendr Carmenere,1356.6100000000001,95.24616606012088,C
Freemark Abbey Merlot Napa,1355.57,95.25025657174983,C
Jacobs Crk Cab Svgn,1353.47,95.25434074650616,C
Glen Grant 10 Yr Single Malt,1352.65,95.25842244686461,C
Art in the Age Rhubarb Tea,1352.5900000000001,95.26250396616956,C
Shafer Red Shoulder Chard,1351.74,95.26658292054987,C
Angeline Rsv Cab Svgn,1351.1799999999998,95.27066018509748,C
Caribou Crossing Canadian,1349.73,95.27473307418542,C
Guasti Clemente Barolo Rsva,1349.73,95.27880596327337,C
Ca'Momi Rosso di Napa,1348.65,95.28287559339826,C
Juarez Silver Tequila,1348.65,95.28694522352313,C
Luiano Chianti Clsc,1347.1599999999999,95.291010357486,C
Gallo Copperidge Wh Znfdl,1346.9099999999999,95.2950747370593,C
De Loach Russian River Chard,1345.33,95.29913434889032,C
Port Charlotte Scotch Barley,1344.79,95.3031923312398,C
Trefethen Cab Svgn,1344.75,95.30725019288695,C
Chi Chi's Ruby Red Margarita,1344.48,95.31130723979335,C
Bonpas Ch du Pape Rouge Rsv,1343.68,95.31536187265303,C
Gattinara Travaglini,1343.52,95.31941602270335,C
Dibon Cava Brut Rsv,1339.93,95.32345933971907,C
Talamonti Moda Montepulciano,1339.51,95.32750138936025,C
Brotte La Griveliere CDR,1338.66,95.33154087407681,C
DiSaronno Cavalli Collection,1337.97,95.33557827667806,C
Cuvaison Chard,1337.5,95.33961426102687,C
Natura Colchagua Carmenere,1334.68,95.34364173586103,C
LaBelle Winery Seyval Blanc,1334.1100000000001,95.34766749068689,C
Jackson Morgan Pepmint Mocha,1333.4199999999998,95.35169116339748,C
Mas Donis Montsant Old Vines,1330.89,95.35570720168532,C
Cherry Tart Pnt Nr,1329.3,95.35971844205534,C
Latour Beaujolais Villages,1329.07,95.36372898838691,C
Bridlewood Cab Svgn,1329.05,95.36773947436731,C
Ilauri Le Pinciaie 10 Red,1329.05,95.37174996034773,C
McCormick Gold Label Bourbon,1328.6,95.37575908842688,C
F Coppola Sophia Chard,1328.16,95.37976688878031,C
Lake Sonoma Chard RRV,1327.2199999999998,95.38377185262885,C
Adelsheim Pnt Gris Ore,1327.17,95.38777666559949,C
Casa Silva Los Lingues Cab S,1327.17,95.39178147857012,C
Pepperwood Grove Cab Svgn,1326.34,95.39578378696729,C
Wemyss The Hive,1324.75,95.39978129744662,C
Ch Ste Michelle Eroica Rsl W,1324.35,95.40377760090259,C
Kendall Jackson Vntr RSV Zin,1321.64,95.40776572677532,C
Beringer Fndrs Est Pnt Nr,1320.84,95.41175143860133,C
Talbott Kali Hart Mtry Chard,1320.32,95.41573558129699,C
Ch Les Carruades 11 Lafitte,1319.94,95.41971857732044,C
Aszu Royal Tokaji 5 Puttony,1319.7,95.42370084912987,C
Barrow's Intense Ginger,1319.48,95.42768245707649,C
Walnut Crest Merlot Rapel,1318.68,95.43166165097637,C
Girard Svgn Bl Napa Vly,1315.1999999999998,95.43563034377304,C
Korbel Sweet Cuvee,1315.17,95.43959894604298,C
Cecchi Coevo Wood,1314.77,95.44356634128955,C
Terra d'Oro Znfdl Port,1313.27,95.44752921019854,C
Castell Del Remei Gotim Bru,1312.91,95.45149099278652,C
Carpineto Brunello Montalci,1310.77,95.45544631779951,C
Charles Smith C Smith Cab Sv,1310.31,95.45940025473566,C
Masciarelli Trebbiano Abruzo,1308.69,95.46334930322722,C
Sipsmith Gin,1307.67,95.46729527380921,C
Bacardi Coconut,1306.8,95.47123861911541,C
Southern Comfort Cherry,1303.3700000000001,95.47517161419633,C
Conterno Fantino Barolo Mosc,1301.8600000000001,95.47910005276407,C
Bitch Grenache Aragon,1301.07,95.48302610746067,C
Schramsberg Blanc de Blancs,1300.65,95.48695089478275,C
Woodford Reserve MC 1838,1299.87,95.4908733284093,C
Beringer KVR Cab Svgn,1299.74,95.49479536975323,C
Dry Creek Cab Svgn Sonoma,1299.35,95.49871623424941,C
Alverez de Toledo Mencia Rbl,1297.71,95.50263214994985,C
Novelty Hill Cab Svgn CV,1297.4099999999999,95.50654716038272,C
Absolut Grapevine Vodka,1296.12,95.5104582781653,C
Double Canyon Heaven H Cab S,1295.46,95.51436740435933,C
Svedka 100 Vodka,1294.92,95.51827490107185,C
Diseno Red Blend Mendoza,1294.9,95.52218233743316,C
Dewars Wh Label & Honey 2 Pk,1294.63,95.52608895905374,C
Ruffino Unoaked Chard Toscna,1294.38,95.5299948262847,C
Ramey Russian River Chard,1291.66,95.53389248575684,C
Davis Bynum Jane's Vyd Pnt,1291.57,95.53778987364873,C
C Y Toro Marques Cs Cab Svgn,1291.32,95.54168650715103,C
Lemelson Theas Slctn Pnt Nr,1289.57,95.54557785992614,C
C Y Toro Casillero Pnt Nr,1288.72,95.5494666477766,C
Mirassou Moscato,1288.71,95.5533554054515,C
Moonlight Meadery Sensual,1287.08,95.55723924450619,C
Gekkeikan Sake Haiku Prm Sel,1285.83,95.56111931161291,C
Cointreau VAP,1283.6200000000001,95.5649927099156,C
Hahn Chard Monterey,1282.93,95.56886402610297,C
Satellite Svgn Blanc Marlbor,1281.99,95.57273250578547,C
Ch Talbot St-Julien 12 GCC,1280.79,95.5765973643979,C
Linkwood 15 Yr Old Sngl Malt,1279.84,95.58045935632985,C
Two Hands Angels Share Shira,1279.6,95.58432062404779,C
Brancaia Tre Rosso Toscana,1277.29,95.58817492120585,C
Hay Maker Svgn Bl,1276.58,95.59202707589743,C
Glendalough 13 Yr Sngle Malt,1274.85,95.59587401021302,C
Martinshof Gruner Veltliner,1273.0900000000001,95.59971563362583,C
Matua Pnt Nr Marlboro,1273.02,95.60355704580957,C
Ron Rio Silver Rum,1272.18,95.60739592324423,C
Sauza Giro Gold Tequila,1271.66,95.61123323154854,C
Ravenswood Vntrs Blnd Shiraz,1271.26,95.6150693328295,C
Man Chenin Blanc,1269.59,95.61890039478794,C
Tap 357 Maple Rye Whisky,1268.53,95.62272825813449,C
Camus Elegance VS Cognac,1265.49,95.62654694810352,C
Ch Bruni Brdx Superieur,1264.01,95.63036117208614,C
Z-52 Znfdl Lodi Old Vines,1262.42,95.63417059815092,C
Bota Mini Cab Svgn,1260.8400000000001,95.63797525647342,C
Glenfiddich 21 Year Old,1259.93,95.64177716881781,C
Stags Leap SLV Cab Svgn,1259.8799999999999,95.64557893028426,C
LaBelle Winery 2013 Dry Rsl,1259.1,95.64937833805519,C
Krupnik Spiced Honey Liqueur,1258.49,95.65317590511548,C
Jermann Pinot Grigio Venezi,1256.53,95.65696755776132,C
KAH Anejo Tequila,1254.82,95.66075405038231,C
Frescobaldi Mormoreto Cab Sv,1253.72,95.66453722368907,C
Ransom Dry Vermouth,1253.34,95.66831925032365,C
Kendall Jackson Vnts RSV Cab,1252.75,95.67209949659878,C
R Mondavi Cab Svgn Oakville,1249.79,95.67587081090106,C
Camus Grand VSOP Elegance,1249.68,95.67964179327191,C
Louis M Martini Cab Svgn,1248.31,95.68340864158779,C
The Naked Grape Box Merlot,1245.3,95.6871664070529,C
Rosemount Diamond Merlot,1243.75,95.6909194953025,C
Gnarly Head Malbec,1241.94,95.69466712177142,C
Spottswoode Cab Svgn Napa,1239.92,95.69840865277237,C
Clos du Bois Marlstone,1239.72,95.70214958026165,C
Pouilly Fume Minet Vls Vgns,1239.3799999999999,95.70588948178109,C
Champalou Vouvray Cuvee Fon,1239.3799999999999,95.70962938330051,C
Penfolds Bin 9 Cab Svgn,1239.3799999999999,95.71336928481993,C
Martin Ray Chard RRV,1237.34,95.71710303052025,C
Charles Heidsieck Brut RSV,1235.81,95.7208321593562,C
Mohua Pinot Noir,1235.29,95.7245597190618,C
Flora Springs Trilogy Cal,1234.81,95.72828583033939,C
Richards Wild Irish Rose Red,1231.6200000000001,95.7320023156057,C
Frey Cab Svgn Organic Mendcn,1231.33,95.73571792578008,C
Pitu Brazilian Rum Cachaca,1231.12,95.73943290226718,C
McManis Merlot Cal,1230.88,95.74314715454028,C
Chinaco Blanco Tequila,1229.59,95.74685751416307,C
Frogs Leap Znfdl Napa,1229.59,95.75056787378584,C
Zeni 11 Amarone Classico,1229.59,95.75427823340861,C
Codice Sierra Cantabria Red,1228.77,95.7579861186335,C
Ferrari-Carano Merlot,1227.52,95.7616902319104,C
Dom Fouassier Sancerre 13,1223.32,95.76538167144206,C
Senators Club,1223.25,95.76907289974463,C
Ch Bonnet Red,1221.06,95.77275751959434,C
High West American Prairie,1220.63,95.7764408418939,C
Redwood Creek Pnt Grigio,1219.89,95.78012193120028,C
Dom Serene Evenstad 11 Pnt N,1219.8,95.78380274892642,C
Wente Wetmore Cab Svgn,1219.59,95.78748293296528,C
Emblem Cab Svgn,1219.58,95.79116308682853,C
Neyers Merlot Napa,1219.53,95.7948430898139,C
Catskill Most Righteous Brbn,1219.4699999999998,95.79852291174575,C
Rodney Strong Chard Sonoma C,1219.3899999999999,95.80220249227293,C
Perc Coffee Liqueur,1218.47,95.80587929664638,C
Massolino Nebbiolo Langhe,1218.4699999999998,95.80955610101984,C
Patron XO Cafe Incendio,1217.4199999999998,95.813229736957,C
Taylor Golden Sherry,1217.1299999999999,95.8169024978022,C
Mezcal De Amor Amaras,1213.75,95.82056505930005,C
Picket Fence Chard RRV,1212.07,95.82422255129981,C
Crios Rose of Malbec,1210.99,95.8278767843365,C
Banfi Chianti Superiore,1210.81,95.83153047421267,C
La Cote Blanche Mcon V Chard,1209.23,95.83517939634659,C
C Y Toro Casa Diablo Merlot,1208.79,95.83882699075482,C
C Y Toro Frontera Pnt Grigio,1206.66,95.84246815776368,C
Kijafa Cherry,1206.49,95.8461088117876,C
Jim Beam Bonded Bourbon,1205.33,95.84974596544379,C
Ch Ste Michelle Indn Wl Merl,1205.32,95.85338308892439,C
Flip Flop Cab Svgn,1205.19,95.85701982012242,C
Rosita Triple Sec,1204.98,95.86065591763318,C
Marcus James Cab Svgn Mendza,1204.64,95.86429098917408,C
Ch D'Arcins Haut Medoc,1204.4299999999998,95.86792542702773,C
W Hill RSV Cab Svgn,1203.72,95.8715577224149,C
Frescobaldi Tenuta Castglni,1203.57,95.87518956516833,C
Heron Pnt Nr Cal,1203.14,95.87882011037165,C
Ravenswood Besieged Red,1203.14,95.88245065557497,C
Concannon Petite Sirah Cntrl,1202.9,95.88608047656426,C
Laphroaig 32 Yr Old Scotch,1199.99,95.88970151645864,C
Glen Moray 25 Yr Portwood,1199.95,95.89332243565069,C
Jim Beam Distlrs Masterpiece,1199.94,95.89694332466715,C
Mount Gay 1703 Old Cask Slct,1199.8899999999999,95.9005640628057,C
Paul Hobbs Cab Svgn Napa,1199.8799999999999,95.90418477076865,C
Gramercy Clrs Grenache,1199.76,95.90780511662462,C
Cuttings Red,1199.76,95.91142546248057,C
Merriam Merlot RRV,1199.54,95.91504514447368,C
Tolaini Al Passo Toscana,1199.52,95.91866476611561,C
Hornitos Plata VAP,1199.5,95.92228432740639,C
Sheffield Tawny Port,1198.8,95.92590177640628,C
Pine Ridge Forefront Cab Svg,1198.37,95.92951792785607,C
Wente Louis Mel Svgn Bl,1195.23,95.9331246041725,C
Yellow Tail Bubbles White,1192.81,95.93672397799763,C
Courvoisier VSOP VAP,1192.66,95.940322899189,C
Orleans Hill Syrah Lodi,1191.8,95.94391922528015,C
1800 Silver w/ Shot Glasses,1191.54,95.94751476680614,C
Arak-Gantous & Abouraad,1191.37,95.95110979534718,C
Lavergne Brdx Rouge,1190.51,95.95470222878801,C
Skinnygirl Mojito RTD,1189.93,95.95829291204498,C
Pol Roger Brut 2004,1189.85,95.96188335389726,C
Usquaebach 15 Yr Whisky,1189.83,95.96547373539839,C
Grahams 10-Yr Tawny Port,1189.61,95.96906345303667,C
Fish Eye Chard Cal,1189.3,95.97265223523185,C
Plungerhead Lodi Cab Svgn,1189.15,95.97624056479326,C
Terrabianca Campaccia,1187.6299999999999,95.97982430766592,C
Art In The Age Sage,1187.61,95.9834079901874,C
Snake River Stampede Whisky,1187.46,95.98699122007514,C
MSH Cellars Svgn Bl Napa Vly,1187.01,95.99057309206161,C
Canyon Oaks Cab Svgn Cal,1186.74,95.99415414930729,C
Gerard Bertrand Pnt Nr Rsv,1185.02,95.99773001635256,C
14 Hands Svgn Bl,1184.8799999999999,96.00130546093963,C
Svedka Orange Cream Pop,1184.77,96.0048805735953,C
Cupcake Shiraz,1184.1100000000001,96.00845369466242,C
Quinta do Crasto RSV Douro,1183.68,96.01202551817943,C
Villa Sandi Il Fresco Prosec,1182.09,96.01559254377861,C
Aultmore 12 Yr Scotch,1181.77,96.0191586037591,C
Rex Goliath Malbec,1180.04,96.02271944336356,C
Bodegas La Cartuja Priorat,1179.3999999999999,96.02627835173065,C
Luna di Luna Merlot/Cab Ca'M,1178.82,96.02983550991388,C
Corral De Peidra Cab Svgn,1177.93,96.03338998247015,C
Heitz Znfdl Ink Grade Vyd,1175.58,96.03693736376418,C
B & B Dom VAP,1174.53,96.04048157662191,C
Oops Cheeky Little Svgn Bl,1170.81,96.04401456416242,C
Bowen's American Whiskey,1169.61,96.04754393063287,C
Rumson's Coffee Rum,1169.61,96.05107329710331,C
Hornitos Spiced Honey Liquer,1169.35,96.05460187900859,C
Middle Sister Smarty Pants C,1168.83,96.05812889178348,C
Paul Masson Chablis,1168.67,96.06165542174904,C
Nicolas Feuillatte Brut,1167.67,96.06517893415621,C
Woodbridge Harvest Spice Red,1165.49,96.06869586828607,C
Yellow Tail RSV Shiraz Ausl,1164.94,96.07221114275883,C
Pico & Vine Cab Svgn Napa,1164.39,96.07572475757448,C
Phillips Rapture Cab Svgn,1162.79,96.07923354429668,C
Greg Norman Svgn Blanc Marlb,1160.28,96.08273475694735,C
Kenwood J London Cab Svgn,1159.63,96.08623400818503,C
El Coto de Rioja RSV Coto d,1159.4199999999998,96.08973262573546,C
Canyon Rd Pnt Nr,1159.18,96.0932305190719,C
Rosemount Shiraz/Cab Svgn,1158.84,96.09672738643845,C
Gallo Twin Valley Merlot Cal,1158.84,96.10022425380502,C
Stark Raving Red,1158.84,96.10372112117159,C
Coldcock American Herbal Whi,1158.3899999999999,96.10721663063688,C
Once Upon A Vine Pnt Nr,1156.99,96.11070791552042,C
Stags Leap The Investor Red,1154.79,96.1141925617755,C
C Y Toro Frontera Carmenere,1154.74,96.11767705715265,C
David Bruce Pnt Nr Sonoma,1154.67,96.12116134130073,C
Bracero Blanco Tequila,1154.67,96.1246456254488,C
Renzo Masi Chianti Rufina,1152.96,96.12812474957202,C
Bols Triple Sec,1152.47,96.13160239509165,C
Klinker Brick Old Ghst Znfdl,1151.68,96.13507765674012,C
Villa Pozzi Pnt Grigio Vnzie,1148.74,96.13854404676692,C
McCormick Vodka,1146.36,96.14200325500477,C
Matusalem Gran Reserva Rum,1145.59,96.14546013972264,C
Lange RSV Willamette Pnt Nr,1144.62,96.14891409740889,C
Pinnacle Strawbery Shortcake,1144.3,96.15236708947644,C
Rumson's Grand Rsv Rum,1143.74,96.15581839171129,C
AnestasiA Vodka,1143.68,96.15926951289264,C
Bluebird Pinot Noir,1143.19,96.16271915547038,C
Dry Creek Vyds Est Block 10,1141.62,96.16616406048144,C
Kahlua Peppermint Mocha,1141.3999999999999,96.16960830162965,C
Conterno Barolo Sori Gnestra,1139.88,96.1730479560891,C
Beaux Freres Pnt Nr Will Vly,1139.81,96.17648739931948,C
Ch Cantenac Brown Margaux 11,1139.81,96.17992684254985,C
Luxardo Maraschino Liqueur,1139.62,96.18336571244413,C
Bacardi Gran Reserva Maestro,1139.53,96.18680431075816,C
Dom de Dionysos Cairanne Cig,1139.43,96.19024260731635,C
Tenuta Alzatura Sagrantino,1139.43,96.19368090387452,C
Punt e Mes Sweet Vermouth,1139.4299999999998,96.19711920043271,C
Edmeades Mendocino Znfdl,1139.24,96.2005569236548,C
Trivento Rsv Cab Malbec,1138.88,96.20399356055587,C
DeKuyper Green Creme de Ment,1138.8600000000001,96.20743013710576,C
Cellar No 8 Pnt Nr,1138.74,96.21086635154865,C
The Path Pnt Nr,1135.8700000000001,96.21429390559896,C
Hall Cab Svgn Napa,1133.79,96.21771518312782,C
Barton Light Rum,1132.2,96.22113166273884,C
Dominio de Eguren Protocolo,1128.59,96.22453724896405,C
Hundred Acre Ark Vy Cab Svgn,1124.97,96.22793191162788,C
Diamond Creek Red Rock Cab S,1124.95,96.23132651394056,C
Diamond Crk Gravelly Cab Svg,1124.95,96.23472111625323,C
Ch Ste Michelle Indn Wls Red,1123.37,96.23811095082365,C
Rodney Strong Knotty Vn Znfl,1121.44,96.24149496150636,C
Trimbach Gewurztraminer,1120.4099999999999,96.24487586410395,C
Chivas Royal Salute,1119.93,96.2482553182735,C
Grgich Hills Znfdl,1119.68,96.25163401805345,C
M Lynch Bordeaux Rouge Medoc,1119.26,96.25501145045887,C
Joel Gott Alakai Red,1119.2,96.25838870181079,C
Blue Fish Pfalz Rsl,1118.6,96.26176414262768,C
Marc Bredif Vouvray,1116.4099999999999,96.2651329749917,C
Skyy Barcraft White Sangria,1115.07,96.26849776382747,C
Natura Chard Casablanca,1112.8899999999999,96.27185597438593,C
Dom La Fage Cve Nicholas VdP,1111.99,96.27521146914184,C
Mile Marker Pnt Nr,1111.31,96.27856491195806,C
Bertani Due Uve White Venet,1109.99,96.28191437159718,C
Stags Leap Wine Petite Syrah,1109.75,96.2852631070223,C
Castello Banfi Brun Montalcn,1109.6299999999999,96.2886114803404,C
Qupe Central Coast Syrah Cal,1109.4199999999998,96.29195921997126,C
Steele Clear Lake Merlot Cty,1109.26,96.29530647679279,C
Smoking Loon Malbec Carancho,1108.89,96.2986526171177,C
Beringer Wh Znfdl/Chard LVS,1108.84,96.30199860656468,C
F Coppola Directors Chard,1107.26,96.30533982826941,C
Northstar Merlot Columbia,1106.6299999999999,96.30867914891235,C
Antinori Tenuta Marchese,1105.73,96.31201575375273,C
St Brendans Peppermint Bark,1105.21,96.31535078946276,C
Wilson Winery Znfdl,1103.54,96.31868078585026,C
Saracco Moscato d'Asti,1103.31,96.32201008819933,C
Lindemans Bin 85 Pnt Grigio,1103.22,96.32533911896816,C
Acquese Moscato D'Asti Dolc,1103.08,96.3286677272788,C
Ultimat Vodka,1102.67,96.33199509839051,C
Aviation American Gin,1102.62,96.3353223186243,C
Luce Della Vite Lucente Tosc,1101.62,96.33864652129971,C
Gouleyant Malbec Cahors,1101.21,96.34196948677616,C
Frey Vyds Organic Agrul Red,1100.15,96.34528925364071,C
Bruichladdich Octomore 61,1099.8999999999999,96.34860826611568,C
Yellow Spot Irish Whisky,1099.8899999999999,96.35192724841505,C
Grant's Ale Cask Finish,1099.4499999999998,96.35524490298874,C
W Hill Cab Svgn Central Cst,1098.9,96.3585608979053,C
Line 39 Lk Cnty Petite Sirah,1098.9,96.36187689282188,C
Zorvino Vyds Pearz,1098.9,96.36519288773844,C
Aberfeldy 12 Yr Single Malt,1098.79,96.3685085507236,C
Kendall Jackson Vt RSV Syrah,1098.4,96.37182303686096,C
D'Arenberg Footbolt Shiraz,1095.4199999999998,96.37512853067433,C
Cono Sur Chard Cntrl Vly,1091.63,96.3784225879414,C
Moonlight Meadery Desire,1091.22,96.38171540800951,C
Flight Song Svgn Bl,1091.16,96.38500804702414,C
The Seeker Svgn Bl,1089.2,96.38829477162432,C
Tooters Mango Smash 15 Pk,1088.91,96.39158062113256,C
Alverdi Pnt Grigio,1087.79,96.39486309097539,C
Arrow Blackberry Brandy,1084.62,96.39813599515813,C
Bacardi Tangerine,1084.05,96.4014071793326,C
Byron Santa Barbara Pnt Nr,1083.44,96.40467652279642,C
Gloria Ferrer Brut,1081.47,96.40793992167022,C
Sandeman Tawny 40-Yr Port,1079.8799999999999,96.4111985226262,C
Dictador 20 Yr Rum,1079.82,96.41445694252864,C
Haig Club Scotch,1079.82,96.41771536243111,C
Massolino Barolo Serralunga,1079.73,96.42097351075331,C
Jefferson's Manhattan RTD,1079.73,96.42423165907552,C
Castello Montauto Vernaccia,1078.8,96.42748700106843,C
Bloom Gin,1077.51,96.430738450411,C
J Lohr Arroyo Seco Chard,1075.44,96.43398365340771,C
White Mountain Vodka,1074.57,96.43722623112862,C
Skinnygirl Red Wine,1069.81,96.44045444527157,C
Tenuta San Guido Sassacia,1067.97,96.44367710710708,C
Pinnacle Rainbow Sherbet,1066.88,96.44689647980395,C
Florio Sweet Marsala Italy,1066.03,96.4501132875762,C
Duboeuf Bjls Nouveau 2014,1066.03,96.45333009534843,C
Ch Pavie Macquin St Emiln 11,1065.87,96.45654642031134,C
Flag Hill Raspberry Liqueur,1064.29,96.45975797753196,C
BV Coastal Estate Chard,1064.01,96.46296868983626,C
Old New England Pumpkin Nog,1062.48,96.46617478527621,C
Loukatos Mavrodaphne Patras,1059.49,96.46937185821656,C
Sandeman 10 Yr Tawny Port,1057.54,96.47256304691805,C
Jewell Towne Marechal Foch,1057.08,96.47575284754268,C
BV Coastal Estate Merlot,1057.0,96.47894240676264,C
Gallo Fairbanks Wh Port,1054.68,96.48212496524714,C
Sloane's Gin,1054.51,96.48530701074671,C
El Coto de Rioja Crianza Re,1054.11,96.48848784922292,C
F Coppola Rosso Bianco Chard,1054.07,96.4916685669968,C
Murrieta's Well The Whip Wh,1052.4099999999999,96.49484427562373,C
Stoli 80 VAP Lemonade Shaker,1052.4099999999999,96.49801998425069,C
Montes RSV Colchagua Malbec,1052.19,96.50119502901478,C
Tenuta di Arceno Chianti Cls,1050.4199999999998,96.50436473270054,C
Placido Sangiovese Primever,1050.07,96.50753338024084,C
Grand Marnier Cuvee 1880,1049.97,96.5107017260253,C
Beringer Cab Svgn Pvt RSV Np,1049.93,96.51386995110744,C
Barterhouse Bourbon,1049.86,96.51703796496048,C
Glenfiddich Trio 200ml Pack,1049.79,96.52020576758444,C
Le Haut Medoc de Lascombes,1049.7,96.52337329862814,C
Claude Riffault Les Boucauds,1049.58,96.52654046756484,C
Canella Prosecco Di Conegli,1049.3899999999999,96.52970706316543,C
Smoking Loon Viognier Cal,1048.95,96.53287233104034,C
Parducci Cab Svgn,1047.05,96.5360318655543,C
Natura Malbec Ville de Rapel,1046.96,96.53919112848803,C
Arrow Sloe Gin,1046.69,96.54234957668098,C
14 Hands Hot to Trot White,1046.03,96.54550603328538,C
Marie Brizard Orange Curacao,1045.4199999999998,96.54866064917917,C
Diseno Malbec Mendoza,1045.11,96.55181432962986,C
Natura Pnt Nr,1044.96,96.55496755744679,C
Black Opal Cashmore Chard,1044.93,96.55812069473696,C
Antinori Chianti Clsc Pepoli,1044.58,96.56127277588169,C
Stags Leap Fay Cab Svgn Napa,1043.9099999999999,96.5644228352623,C
Ch Les Ormes Saint-Julien,1043.82,96.56757262306267,C
Truchard Carneros Pnt Nr,1043.65,96.5707218978781,C
Clos du Val Carneros Chard,1043.56,96.57387090111327,C
Drouhin Laforet Red Bourgog,1043.42,96.57701948189028,C
Hess Select Pnt Nr,1043.4199999999998,96.5801680626673,C
Rancho Zabaco Dncg Bul Znfdl,1042.84,96.58331489326044,C
Castano Yecla Monastrell Red,1040.97,96.58645608101936,C
Hogue Cellars Rsl Wash,1040.96,96.58959723860274,C
Hess Clctn 19 Block Cuvee,1040.71,96.5927376417965,C
Comandon XO Cognac,1039.92,96.59587566111914,C
Bowmore Islay 18-Yr Sgl Malt,1039.92,96.59901368044177,C
Avion Tasting Flight 3/375mL,1039.77,96.60215124713064,C
Gary Farrell RRV Pnt Nr,1039.74,96.60528872329276,C
Kismet Wine Papa's All-Black,1039.48,96.6084254148897,C
Rainstorm Pnt Nr,1039.35,96.61156171420406,C
Folonari Valpolicella,1038.27,96.61469475455534,C
Wine by Joe Pnt Nr,1036.3899999999999,96.61782212189685,C
Tall Ship Appledore Rum,1035.6299999999999,96.62094719589398,C
Maestro Dobel Diamond Tequla,1034.76,96.62406964461532,C
Candia Vyds Noiret Vault RSV,1034.31,96.62719073543538,C
Ch Fage Graves de Vayres,1031.14,96.63030226059533,C
Ardmore Legacy Single Malt,1030.74,96.63341257873192,C
Callia Alta Malbec,1028.84,96.63651716350758,C
Root 1 Svgn Bl,1026.14,96.63961360087558,C
Sensi Sangiovese/Cab Svgn T,1025.62,96.6427084691132,C
Antinori Villa Wh,1025.34,96.64580249243448,C
Stags Leap Winery Chard Napa,1024.7,96.6488945845184,C
For A Song  The Score,1022.72,96.65198070183669,C
Mazzei Siepi,1019.8799999999999,96.65505824928916,C
Hawk Crest Cab Svgn,1018.32,96.65813108935053,C
Castello Banfi Belnero Prop,1014.64,96.66119282479703,C
Maison L'Envoye Two Messenge,1013.61,96.66425145215837,C
Black Box Svgn Bl,1013.5799999999999,96.66730998899295,C
Killibinbin Seduction Cab Sv,1013.22,96.67036743950653,C
Cecchi Nobile Montepulciano,1012.5799999999999,96.67342295878272,C
Schmitt Sohne Blue Rsl,1010.4699999999999,96.67647211101072,C
Sella & Mosca Vermentino Ca,1008.99,96.6795167972523,C
Fattoire Barbi 10 Brunello,1007.7600000000001,96.68255777189707,C
Kunde Cab Svgn Sonoma Valley,1007.4699999999999,96.68559787144989,C
Kendall Jackson Sp Sel Chard,1007.16,96.68863703555961,C
Santa Julia Malbec,1007.16,96.69167619966933,C
Broadbent Gruner Veltliner,1004.33,96.69470682408881,C
Firefly Moonshine,1002.3100000000001,96.69773135304031,C
Trentadue Znfdl Alex Vly,1001.41,96.70075316618929,C
Grape Time Winery Rsl Granny,1000.23,96.70377141861937,C
Clos du Bois Rouge,1000.19,96.7067895503471,C
Ch Leoville Las Cases 11 Jul,999.95,96.7098069578608,C
Ch Le Gay Pomerol,999.9,96.7128242144966,C
Massimo Malbec Mendoza,999.2,96.71583935884154,C
Il Poggione Monalcino Rsv 07,998.91,96.71885362809452,C
B & G Vouvray,998.21,96.72186578505665,C
Dewatsuru Kimoto Junmai Sake,997.5899999999999,96.72487607113256,C
Gunsight Rock Cab Svgn,995.43,96.72787983928235,C
Calumet Farm Bourbon VAP,994.77,96.7308816158436,C
Wente Sandstone Mntry Merlot,993.38,96.73387919799869,C
Beefeater 24,992.5799999999999,96.73687436610705,C
Santa Rita Medalla Cab Svgn,991.38,96.73986591314535,C
Glam Prosecco,991.38,96.74285746018366,C
Coppa La Rocca Gavi,991.38,96.74584900722195,C
Honoro Vera Garnacha Calatyd,991.15,96.7488398602218,C
Eponymous Cab Svgn Napa,989.78,96.75182657916669,C
Moonlight Meadery Sumptuous,987.24,96.75480563351326,C
Santa Rita RSV Chard,986.02,96.75778100643856,C
Sivas-Sonoma Cab Svgn,985.42,96.76075456882887,C
Zum Rsl,981.02,96.76371485396224,C
Ch Pichon Longevile 11 Comts,979.9300000000001,96.76667184995694,C
Goldeneye Anderson Pnt Nr,979.82,96.76962851402024,C
Jordan Chard Sonoma,979.65,96.7725846650986,C
Fat Bastard Shiraz,978.11,96.77553616913706,C
Chivas Regal w/ 2 Glasses,977.6899999999999,96.77848640580098,C
M D 20/20 Banana Red,977.5500000000001,96.78143622000673,C
Blue Nun Authentic White,977.41,96.7843856117543,C
Writer's Block Cab Franc,975.39,96.78732890803391,C
Tenuta Santo Pietro Pio Il C,975.19,96.79027160080187,C
Lacoste Borie Pauillac,974.75,96.7932129658441,C
Tanqueray Old Tom Gin,974.6099999999999,96.79615390842818,C
Rihaku Nigori Dreamy Clouds,974.25,96.79909376469125,C
Roaring Meg Pnt Nr,972.52,96.80202840057828,C
Morgan Winery Syrah G-17 Mon,971.4599999999999,96.80495983785342,C
Terra d'Oro Ch Bl/Viognier,971.19,96.8078904603878,C
Riunite Lambrusco Rose,970.8,96.81081990607441,C
Dom D'Andezon CdRhone Red,969.26,96.81374470472109,C
Juarez Gold Tequila,969.03,96.81666880932934,C
Talbott Logan Slpy Hl Pnt Nr,968.61,96.81959164656307,C
Clayhouse Syrah Paso Robles,968.21,96.82251327677344,C
Big House White,964.93,96.82542500939229,C
Lange Willamette Chard,963.4,96.82833212514677,C
Agave Loco Pepper Cured Teq,961.64,96.83123392999852,C
Cambas Mavrodafne of Patras,961.26,96.83413458817807,C
Cade Cab Svgn Howell Mtn,959.88,96.83703108212704,C
Charles Heidsieck Brut Rose,959.88,96.839927576076,C
Allegrini Amarone Clsc,959.88,96.84282407002496,C
Cakebread Merlot Napa,959.8000000000001,96.84572032256925,C
Cesari Recioto Valpolicella,959.76,96.84861645441121,C
Blindfold White,959.68,96.85151234484852,C
Heartland Spice Trader Sh/CS,959.4,96.85440739036943,C
Gallo Twin Valley Wh Merlot,959.04,96.85730134956935,C
McCormick Long Island Iced,957.63,96.86019105401193,C
Buried Cane Cab Svgn,957.32,96.86307982301142,C
Mionetto Prosecco Superiore,953.4699999999999,96.86595697441109,C
Dom Cherrier Sancerre,953.4699999999999,96.86883412581076,C
Tom Gore Chardonnay CA,953.34,96.87171088492785,C
C Y Toro Frontera Shiraz,952.94,96.87458643702158,C
3 Brooms Svgn Bl Marlborough,952.43,96.87746045016053,C
Anew Rsl,951.24,96.88033087240498,C
Primaterra Primitivo,951.13,96.88320096271802,C
Johnnie Walker Odyssey,949.99,96.88606761301449,C
Wiggly Bridge Gold Rum,949.8100000000001,96.88893372015045,C
Juarez Triple Sec,949.62,96.89179925395031,C
C Y Toro Carmenere de Casa,949.4999999999999,96.89466442564319,C
Rosemount Gewurz/Rsl,949.05,96.89752823943478,C
Murrieta's Well The Spur,947.55,96.90038752688876,C
Kentia Albarino Rias Baixas,947.33,96.90324615047992,C
Phillips Incognito Lodi Rd,946.41,96.90610199791733,C
Sandeman Character Sherry,945.14,96.90895401305562,C
Wild Turkey Diamond Annivsry,944.9300000000001,96.91180539450663,C
Ayala Brut Majeur,944.79,96.91465635349947,C
Don Eduardo Anejo Tequila,944.73,96.9175071314388,C
Failla Pnt Nr Sonoma Cst,944.73,96.92035790937813,C
Flag Hill Blueberry Liqueur,944.37,96.92320760099645,C
Locations E Red Spanish,943.4699999999999,96.9260545768122,C
Domain Drouhin Pnt Nr Ore,942.7700000000001,96.92889944033708,C
Cono Sur Cab Svgn Cntrl Vly,939.81,96.93173537188913,C
Merriam Vyds Miktos Red,939.8000000000001,96.93457127326559,C
Cantele Salice Salentino Rsv,937.3299999999999,96.93739972127283,C
Menage a Trois Rose Blend,937.11,96.94022750541721,C
Bols Peach Schnapps,936.84,96.94305447482083,C
Old New England Choc Egg Nog,936.66,96.94588090106394,C
DiSaronno Amaretto,936.66,96.94870732730705,C
Ch Les Granges Brdx,936.11,96.95153209389305,C
Clos de Marquis 09 St Julien,935.96,96.95435640784528,C
A Bichot Chablis Long Depaqt,935.4799999999999,96.9571792733695,C
Prinz Salm Two Princes Nahe,935.38,96.96000183713787,C
Moonlight Meadery Wild,935.28,96.9628240991504,C
Colores del Sol Malbec Rsv,934.96,96.96564539554426,C
Gerard Bertrand Languedoc Rg,934.15,96.9684642477158,C
Argyle Brut,932.5799999999999,96.97127836232067,C
Cupcake Black Forest,930.1899999999999,96.97408526496099,C
Beniotome Sesame Shochu,929.6899999999999,96.97689065882211,C
Rombauer Merlot Napa,929.6899999999999,96.97969605268324,C
Yellow Tail Sangria Blanco,929.35,96.98250042057451,C
Gallo Twin Valley Hearty Bur,929.0699999999999,96.98530394354944,C
Skinnygirl Rose Wine,925.97,96.98809811209334,C
Skinnygirl Pina Colada,924.64,96.99088826728457,C
KAH Tequila 3/50mLs Pak,924.63,96.99367839230024,C
Carpene Malvolti Prosecco,924.4499999999999,96.9964679741554,C
Zorvino Vyds Mango Magnifico,924.26,96.99925698267445,C
Atamisque Assemblage,923.72,97.00204436171197,C
Tall Ship Cedar Island Spice,923.67,97.00483158987157,C
Studebaker Manhattan RTD,923.5799999999999,97.00761854645093,C
A Bichot Pouilly-Fuisse,923.56,97.0104054426791,C
Hahn Meritage Central Coast,923.4399999999999,97.01319197680029,C
Boya Svgn Bl,923.34,97.01597820916562,C
Rene Junot White,923.23,97.01876410959953,C
Bridlewood Chard Monterey,923.23,97.02155001003344,C
Souverain Svgn Bl No Coast,922.29,97.02433307396247,C
Essenciel Paradis Prvnc Rose,921.3000000000001,97.02711315050868,C
Dumangin Champagne Cuvee 17,919.77,97.02988861019057,C
Joseph Carr Merlot Napa Vly,919.4899999999999,97.03266322495608,C
Ruca Malen Malbec Rsv,917.4599999999999,97.03543171407809,C
Maipe Malbec Mendoza,916.1700000000001,97.03819631054975,C
Nicolis Valpo Seccal Ripasso,913.5799999999999,97.04095309154518,C
Mt Brave Cab Svgn Mt Veeder,911.8699999999999,97.04370471251576,C
Penley Est Phoenix Cab Svgn,911.52,97.04645527734091,C
Ransom Sweet Vermouth,911.5199999999999,97.04920584216606,C
Picket Fence Pnt Nr RRV,911.43,97.05195613541095,C
Tiziano Chianti,911.1800000000001,97.05470567426624,C
Spottswoode Lyndenhurst Cab,909.8699999999999,97.05745126012005,C
Tenuta Guado Al Tasso Bructo,908.65,97.0601931645526,C
Pimms Blackberry & Elderflwr,906.03,97.06292716298218,C
Warre's Fine Selected Ruby P,905.3000000000001,97.06565895859414,C
Guigal Chtnf du Pape,904.82,97.06838930577806,C
Cafaggio Basilica Chianti Cl,903.42,97.07111542838024,C
Venta Morales Tempranillo,901.89,97.07383693411808,C
Vin Vault Chard,900.4999999999999,97.07655424544974,C
Dom Perignon P2 Blanc 1998,899.97,97.07926995747546,C
Ch Ducru Beaucaillou 11 Jul,899.94,97.08198557897444,C
Duckhorn Three Palms Merlot,899.9,97.08470107977108,C
Round Pond Est Cab Rutherfrd,899.85,97.08741642968978,C
Hauts de Smith Rouge Pessac,899.75,97.09013147785267,C
Signo 11 Bobal de Manchuela,899.55,97.09284592250387,C
Juxtapoz Red North Cst,897.56,97.09555436221386,C
Christian Bros Dry Sherry,894.87,97.09825468469178,C
3 Blind Moose Merlot Cal,893.16,97.10094984714488,C
Lobster & Shrimp Muscadet,892.84,97.10364404397926,C
Bulldog Gin,891.64,97.10633461974358,C
Honeymaker Blueberry Mead,891.4999999999999,97.10902477304973,C
Black Opal Cashmore Cab Svgn,889.09,97.11170765404015,C
Napa Cellars Pnt Nr Napa,887.53,97.11438582763948,C
C Krug Svgn Bl Napa,886.45,97.11706074227575,C
Oops Voluptuous Beauty Valle,885.11,97.11973161338378,C
Sauza Cucumber Chili Tequila,884.41,97.12240037220093,C
Etude Carneros Pnt Nr,881.7900000000001,97.12506122501507,C
Ch Gruaud Larose 11 St Julin,879.89,97.1277163444683,C
Garden Creek Meritage,879.89,97.13037146392152,C
St Supery Dollarhide Cab Svg,879.8899999999999,97.13302658337474,C
Bruichladdich Islay Barley,879.8699999999999,97.1356816424768,C
Caffo Vecchio Amaro del Capo,879.5999999999999,97.13833588683809,C
The Tractor Guy Pnt Nr,879.56,97.14099001049703,C
Tooters Apple-tini 15 Pk,879.12,97.1436428064303,C
Hob Nob Wicked Red,879.12,97.14629560236355,C
Casa Liliana Good Chianti,877.05,97.14894215195095,C
Rosatello Sw Sparkling Rose,875.42,97.15158378291815,C
The Deveron 12 Yr Scotch,874.82,97.15422360335033,C
The Calling Pnt Nr RRV,874.65,97.15686291079757,C
Secco-Bertani Verona,874.37,97.15950137332847,C
Commanderie Bargmn Prov Rose,873.54,97.1621373312859,C
Natura Valle Cab Svgn Cntrl,873.13,97.16477205204438,C
Andre Bourgogne Pnt Nr RSV,872.46,97.16740475103876,C
Sea Hagg Spiced Rum,872.15,97.17003651459002,C
Santa Cristina Antinori Wh,871.36,97.17266589427015,C
Malibu 50ml Sampler Pack,868.26,97.1752859195193,C
Ch Giscours Margaux 12,867.86,97.17790473774505,C
Granite Lightning Whiskey,867.6899999999999,97.1805230429859,C
Merriam Jones Vyd Cab Franc,863.76,97.18312948922227,C
Ch Monet,863.46,97.18573503019111,C
Black Opal Cshmre Cab/Merlot,863.13,97.18833957536569,C
Finca La Linda Cab Svgn,861.21,97.19093832682815,C
Aberlour A'Bunadh Sngle Malt,859.87,97.19353303476237,C
Cave de Tain St Joseph Red,859.6,97.19612692795583,C
Banshee Cab Svgn Napa Vly,857.74,97.19871520849067,C
Patz & Hall Sonoma Cst Chard,857.74,97.2013034890255,C
Clos du Val Merlot Napa,856.73,97.20388872182639,C
Angeline Chard RRV,856.41,97.20647298900856,C
Skinnygirl Wh Cherry Vodka,854.9100000000001,97.20905272985317,C
Colavita Pnt Nr,853.29,97.21162758225316,C
Bila-Haut Cotes Roussillon,851.46,97.2141969125213,C
Porta Vita Rosso,851.29,97.21676572980452,C
GlenDronach 1995,849.95,97.21933050355949,C
Duckhorn Howell Mtn Cab Svgn,849.95,97.22189527731446,C
Arcanum Toscana Rosso,849.9,97.2244599001915,C
D.des Senechaux CdP,849.83,97.22702431183947,C
Ch Malartic Lagravier 12 RG,849.83,97.22958872348744,C
Salmon Run Chard/Rsl,849.15,97.23215108319569,C
Finlandia Grapefruit Fusion,847.82,97.23470942955129,C
Ch Reserve de la Comtesse 12,845.82,97.2372617407901,C
Ch St Michel Brdx Superur,845.53,97.23981317693699,C
Peachy Canyon Westside Znfdl,845.53,97.24236461308388,C
Rex Goliath Free Range Red,844.6,97.24491324290145,C
Djinn Spirits Gin,843.75,97.2474593077944,C
3 Blind Moose Pnt Grigio Cal,843.2,97.25000371303022,C
Rodney Strong Charlottes Svg,842.4899999999999,97.25254597579959,C
Primaterra Prosecco,841.42,97.2550850097815,C
Ketel One Oranje,840.5999999999999,97.25762156936551,C
Armand de Brignac Brut Rose,839.98,97.26015625806332,C
Master's London Dry Gin,839.7199999999999,97.26269016219594,C
Cleveland Christmas Bourbon,839.7,97.2652240059774,C
Dierberg Santa Maria Chard,839.65,97.26775769888093,C
Adissat Lirac,839.5799999999999,97.27029118055538,C
Colombo Marsala Dry,839.16,97.27282339485531,C
Rex Goliath Red Sangria,836.61,97.27534791438134,C
Santa Rita Secret Rsv Red,836.07,97.27787080442583,C
Absolut Mango,835.6200000000001,97.28039233656905,C
Dachshund Rsl,835.44,97.28291332555177,C
Lucano Limencello,835.24,97.28543371102279,C
Bodega Elena de Mendoza Mlbc,831.8100000000001,97.28794374626855,C
Dark Corner Moonshine,831.6800000000001,97.2904533892317,C
Raymond R Field Blend Lot 7,831.36,97.29296206657617,C
D'Armailhac Pauillac 05,830.97,97.29546956707287,C
Acorn Cve Alegria Russ Syrah,830.72,97.29797631317997,C
Root 1 Pnt Nr,829.3,97.30047877435416,C
Justin Justification Paso R,827.82,97.30297676954193,C
Glenfiddich 12 Year Old Sco,827.82,97.3054747647297,C
Don Ramon Reposado Tequila,827.7800000000001,97.30797263921512,C
J Lohr Fogs Ranch Pnt Nr,827.6999999999999,97.31047027229587,C
Sierra Cantabria Rioja Tint,827.3100000000001,97.31296672852886,C
Educated Guess Chard,826.51,97.31546077071515,C
Beaulieu Tapestry 05 Rsv,825.86,97.31795285148846,C
Marzadro Le Diciotto Lune,824.85,97.32044188452781,C
Anna de Codorniu Brut Cava,824.36,97.32292943896354,C
Ch Moulin de Pillardot 10,824.25,97.32541666146784,C
Palagetto Vernaccia Gimigano,822.45,97.32789845236705,C
Duval-Leroy Prestige Rose,820.78,97.33037520394375,C
Kendall Jackson Grand Pnt Nr,820.66,97.33285159341342,C
Twenty Grand Cognac,819.5899999999999,97.33532475409562,C
Ch La Croix Lartigue 09,818.79,97.3377955007311,C
Ca'Momi Pinot Noir Napa Vall,818.54,97.340265492977,C
Liberty School Chard Cntrl C,818.37,97.34273497223796,C
Ch St Jean Svgn Bl Sonoma,817.39,97.34520149429171,C
Cocktail Time Strawberry Rtd,816.3,97.3476647272068,C
Ch Moulin de la Rose St-Juln,815.88,97.35012669274738,C
Courvoisier C,815.76,97.35258829618094,C
Champlain Orchards Ice Cider,814.68,97.35504664065144,C
Parducci Pnt Nr,814.37,97.35750404967885,C
Mont Redon CdP Red,813.7800000000001,97.3599596783468,C
Ridge Pagoni Ranch Znfdl,813.7800000000001,97.36241530701474,C
Forma de Art Red,813.46,97.36486997006402,C
Ninety+Cellars Lot 66 Rsl Mo,813.26,97.3673240296016,C
Solid Granite Vodka,811.7099999999999,97.36977341192367,C
Gaja Pieve Santa Restituta M,809.9100000000001,97.37221736264065,C
Frogs Leap Chard Napa,809.7299999999999,97.37466077019712,C
Corvo Nero d'Avola & Pnt Gr,809.66,97.37710396652449,C
Guenoc Petite Sirah N Cst,809.46,97.37954655934018,C
Ecco Domani Prosecco,808.38,97.38198589319282,C
Antinori Bolgheri Guado,807.9200000000001,97.38442383896859,C
Ch St Pierre Rose,807.38,97.38686015526284,C
Peter Lehmann Layers Red,806.99,97.3892952947093,C
Takara Sake Sho Chiku Bai G,805.12,97.39172479132158,C
Pumpkin Face Rum,804.77,97.39415323178842,C
Mionetto Prosecco DOC Brut,801.73,97.39657249887775,C
Joseph Phelps Insignia 09,799.96,97.39898642488872,C
The Glenturret 27 Yr Old,799.96,97.4014003508997,C
Nickel Rock Cairn Cab Svgn,799.9200000000001,97.40381415620834,C
Cakebread Benchland Cab Svgn,799.92,97.40622796151699,C
Ardbeg Perpetuum Single Malt,799.92,97.40864176682564,C
Ch Fuisse Pouilly Fuisse 12,799.84,97.4110553307296,C
Beringer The Waymaker Red,799.68,97.41346841182423,C
The Calling Dutton Chard RRV,799.5999999999999,97.41588125151418,C
Hpnotiq Sparkle,799.5999999999999,97.41829409120415,C
Ch Vrai Caillou Wh Brdx,799.2,97.42070572387074,C
Ch Montaud Cotes de Provence,798.68,97.42311578740697,C
Ch Haut-Bailly 09 Pessac Brd,797.94,97.42552361795,C
Ramey Cab Svgn Napa,797.86,97.42793120708835,C
Henkell Brut,797.43,97.43033749867661,C
Yellow Tail Tree Free Chard,797.4,97.43274369973808,C
M D 20/20,794.01,97.43513967127664,C
Torresella Pinot Grigio Ven,793.4300000000001,97.43753389263131,C
Lock Stock & Barrel Rye,790.93,97.43992057009001,C
M & R Sparkling Rose,790.21,97.44230507490667,C
Rosemount Cab Svgn/Merlot,789.87,97.44468855375348,C
Damrak Amsterdam Gin,789.5999999999999,97.44707121785952,C
Milbrandt Traditions Cab Svg,789.48,97.44945351985855,C
3 Blind Moose Cab Svgn Cal,789.24,97.45183509764355,C
The Monterey Vyds Chard,789.21,97.45421658490183,C
Honeymaker Lavender Mead,786.47,97.4565898040501,C
M D 20/20 Electric Melon Red,786.0300000000001,97.45896169547268,C
Due Torri Pinot Grigio Dell,783.36,97.46132553001435,C
13 Celsius Svgn Bl,782.86,97.46368785577683,C
Jim Beam White BBQ Sauce Pak,781.48,97.46604601730873,C
Southern Comfort Caramel,781.32,97.46840369603127,C
Martin/Weyrich Moscato Alleg,781.23,97.47076110317359,C
Deep Eddy Ruby Red Vodka,781.11,97.47311814820887,C
Camus Elegance XO,779.94,97.47547166270085,C
Auchentoshan 18 Yr Scotch,779.94,97.47782517719284,C
Mantane Primitivo Puglio,779.4,97.48017706220328,C
Walnut Crest Cab Svgn Rapel,779.22,97.4825284040532,C
Red Diamond Pnt Nr,776.33,97.48487102515938,C
Scagliola Mati Barbera,775.44,97.48721096063859,C
Casal Garcia Vinho Verde Ros,775.03,97.48954965891888,C
Schug Cab Svgn,774.6899999999999,97.4918873312293,C
Wente Pnt Nr Riva Ranch,774.6899999999999,97.49422500353971,C
Brugal XV Rum,774.6899999999999,97.49656267585014,C
Lange Three Hills Cve Pnt Nr,773.8199999999999,97.49889772288476,C
Penfolds Koonunga Hill Chard,773.4,97.50123150254484,C
Grayson Cellars Chard N Cst,773.35,97.50356513132702,C
Garnet Pnt Nr Monterey Cnty,772.55,97.50589634606249,C
Villa Maria Chard NZ,771.48,97.50822433201046,C
Pinnacle Peach Vodka,770.19,97.51054842530813,C
Ch Magdelaine 10 St Emilion,769.9300000000001,97.5128717340406,C
Revana Cab Svgn Napa Vly,769.93,97.51519504277307,C
Dom de Marcoux 12 Nerf Rouge,769.89,97.51751823080322,C
The Seeker Malbec,769.4200000000001,97.51984000058091,C
Marcus James Malbec Mendoza,769.13,97.52216089526668,C
Tenuta Sette Cieli Indaco,767.84,97.5244778973021,C
Twomey Pnt Nr RRV,767.84,97.52679489933755,C
Krug Grande Cve Brut,764.91,97.5291030599269,C
Clement Mahina Coco Liqueur,762.68,97.53140449136103,C
La Carraia Sangiovese Umbri,761.4300000000001,97.53370215084716,C
Lower East Side Cab Svgn,759.7800000000001,97.53599483136198,C
Fulchino Vyds Barbera Red,759.62,97.53828702906743,C
Honig Svgn Bl Rsv,759.5999999999999,97.54057916642172,C
Wente Riverbank Rsl Monterey,759.48,97.54287094166901,C
Cocktail Time Key Lime Rtd,759.34,97.54516229445811,C
Clayhouse Petite Sirah,758.67,97.5474516254831,C
Pink Flamingo Rose,755.4300000000001,97.5497311796189,C
Ruffino Chianti Clsc Santdam,754.53,97.55200801795215,C
Ridge Ponzo Vyds Znfdl,753.74,97.55428247241426,C
Columbia Crest Twin Vns Merl,753.63,97.55655659494494,C
Riunite Raspberry,753.09,97.5588290879941,C
Beringer Fndr Est Pnt Grigio,752.34,97.56109931787446,C
Viberti Barolo Rsv 06 Volta,751.9200000000001,97.56336828038032,C
Schug Svgn Bl Sonoma Vly,751.53,97.56563606603838,C
Epiphany Revelation,750.75,97.56790149800091,C
Courvoisier 21 Yr Cognac,749.97,97.57016457626789,C
Wild Turkey Master Keepers,749.95,97.57242759418368,C
Merry Edwards Pinot Noir RRV,749.85,97.57469031034366,C
Tequila Ocho Plata Fresno,749.85,97.57695302650363,C
Glendalough Poitin Shry Cask,749.75,97.57921544090776,C
Franciscan Est Svgn Bl Napa,749.5,97.5814771009223,C
Corvo Moscato Siciliarvo,749.25,97.58373800654724,C
Partida Tequila Blanco,747.83,97.58599462723924,C
Veuve du Vernay Sprklng Brut,746.64,97.58824765703679,C
Dom Ferret Pouilly Fuisse,743.76,97.59049199626615,C
Saved Red,743.67,97.59273606391527,C
Pacific Rim Yakima Gewurz,743.38,97.59497925647244,C
Wolf Blass Yllw Lbl Cab Svgn,742.41,97.59721952199799,C
J Lohr Falcon's Perch Pnt Nr,741.95,97.59945839944665,C
Renacer Enamore Red,741.73,97.60169661303249,C
Thierry Delaunay Tour Svgn B,741.47,97.60393404205313,C
A Bichot St-Amour Champlette,740.6099999999999,97.60616887597357,C
Presidente Solera Brandy,740.6099999999999,97.60840370989399,C
Fanal Madeira Full Rich,740.4300000000001,97.6106380006539,C
Bella Sera Moscato,739.83,97.61287048087878,C
No. 3 London Dry Gin,739.8100000000001,97.6151029007525,C
Tikal Natura Malbec,739.63,97.6173347774657,C
La Chapelle Mission Haut Bri,737.91,97.61956146397848,C
J J Vincent Pouilly Fuisse,736.7199999999999,97.62178455959678,C
Girvan Patent Still #4 Apps,735.84,97.62400499976367,C
Alfred Gratien Champagne Bru,735.84,97.62622543993056,C
Sebastiani Pnt Nr Sonoma,735.54,97.62844497482995,C
Pepperwood Grove Chard,735.08,97.63066312165247,C
Lucano Amaro,734.51,97.63287954846672,C
Jewell Towne Seyval NH,734.3,97.6350953415937,C
Ca Del Monte Amarone Red,733.84,97.63730974664384,C
Bracero Reposado Tequila,731.8000000000001,97.63951799587483,C
Cryptic California Red,731.53,97.64172543036507,C
Sandeman Ruby Port,731.39,97.64393244239713,C
Amrut Fusion Single Malt,729.8899999999999,97.64613492809161,C
Ch Daqueria Tavel Rose,729.53,97.64833632746506,C
Tall Ship White Island Rum,728.7299999999999,97.6505353127918,C
DeKuyper Creme de Cassis,728.19,97.65273266863701,C
Cape Indaba Chard S Africa,728.19,97.65493002448223,C
Penn Dutch Pumpkin Cr Liquer,726.96,97.65712366873062,C
Massolino Barolo Parussi,725.89,97.65931408419152,C
Greg Norman Eden Vly Chard,725.51,97.66150335298023,C
R Mondavi Pvt Sel Znfdl,725.2,97.66369168632586,C
Robert Sinskey Pnt Nr,724.75,97.6658786617702,C
Jewell Towne Chardonnay,724.5,97.66806488282494,C
Duck Pond Chard Wash,724.48,97.67025104352851,C
Red Guitar Temp/Garnacha Nvr,723.28,97.67243358316202,C
Bacardi Dragon Berry,722.7,97.67461437261166,C
Montes Alpha Apalta Cab Svgn,722.64,97.6767949810078,C
Casa Ferreirinha Esteva Doro,721.44,97.67897196833385,C
Colosi Sicilia Dry Red,721.36,97.68114871425524,C
Ferrari-Carano Siena Sonoma,720.66,97.68332334788577,C
Jos Phelps Insignia 11,719.98,97.68549592957658,C
Ch Lagrange St Julien 11 GC,719.88,97.68766820951156,C
Dusky Goose Pnt Nr,719.88,97.68984048944652,C
Ch Musar Rouge,719.84,97.69201264867917,C
H Brunier Telegramme Pape,719.84,97.6941848079118,C
Knappogue Castle Irish 12 Yr,719.82,97.69635690679327,C
Ch Gloria St Julien 12,719.8,97.69852894532357,C
J. Ordonez Victoria Moscatel,719.52,97.70070013893752,C
Clos du Bois Znfdl Sonoma,719.4,97.70287097044447,C
Due Torri Pnt Nr del Venezie,719.28,97.7050414398444,C
Ch Valfontaine 10,719.28,97.70721190924434,C
Cesari Bardolino Chiaretto,719.1,97.70938183548378,C
Miodula Honey Vodka,716.65,97.71154436870513,C
JP Chenet Pnt Noir,715.37,97.71370303945177,C
Talbott Kali Hart Vyd Pnt Nr,713.67,97.71585658034914,C
Choya Plum Wine,713.66,97.71801009107092,C
Frescobaldi Chianti Castigln,713.49,97.72016308880775,C
Huber Hugo Gruner Veltliner,713.49,97.72231608654461,C
Palagetto Brunello d Montlcn,712.86,97.72446718321966,C
Remy Martin VS Cognac,711.8299999999999,97.72661517180958,C
Montinore Pnt Gris Ore,711.5,97.72876216460523,C
Cecchi Litorale Vermentino,711.5,97.73090915740087,C
Redtree Pnt Nr,710.21,97.7330522575462,C
Piper Sonoma Bl de Bl Sonoma,709.55,97.735193366103,C
Clayhouse Adobe Cntrl Cst Wh,707.41,97.73732801708482,C
The Crusher Pnt Nr,707.41,97.73946266806665,C
Boya Pnt Nr,703.5600000000001,97.74158570144867,C
LaBelle Winery Raspberry,703.5600000000001,97.74370873483069,C
Fat Bastard Cab Svgn,703.36,97.74583116470103,C
Pierre Dupond Renjardire CdR,703.1999999999999,97.74795311176203,C
Mt Beautiful Pnt Nr,702.63,97.75007333881474,C
Plantaze Vranac ProCorde Red,701.48,97.75219009567532,C
Flag Hill Marechal Foch NH,701.46,97.75430679218472,C
Walnut Crest Chard Central,701.3,97.75642300588477,C
Ch Mouton Rothschild 11 Paui,699.99,97.75853526658334,C
Highland Park Odin,699.98,97.7606474971063,C
Paul Hobbs Las Piedras Cab S,699.96,97.76275966727812,C
Paul Hobbs Chard RRV,699.86,97.7648715356941,C
Caravan Cab Svgn,699.86,97.76698340411006,C
Klinker Brick Marisa Znfdl,699.8,97.76909509147254,C
Dom La Soumade Rast Prestige,699.7199999999999,97.77120653743033,C
Schramsberg Mirabelle B Rose,699.7199999999999,97.77331798338813,C
Terre Rouge Syrah Les Cotes,698.5899999999999,97.77542601950493,C
Haut-Bailly Pessc Leognan 06,697.98,97.77753221491113,C
O Lflv Bour Les Setilles,695.71,97.77963156045979,C
M Lynch Bordeaux Blanc Grave,695.54,97.78173039302351,C
Ch Ste Michelle Canoe Rdge C,693.64,97.78382349222629,C
Pezzi King Znfdl Dry Creek,692.67,97.78591366439743,C
Torres Altos Ibericos Rioja,692.51,97.78800335375922,C
Riondo Blu Prosecco,692.51,97.79009304312102,C
Florio Dry Marsala Italy,692.37,97.79218231002464,C
Blossom Hill Chard,692.37,97.79427157692825,C
Ch de la Ragotiere Muscadet,692.37,97.79636084383189,C
Barbarossa Spiced Rum,692.37,97.79845011073552,C
Canyon Rd Merlot,692.23,97.80053895518095,C
Sean Minor Red Napa Vly,691.65,97.80262604944252,C
The Macallan 17Yr Old Scotch,689.97,97.804708074206,C
Kinsella Est Cab Svgn 10,689.94,97.80679000844273,C
Colosi Nero D'Avola Sicilia,689.54,97.8088707356561,C
Zorvino Vyds Peachez,689.3100000000001,97.81095076883103,C
Cline Viognier Sonoma Count,689.3100000000001,97.81303080200597,C
Steelhead Red,689.31,97.8151108351809,C
Christian Bros Cream Sherry,688.0699999999999,97.81718712658345,C
Pepperwood Grove Pnt Nr,687.14,97.81926061165667,C
Raymond Family Clsc Cab Svgn,685.62,97.82132951004115,C
Commander Quincy's Rum Toddy,685.51,97.82339807649421,C
Candia Vyds Classic Cab Svgn,685.51,97.82546664294726,C
Five Rivers Cab Svgn,684.4300000000001,97.82753195043726,C
Complicated Pnt Nr,683.64,97.82959487405613,C
Cabrito Reposado,683.62,97.83165773732382,C
Felino Vino Cobos Malbec,683.6199999999999,97.8337206005915,C
Franciscan Equilibrium White,683.6199999999999,97.8357834638592,C
Dry Creek Chenin Blanc Dry,683.4300000000001,97.8378457537908,C
Ricardo Santos Malbec Mendza,682.0899999999999,97.83990400019415,C
Fonterutoli Chianti Clsco,681.6899999999999,97.84196103957416,C
The Pinot Project Pnt Nr,681.54,97.8440176263204,C
Tangent Pnt Gris,681.38,97.84607373025727,C
Seven Falls Cab Svgn,681.38,97.84812983419417,C
Quinta do Noval Black Port,680.64,97.85018370513787,C
Sassacaia,679.96,97.85223552414183,C
Bertani Amarone 1993,679.96,97.85428734314581,C
Amador Double Barrel Bourbon,679.83,97.85633876986721,C
Ch La Cardone Medoc 09,679.66,97.85838968360366,C
Fattoria Heba Marellino 11,679.5999999999999,97.86044041628664,C
Malibu Peach Sparkler RTD,679.34,97.8624903644044,C
Castellani Biagio Chianti,679.32,97.86454025217101,C
Hob Nob Malbec VDP D'Oc,679.32,97.86659013993761,C
Pepperwood Grove Merlot Cal,679.15,97.8686395147193,C
Broadbent Auction RSV,678.6899999999999,97.87068750142413,C
Cambridge & Sunset Pnt Nr,678.51,97.87273494496844,C
McWilliams Hanwood Est Chard,678.03,97.87478094008473,C
Gekkeikan Sake Horin,677.91,97.87682657309401,C
Jewell Towne Cayuga Wh NH,677.91,97.87887220610327,C
P & J Cold Soaked Pineapples,677.61,97.88091693384503,C
Diamond Crk Cab Svgn Volcanc,674.97,97.88295369523263,C
Ch Pichon Longueville Rsv Co,674.91,97.88499027556674,C
Rob Stuart Vignette Pinot Nr,674.73,97.88702631274032,C
The Shepherd Svgn Bl,674.5500000000001,97.8890618067534,C
NxNW Red Columbia Valley,674.55,97.89109730076649,C
Skinnygirl Tangerine Vodka,674.55,97.89313279477958,C
Caprai Montefalco Passito 06,671.79,97.89515996033148,C
St George Gin 3/200mls Combo,671.76,97.89718703535667,C
Sea Hagg Blueberry Rum,671.76,97.89921411038183,C
Le Gr Bouqueteau Chinon Roug,671.58,97.90124064224648,C
Catena Vista Flores Malbec,671.52,97.90326699305764,C
Campus Oaks Old Vines Znfdl,671.52,97.90529334386878,C
Carolans Irish Cr Gift Set,671.48,97.9073195739776,C
Fuki Plum Wine,671.4399999999999,97.9093456833841,C
3 Blind Moose Chard Cal,671.3199999999999,97.91137143068357,C
Cooks Spumante,671.13,97.91339660464693,C
Fat Bastard Merlot,670.39,97.91541954561713,C
Bacardi 8 Gift Set,669.73,97.91744049499876,C
Santi Pinot Grigio Delle Ve,668.48,97.9194576724324,C
Ch Fougere La Noble Rouge,667.48,97.92147183230765,C
Neyers Conn Vly Cab Svgn,666.87,97.92348415147228,C
Carlo Rossi Blush Calif,666.55,97.92549550501823,C
Toasted Head Untamed Red,666.44,97.92750652663275,C
Masi Serego Alighieri Amaron,665.91,97.92951594894134,C
Art of Eart Montepulciano d',665.26,97.93152340983696,C
Ch Haut Bailly 12 Pessac-Leo,664.9300000000001,97.93352987493832,C
Ch La Chapelle La Mission 09,664.9300000000001,97.93553634003966,C
Jos Phelps Chard,664.8100000000001,97.937542443034,C
White Mountain Moonshine,664.65,97.93954806321901,C
Ch Ste Michelle Canoe Rdg Me,663.65,97.94155066584561,C
Rosemount Pnt Nr Ausl,663.33,97.94355230285353,C
Bellafina Prosecco,663.17,97.94555345705211,C
Pierre Andre Meursault,662.87,97.9475537059832,C
Montignana 09 Chianti Clsco,662.49,97.94955280824206,C
Lindemans Cawarra Shiraz/Cab,661.01,97.95154744451452,C
Meander Cab Svgn Napa Vly,659.89,97.95353870112157,C
Pommerey Brut Rose Champagne,659.89,97.95552995772864,C
Tommasi Amarone,659.89,97.9575212143357,C
Inglenook 1882 Cab Svgn,659.88,97.95951244076717,C
Robert Sinskey Aries Pnt Nr,659.78,97.96150336544281,C
Bowman Brothers Small Batch,659.78,97.96349429011845,C
Peligroso Reposado Tequila,659.6999999999999,97.96548497338942,C
Studebaker Old Fashioned RTD,659.6999999999999,97.96747565666037,C
Opici White Sangria,659.5600000000001,97.96946591747316,C
Volpaia Citto Toscana,659.5600000000001,97.97145617828595,C
Fulton's Harvest Apple Pie L,659.34,97.97344577523589,C
Murphy-Goode Homefront Red,659.25,97.97543510060558,C
Cecchi La Mora Vermentino,657.53,97.97741923577483,C
Turnbull Cab Svgn 11,655.88,97.97939839197274,C
Palagetto Sottobosco Rosso,655.78,97.98137724641481,C
Night Harvest Chard,655.71,97.9833558896278,C
Hogue Cellars Chard Wash,655.49,97.98533386897792,C
Lynch Bages 09 Pauillac,654.99,97.98731033954886,C
Charles & Charles Chard,654.27,97.98928463747775,C
Honeymaker Dry Mead,653.5600000000001,97.99125679294019,C
Atteca Garnacha Old Vines,651.59,97.9932230038126,C
Bolla Merlot,651.51,97.99518897328034,C
Bolla Bardolino,650.28,97.99715123115126,C
San Felice Campogiovanni Bru,649.87,97.99911225182323,C
Green Spot Irish Whiskey,649.87,98.0010732724952,C
Easton Amador Cnty Znfdl,649.6199999999999,98.0030335387776,C
Defesa Tinto Red Alentejo,649.5,98.00499344295297,C
Julia James Pnt Nr,649.35,98.00695289449457,C
Smoking Loon Red Loonatic,649.35,98.0089123460362,C
Pinnacle Mimosa Vodka,649.35,98.0108717975778,C
Motto Cab Svgn Backbone,648.41,98.01282841261452,C
Bully Hill Goat Wh Semi-Dry,647.28,98.01478161781027,C
Clarendelle Brdx Rouge,645.66,98.01672993456143,C
Ch St Louis Vieux Galvesse L,645.62,98.01867813061023,C
Alexana Revana Vyd Pnt Nr,644.85,98.02062400313908,C
Le Pive Rose Gris,644.57,98.02256903075158,C
Round Pond Est Cab Svgn K&K,643.77,98.02451164431737,C
Ch Floreal Laguens Brdx,641.53,98.02644749855236,C
Flaco Tempranillo,640.37,98.02837985241962,C
Latour 07 Bonnes Mares AC,639.96,98.03031096908794,C
Laphroaig 18 Yr Single Malt,639.92,98.03224196505391,C
Presidential 20-Yr Tawny Dec,639.9,98.03417290066872,C
Tullamore Dew 10 Yr Old,639.84,98.03610365523002,C
Dom Roux Bourgogne Pnt Nr,639.68,98.03803392698198,C
Cousino Macul RSV Cab Svgn,639.58,98.0399638969781,C
Ch Messile Aubert Montgne St,637.7099999999999,98.04188822414004,C
Yalumba Y Series Shiraz Ausl,637.53,98.04381200814146,C
Ch Haut-Robert 10,637.42,98.04573546021147,C
Mr Boston Peach Schnapps,633.09,98.04764584625363,C
Smoky Quartz Granite Cst Rum,632.27,98.04955375789791,C
Jewell Towne Rsl NH,632.07,98.05146106603051,C
Beaux Freres Vyds Pnt Nr,629.93,98.05336191658816,C
Tomatin 18 Yr Single Malt,629.92,98.05526273697023,C
Hirsch 20 Yr American Whisky,629.91,98.0571635271767,C
Elvio Cogno Barolo Ravera,629.91,98.05906431738319,C
Whitehall Lane RSV Cab Svgn,629.91,98.06096510758965,C
Tasca D'Almerita Rosso 06,629.82,98.06286562621588,C
JJ Prum Graacher Himel Rsl K,629.79,98.06476605431534,C
Averna Amaro,629.79,98.06666648241482,C
LaBelle Winery Grnt St Apple,629.58,98.06856627682701,C
Au Contraire Chard RRV,629.55,98.07046598071247,C
Barkan Clsc Cab Svgn,629.55,98.07236568459793,C
Pinnacle Vodka Gift Pak,629.44,98.07426505655197,C
Tilia Chard Mendoza,629.37,98.07616421727691,C
Smoking Loon Syrah,629.37,98.07806337800187,C
Ozeki Dry Sake,629.37,98.07996253872682,C
Paul Masson Ruby Burgundy,629.37,98.08186169945176,C
Gekkeikan Suzaku Sake,629.3000000000001,98.08376064894763,C
10 Span Chard CC,629.16,98.08565917598531,C
Frey Chard Organic Mendocino,628.6,98.08755601319031,C
Bonnie Rose Spiced Apple,628.6,98.08945285039529,C
Mirassou Pnt Nr,626.67,98.09134386371258,C
Marcati Limoncello,626.63,98.09323475632753,C
Acorn Sangiovese Alegria RRV,625.79,98.09512311419343,C
Ransom Selection Pnt Nr,624.75,98.09700833379861,C
Bertani Secco 11 Orig V Ed,624.75,98.09889355340378,C
Torremoron Tinto,624.68,98.10077856177986,C
Elderton Barossa Shiraz,623.74,98.10266073365106,C
A Bichot Pnt Nr Bourgogne,623.61,98.10454251323968,C
Beringer Classic Wh Zin Spkl,623.35,98.1064235082631,C
Chehalem Pnt Nr Three Vyd,623.21,98.10830408082836,C
Dom Virginie Thunevin Brdx,622.63,98.11018290320975,C
Moonstone Asian Pear Sake,622.11,98.11206015646077,C
Broadbent Madeira Rainwater,621.63,98.11393596128376,C
Cono Sur Organic Cab Svgn,621.46,98.11581125312183,C
Courvoisier VS Gift Pak,620.7299999999999,98.11768434214227,C
Forest Glen Cab Svgn Cal,620.3100000000001,98.11955616378818,C
Viberti Langhe Nebbolio,619.6899999999999,98.1214261145479,C
Wine & Soul Manoela Douro,619.6899999999999,98.12329606530761,C
Vincent Delaporte Sancerre,619.6899999999999,98.12516601606734,C
F Coppola Votre Sante Chard,619.47,98.1270353029642,C
Santos Sangria,619.38,98.12890431828082,C
C Y Toro Casa Diablo Chard,619.38,98.13077333359742,C
Tommasi Pinot Grigio Le Ros,618.59,98.13263996504291,C
Jim Beam w/2 Rocks Glasses,618.58,98.13450656631281,C
Tempranillo Vente Mazzaron,618.53,98.13637301670478,C
Barefoot Cellars Malbec,618.47,98.13823928604326,C
Mollydooker Scooter Merlot,617.76,98.14010341291528,C
Kenwood Cab Svgn Sonoma,616.63,98.14196412994632,C
Buil & Gine Montsant 17X1,615.62,98.14382179924338,C
Ch St Jean Soiree Red,615.6,98.14567940818928,C
Bacardi Anejo Mexican Rum,615.56,98.14753689643283,C
Kru 82 Vodka,614.59,98.14939145764474,C
Corralejo Blanco Tequila,612.8000000000001,98.15124061742715,C
McCormick Blended Whiskey,612.36,98.15308844948385,C
Ben Marco Malbec,611.66,98.15493416924967,C
Barefoot Syrah Cal,609.51,98.15677340126497,C
Zanetti Prosecco Frizzante,609.39,98.15861227117325,C
Apple Orchard Liqueur,609.39,98.16045114108152,C
Canaletto Mntplcno Abruzzo,609.25,98.16228958853164,C
Goose Bay Svgn Bl,607.68,98.16412329841508,C
Scagliola Moscato D'Asti Prm,607.62,98.165956827245,C
P & J Cold Soaked Peaches,605.62,98.16778432095815,C
Cono Sur Organic Chard,605.46,98.16961133186194,C
Ken Wright Shea Ore Pnt Nr,604.89,98.17143662275747,C
Hornitos Reposado VAP,604.7099999999999,98.17326137049248,C
Debauchery Carmenere,604.45,98.17508533366231,C
Codorniu Original Spklg Cava,604.45,98.17690929683212,C
Malibu Rum Sparkler RTD,604.41,98.17873313929962,C
Allens Triple Sec,603.98,98.18055568421701,C
JP Wiser's Rye w/ 2 Glasses,603.72,98.1823774445692,C
Spy Valley Pnt Nr Marlboro,602.6999999999999,98.18419612701183,C
Don & Sons Pnt Nr Sonoma Cst,602.67,98.18601471892772,C
Square One Bergamot Organic,601.77,98.18783059504106,C
Juve Y Camp Rose Brut Pnt Nr,601.63,98.18964604869622,C
Pinnacle Pecan Pie,601.37,98.1914607177862,C
Cavit Cab Svgn,600.54,98.19327288230272,C
Hennessey 250 Collectors Edi,599.99,98.19508338716211,C
The Glenlivet 25 Yr Old,599.98,98.19689386184594,C
Jameson Rarest Vintage Rsv,599.98,98.19870433652976,C
BV GDL Private Rsv Cab Svgn,599.95,98.20051472068681,C
Peter Michael MaBelleFille C,599.94,98.2023250746683,C
Enzo Boglietti Barolo Fosati,599.92,98.20413536829861,C
P Michael Apres Midi Svgn Bl,599.88,98.20594554122658,C
Jack Daniel's Twin Smoke BTB,599.88,98.20775571415456,C
Ravenswood Teldschi Znfdl,599.8000000000001,98.20956564567787,C
Grgich Hills Fume Bl Napa,599.8,98.21137557720117,C
Round Pond Est Svgn Bl Napa,599.74,98.21318532767097,C
Perez Cruz Carmenere Ltd Ed,599.6999999999999,98.21499495743844,C
Ca'Momi Chard Napa Vly,599.64,98.21680440615239,C
Candia Vyds Diamond,599.6,98.21861373416402,C
F Coppola Diamnd Petite Sira,599.6,98.22042306217566,C
Hidden Crush Cab Svgn C Cst,599.4,98.2222317866756,C
Bols Amaretto Liqueur,599.28,98.22404014906854,C
Chops & Burgers Bordeaux,599.25,98.22584842093474,C
Herradura Reposado Lot 599,597.87,98.22765252857035,C
James Mitchell Cab Svgn,597.54,98.22945564041167,C
Bouvet Brut,596.88,98.2312567606645,C
San Quirico Vernaccia,595.62,98.23305407879371,C
Attems Pnt Grigio Ramato,594.65,98.2348484698913,C
Frey Svgn Bl Organic Mendcno,594.57,98.23664261958422,C
Jim Beam Candy Cane 4/50mLs,594.51,98.23843658822364,C
Nardi Rosso di Montalcino 13,593.73,98.2402282031675,C
Fitch's Goat Moonshine,593.7299999999999,98.24201981811137,C
Zenato Lugana Doc San Bened,593.64,98.24381116147498,C
Jim Beam Signature Craft Ltd,591.84,98.2455970732335,C
Aquinas Cab Svgn,591.66,98.24738244183149,C
Ch du Levant Sauternes,591.63,98.24916771990273,C
Mionetto Il Prosecco Veneto,591.26,98.25095188147738,C
Arrow Cherry Brandy,591.26,98.25273604305202,C
La Clarence Haut Brion 10,589.47,98.25451480319714,C
Tardieu Laurent Le Becs Fins,588.6899999999999,98.25629120964672,C
Gerard Metz Pnt Gris,588.6899999999999,98.25806761609628,C
B & G Sauternes,588.67,98.25984396219471,C
Skyy Infusions Blueberry,588.0600000000001,98.2616184675825,C
Herradura Reposado #14 BtB,587.88,98.26339242980976,C
Snowden Cab Svgn The Ranch,587.88,98.26516639203703,C
Vecchia Romagna Nera Brandy,587.79,98.26694008268404,C
Skinnygirl Sprklng Margarita,587.54,98.26871301894147,C
Ch La Gr Metaine Entre Mers,587.51,98.27048586467215,C
Penny Wise Svgn Bl,587.16,98.27225765425737,C
Canella Bellini Fusion,587.02,98.27402902138445,C
Easton Svgn Bl Sierra Foothl,586.67,98.27579933236606,C
Mica Cab Svgn,584.91,98.27756433244492,C
Sea Smoke Southing Pnt Nr,584.91,98.27932933252377,C
Dom du Grand Tinel Ch d Pape,584.87,98.2810942119003,C
Big House Birdman Pnt Grigio,583.27,98.28285426318338,C
Nathanson Creek Wh Znfdl,579.4,98.2846026365155,C
Aldial Naia Rueda White,578.61,98.28634862597649,C
Luigi Bosca RSV Cab Svgn,577.66,98.288091748757,C
Stone Fruit Rsl,576.47,98.28983128064303,C
Red Stag Hardcore Cider,576.11,98.29156972620802,C
Sixto Chardonnay,575.84,98.29330735703226,C
Robert Sinskey Abraxas,575.84,98.2950449878565,C
Ch Fuisse Pouilly Fuisse Tet,575.84,98.29678261868075,C
Columbia Crest Two Cab Svgn,575.82,98.29852018915382,C
Massolino Barbera D'Alba,575.68,98.30025733716872,C
Gaia Notios Red,575.64,98.30199436448129,C
Schmitt Sohne Auslese Michls,575.64,98.30373139179385,C
Falesco Vitiano Umbria Bian,575.61,98.30546832857966,C
Farnum Hill Dooryard Cider,575.52,98.30720499378522,C
Goose Ridge Red g3,575.28,98.30894093477676,C
Citra Trebbiano D'Abruzzo,573.48,98.3106714441632,C
Columbia Crest Vns Merlot/Ca,573.35,98.31240156126705,C
Querry Cider,573.1800000000001,98.31413116538596,C
DeWetshof Limestone Hl Chard,572.64,98.31585914002335,C
Sociando Mallet 12 Haut-Medo,571.87,98.31758479114079,C
Beat 3 Reserve,571.83,98.31931032155588,C
Chapoutier Cotes du Rhone R,571.5600000000001,98.32103503723019,C
Jack Daniels Family 4 Pk/50m,571.5600000000001,98.3227597529045,C
Kesselstatt Piesporter Gold,569.81,98.32447918785164,C
Ken Volk Pnt Nr Cuvee St Mar,569.81,98.32619862279878,C
La Croix de Carbonnieux Roug,569.6999999999999,98.3279177258145,C
La Caplana Gavi di Gavi,569.66,98.32963670812788,C
Southern Comfort Lime,566.01,98.33134467635314,C
Donegal Irish Whiskey,565.76,98.3330518901888,C
Gekkeikan Sake Zipang Spklg,565.47,98.3347582289325,C
Neal Fifteen Forty Cab Svgn,563.9399999999999,98.3364599508119,C
Gibsons 12YO Gold Canadian W,562.77,98.33815814214796,C
Vina Borgia Garnacha,561.65,98.33985295381862,C
Elvio Cogno Barbera D'Alba B,560.83,98.34154529109139,C
Zaccagnini Cerasuolo Rose,560.6999999999999,98.34323723608158,C
Catalpa Malbec,560.68,98.34492912072061,C
Beringer Fndrs Est Svgn Bl,560.52,98.34662052255028,C
Dom Tempier Bandol Rg,559.86,98.34830993279142,C
1792 Port Finish Bourbon,559.86,98.34999934303256,C
Terlato Fmly Vyd Angels Peak,559.84,98.35168869292255,C
Carpineto Rosso di Montalcno,559.8,98.35337792211018,C
Perrusset Macon Villages,559.65,98.35506669866406,C
Desert Wind Cab Svgn,559.65,98.35675547521794,C
Tooters Red-diculous 15 Pk,559.44,98.35844361808455,C
Fanal Madeira Rainwater,558.57,98.36012913567538,C
Moonlight Meadery Red Dress,558.57,98.3618146532662,C
L Einaudi Dolcetto Dogliani,557.69,98.36349751540563,C
Drouhin St Veran,557.6899999999999,98.36518037754507,C
Pomino Chard,557.6899999999999,98.3668632396845,C
Hermann J Wiemer Dry Rsl,557.6899999999999,98.36854610182394,C
Corvo Pnt Nr,557.6,98.37022869238312,C
Kenwood Yulupa Cab Svgn Cal,557.38,98.37191061907944,C
DeKuyper Creme de Cacao Whit,557.38,98.37359254577578,C
The Peach Chenin Bl/Viognier,553.6,98.3752630661014,C
Van Ruiten Family Chard,553.2099999999999,98.37693240957923,C
Cuvee Aurora Rose Sparkling,551.76,98.37859737759742,C
Conterno Fantino Barb Alba,550.81,98.3802594789351,C
Gruet Blanc de Noir,550.6999999999999,98.38192124834137,C
Trombetta Family Wines Pnt N,549.89,98.38358057352536,C
G&P Ravaut Ladoix Lacorvee,549.89,98.38523989870934,C
Apothic Crush,549.45,98.38689789616762,C
Neil Ellis Sincerely Svgn Bl,548.45,98.38855287606751,C
Kendall Jackson Grand RSV Me,545.76,98.39019973873533,C
Verde Sole Petite Sirah,545.61,98.3918461487694,C
Truchard Carneros Cab Svgn,543.84,98.39348721772511,C
Benton Lane Pnt Gris Willamt,543.66,98.3951277435203,C
Ice Fox Vodka,543.66,98.3967682693155,C
Faretti Biscotti Liqueur,542.79,98.39840616983491,C
Tullibardine 20 YO Highland,539.97,98.40003556083963,C
The GlenDronach Cask Strngth,539.9399999999999,98.40166486131761,C
Querceto Il Querciolaia Tosc,539.91,98.40329407126885,C
Ch Carbonnieux 12 Pess-Leogn,539.88,98.40492319069331,C
Piazzo Barbaresco,539.8199999999999,98.4065521290643,C
Cesari Sangioves Romagna RS,539.73,98.40818079585502,C
Skinnygirl Cucumber Vodka,539.64,98.40980919106548,C
Lyric by Etude Pnt Nr,539.64,98.41143758627595,C
Pinnacle Habanero Vodka,539.46,98.4130654383259,C
DeKuyper Root Beer Schnapps,538.51,98.41469042369539,C
Sensi Chianti DOCG,537.55,98.41631251220882,C
Beringer Luminus Chard,536.82,98.41793239790462,C
Thorny Rose Cab Svgn,536.49,98.41955128780614,C
Neal Family Vyds Znfdl Napa,535.79,98.4211680654168,C
L'Ardi Dolcetto D'Acqui,535.52,98.42278402828669,C
New Amsterdam Citron Vodka,534.0,98.42439540446783,C
Castillo Spiced Rum,533.55,98.42600542274769,C
Catskill Otay,531.8100000000001,98.42761019047593,C
Ole Smoky Pumpkin Pie,531.72,98.42921468662394,C
Jacobs Crk Shiraz,531.39,98.43081818697766,C
Ch Behere Courtin Pauillac,530.91,98.43242023890338,C
Franzia Tap Wh Grenache Cal,530.65,98.43402150626389,C
Fattoria di Basciano Chianti,529.68,98.43561984659277,C
Ch Haut Brion 12 Pessac-Leog,528.99,98.43721610480635,C
Pol Roger 06 Brut Vintage Ro,527.9399999999999,98.43880919458364,C
Tom Eddy Manchster Ridge Pnt,527.89,98.440402133483,C
Murphy-Goode Cab Svgn Alex V,527.76,98.44199468009978,C
Tsilili Tsipouro,527.76,98.44358722671657,C
Hall Svgn Bl Napa,527.76,98.44517977333334,C
San Callisto Montepulcno 09,527.76,98.44677231995011,C
Michael David Chard,527.67,98.44836459498664,C
Layer Cake Garnacha,527.67,98.44995687002316,C
Sokol Blosser Evolution Red,527.67,98.45154914505969,C
Masi Passo Doble,527.56,98.45314108816477,C
B & G Pnt Nr Bistro,527.46,98.45473272951402,C
Hermann J Wiemer Semi Dry Rs,526.6899999999999,98.45632204734332,C
Blue Chair Bay CocSpc Cream,526.6899999999999,98.45791136517262,C
Ravenswood Znfdl Lodi,526.6899999999999,98.4595006830019,C
Novellum Chardonnay RSV VDP,526.59,98.46108969907536,C
Cloudy Bay Chard Marlboro,524.79,98.46267328354371,C
Convento Las Claras 12 Tinto,524.75,98.46425674730972,C
Triton Avante Mencia,524.65,98.4658399093199,C
Masi Masianco Pnt Grg/Verd,524.65,98.46742307133006,C
Jaume Serra Cristalino Rose,523.55,98.469002914026,C
Ravenswood Barricia Znfdl,521.7099999999999,98.47057720441451,C
Carmel Road Unoaked Chard Mo,521.7,98.47215146462742,C
Warre's Altano Douro Portuga,521.42,98.47372487992399,C
DeKuyper Creme de Cacao Dark,521.42,98.47529829522057,C
Elijah Craig 18 Yr,519.96,98.47686730488189,C
Bushmills 21 Year Old Irish,519.95,98.47843628436762,C
Luce Brunello Montalcino 10,519.95,98.48000526385336,C
Guigal Cote Rotie Br et Blnd,519.92,98.48157415281233,C
Du Peyrat Organic Cognac,519.87,98.4831428908934,C
Harrison Clarke Syrah,519.87,98.48471162897447,C
Pulenta Est Malbec Mendoza,519.8,98.48628015582645,C
Pieropan Soave Clsc,519.74,98.48784850162491,C
Marques de Caceres Albarino,519.63,98.48941651549195,C
Le Prelat CdR Rouge,519.6,98.49098443883226,C
DeKuyper Buttershots,519.6,98.49255236217256,C
Tooters Tri Berry Punch 15Pk,519.48,98.49411992340585,C
Pepe Lopez White,519.48,98.49568748463913,C
Cline Chard Sonoma Cst,518.57,98.49725229989428,C
Old New England Egg Nog,518.43,98.49881669269126,C
Maison L'Envoye The Attache,517.86,98.50037936547994,C
Castello Di Ama Chianti,517.86,98.50194203826864,C
Debauchery Svgn Bl,517.63,98.50350401701891,C
Poggio Antico Rsv Montalcino,515.94,98.5050608960955,C
Ch Talbot Saint Julien,515.88,98.50661759411857,C
Grgich Hills Merlot Napa,515.88,98.50817429214165,C
McWilliams Hanwood Shiraz,515.56,98.50973002454604,C
R M Woodbridge Znfdl Cal,513.62,98.51127990288715,C
Terra de Touros White,513.58,98.51282966052592,C
Inglenook Rubicon 09,512.97,98.51437757745408,C
Hendry Block 8 Cab Svgn Napa,512.9100000000001,98.51592531332874,C
Chartron Trebuchet Chard Bou,512.7299999999999,98.51747250604288,C
J Lohr Cypress Cab Svgn,512.43,98.51901879348951,C
Alexander Vly Wicked Weekend,511.68,98.52056281776734,C
McCormick Triple Sec,510.72,98.52210394518912,C
Enzo Boglietti Brl Case Nere,509.93999999999994,98.52364271891535,C
KJ Est 12 Chard Camelot High,509.83,98.52518116071015,C
Ravenswood Belloni Znfdl,509.83,98.52671960250495,C
Groth Chard Napa,509.83,98.52825804429976,C
Manabito Ginjo Sake,509.81999999999994,98.52979645591898,C
Righetti Campolieti Valpo,509.7,98.5313345054312,C
Coppo L'Avvocata,509.7,98.53287255494342,C
Sterling Vyd Aromatic White,509.49,98.53440997076837,C
Lamole Chianti Clsco Racolto,507.71999999999997,98.53594204551497,C
Simply Naked Cab Svgn,507.37,98.53747306411613,C
Hidlago Morenita Crm Sherry,506.61,98.53900178937293,C
Berentzen Apple Liqueur,505.71999999999997,98.54052782900274,C
Hobbs Crossbarn Pnt Nr RRV,503.86,98.54204825597395,C
Ch Lynch Moussas Pauilac,503.86,98.54356868294516,C
Columbia Crest 08 Cab Svgn,503.86,98.54508910991636,C
Talley Vyds Chard,503.78,98.54660929548291,C
Trimbach Pnt Gris Rsv,503.76,98.54812942069829,C
El Jimador Silver Tequila,503.71999999999997,98.54964942521131,C
Hidlago Panesa Fino Sherry,503.64,98.55116918831969,C
Jekel Rsl Monterey,503.58,98.55268877037454,C
Terrazas Torrontes Rsv 10,503.58,98.5542083524294,C
Kono Svgn Bl,503.58,98.55572793448425,C
Sheffield Marsala Silver Lne,503.52,98.55724733548561,C
Mother's Apple Pie Liqueur,503.44,98.55876649508231,C
Canyon Oaks Merlot Cal,503.28,98.56028517186964,C
Calera Ctrl Coast Chard,502.77,98.5618023097022,C
Five Oaks Cab Svgn Cal,500.28000000000003,98.56331193381438,C
Patron Burdeos Anejo Tequila,499.99,98.56482068283462,C
Pommery Cuvee Louise 2002,499.96,98.5663293413281,C
Bertani Amarone Valpolicell,499.95000000000005,98.56783796964599,C
Billecart-Salmon Brut Rsv,499.90000000000003,98.56934644708598,C
Chalk Hill Estate Red,499.9,98.57085492452595,C
Benziger Pnt Nr Sonoma,499.75,98.57236294933217,C
Baileys Coffee,498.69,98.57386777552651,C
Cigar Box Cab Svgn Valle Cen,497.64,98.57536943328452,C
Perez Cruz Cab Svgn Rsva,495.69,98.57686520680367,C
El Toro Gold Tequila,495.38,98.57836004487972,C
Daou Rsv Cab Svgn,494.91,98.57985346470332,C
Garden Creek Chard,494.91,98.58134688452694,C
Bex Rsl Mosel,494.45,98.58283891627367,C
Svedka Raspberry Vodka,493.62,98.58432844344695,C
Ch de Chantegrive Graves Rou,492.83,98.5858155867491,C
Marquis d Gelida Brut Rsv,492.71,98.58730236794425,C
Folie A Deux Amador Znfdl,492.71,98.5887891491394,C
Lyrarakis Okto Syrah Blend,491.69,98.59027285242499,C
Shafer Hillside Cab Svgn,489.98,98.59175139568572,C
Two Hands Bella Gardn Shiraz,489.92999999999995,98.59322978806854,C
Verde Sole Znfdl,489.65000000000003,98.594707335535,C
Hogue Lt Harvest Clmb Wh Rsl,489.51,98.5961844605433,C
Cielo Pnt Grigio,489.41,98.59766128379574,C
Delish Svgn Bl,488.58,98.59913560247473,C
Sterling Carneros Pnt Nr,487.78,98.60060750710701,C
Nostor Tinto Priorat,487.71,98.60207920051019,C
DeKuyper Blue Curacao,485.46000000000004,98.603544104407,C
Forest Glen Merlot Cal,485.46,98.60500900830381,C
J Drouhin Vosne Romanee 13,484.95,98.60647237324584,C
Villa Cornaro Prosecco,484.03000000000003,98.60793296203414,C
Goslings Dark'n Stormy VAP,483.71,98.60939258520376,C
Woodstock Killer Bee,482.58,98.61084879853239,C
Cardamaro Vino Amaro,481.74999999999994,98.61230250728757,C
Torres Celeste Crianza,481.74,98.61375618586715,C
Harthill Farms Cab Svgn,481.33,98.6152086272478,C
Jadot Vosne Romanee 13,479.92,98.61665681387112,C
Miner Cab Svgn Napa Vly,479.90000000000003,98.61810494014325,C
Terre du Lion Saint-Julien,479.88000000000005,98.61955300606424,C
Ch Lalande Borie 11 Julien,479.84999999999997,98.62100098145847,C
Label 5 Scotch 12 Yr,479.84999999999997,98.6224489568527,C
A Bichot Fixin Pnt Nr,479.84,98.62389690207134,C
Fitch's Goat 100% Corn Whsky,479.84,98.62534484728998,C
Valley of the Moon Znfdl,479.76,98.62679255110396,C
Poseidons Vyd Molnar Pnt Nr,479.76,98.62824025491794,C
Felino Vina Cobos Cab Svgn,479.76,98.62968795873192,C
Kendall Jackson AVANT Svgn B,479.6,98.63113517973655,C
Round Hill Common Man Chard,479.52,98.63258215933651,C
Manon Rose de Provence,476.54999999999995,98.63402017678806,C
Gaston & Ravaut Bourgog Vlg,475.86,98.63545611212429,C
Uncle Val's Peppered Gin,475.86,98.63689204746053,C
Jean Dauvissat Chablis St Pi,475.83,98.63832789227001,C
Duboeuf Pouilly Fuisse,475.78,98.6397635862016,C
Lee Family Farm Rio Tinto S,475.71999999999997,98.64119909907967,C
Peter Vella Cab Svgn Cal B/B,475.7199999999999,98.64263461195773,C
Mont Redon Cotes du Rhone,475.59000000000003,98.6440697325532,C
Spud Pumpkin Spice Vodka,474.81,98.64550249945314,C
Ch du Courlat 10,474.80999999999995,98.64693526635307,C
Perrier Jouet Fleur Rose,473.97,98.64836549850395,C
Round Hill Chard,473.58,98.64979455380706,C
Masi Modello Delle Venezie,473.56,98.651223548759,C
A Bichot Merc Champs M,472.89,98.65265052194682,C
Bols Cherry Flavored Brandy,472.57,98.65407652951596,C
Frangelico Gift Pack-Candle,471.80999999999995,98.65550024374072,C
Little Black Dress Divalicio,471.48,98.6569229621712,C
Ch Mouton Rothschild 12 Paui,469.99,98.65834118443969,C
Dom les Pallieres Gigondas,469.90000000000003,98.65975913512791,C
L'Ecole No 41 Cab Svgn Clmba,469.86,98.66117696511381,C
Metaxa 5 Star,467.71000000000004,98.66258830734917,C
Tortoise Creek Cal Pnt Nr,467.64,98.66399943835543,C
Benvolio Toscana Rosso,467.64,98.6654105693617,C
Merieau 13 Bois Jacou Gamay,467.64,98.66682170036796,C
Dom La Fage Tess Carignan VV,467.64,98.66823283137424,C
Stival Pnt Grigio,467.64,98.6696439623805,C
Trim Cabernet Sauvignon,467.64,98.67105509338677,C
Norton Malbec Mendoza,467.61,98.67246613386628,C
Kunde Magnolia Lane Svgn Bl,466.64,98.67387424731416,C
Schmitt Sohne Liebfraumilch,465.7,98.67527952425715,C
Firesteed Willamette Pnt Nr,464.85,98.6766822362755,C
Danziger Gold Vodka,464.69,98.67808446548452,C
Red Diamond Malbec,464.59000000000003,98.67948639293769,C
Acorn Medley Alegria RRV,464.21999999999997,98.68088720389426,C
Mateus Rose,464.17,98.68228786397289,C
A Bichot Chablis Vaucopins,463.84,98.68368752825728,C
W Hill Merlot Napa,463.84,98.68508719254166,C
Loimer Lois Gruner Veltliner,463.69,98.68648640419228,C
MacMurray Ranch Selct Pnt Nr,463.68,98.68788558566732,C
Flag Hill Wild Blueberry Fr,463.68,98.68928476714235,C
Frey Natural Red Organic Ca,463.58,98.69068364686153,C
Juve y Camps Brut Nature,462.75,98.69208002200726,C
Thunevin Calvet Cuvee Constn,462.73999999999995,98.69347636697741,C
Renacer Red Mendoza,461.93,98.69487026772525,C
Massolino Barolo Margheria,461.92999999999995,98.6962641684731,C
Cinnabon Cinnamon Liqueur,461.78999999999996,98.69765764676278,C
Senda 66 Tempranillo,461.62,98.69905061206752,C
Cruzan Vanilla Flavored Rum,461.58,98.70044345666994,C
Barton Gin,460.79,98.70183391740122,C
Stone Barn Chard,459.84,98.70322151145203,C
Seagram's Red Berry Vodka,459.54,98.70460820023533,C
Stags Leap Svgn Bl Napa,458.83,98.70599274655216,C
La Cana Albarino,458.72999999999996,98.70737699111315,C
Cataldi Madonna Malandrino,458.66,98.70876102444505,C
Dancing Bull Zabaco Cab Svgn,458.49,98.71014454479203,C
Pravis Pnt Grigio Vignetti,458.49,98.711528065139,C
San Felice Il Grigio Gr Sel,455.88000000000005,98.71290370965859,C
Frey Pnt Nr Organic Mendocno,455.76,98.71427899207117,C
Bonpas Blanc Rhone Vly,455.62,98.71565385202557,C
Montezuma Blue,454.93,98.71702662986468,C
Tullibardine Sherry Finish,454.92999999999995,98.71839940770379,C
La Jota Cab Svgn Howell Mtn,454.92999999999995,98.7197721855429,C
Failla Chard Sonoma Cst,454.87,98.7211447823285,C
Vermont Gold Vodka,454.87,98.72251737911411,C
Ch Bouscaut Rouge 11 GCG,454.87,98.72388997589971,C
Carstairs White Seal,454.65,98.72526190882247,C
Bliss Chard,453.62,98.72663073366009,C
Six Hats Shiraz,452.59,98.72799645041256,C
Dom Tempier Bandol Rose Pro,450.89,98.72935703731576,C
Tippy Cow Shamrock Mint,450.74999999999994,98.7307172017608,C
Rhiannon Proprietor's Red,450.59000000000003,98.73207688339647,C
Dom Bousquet Chardonnay,450.59,98.73343656503218,C
Sterling Vintners Cltn Syrah,450.59,98.73479624666786,C
Kamora Coffee Gift Pack,450.55,98.73615580760121,C
Cheval Blanc St Emilion 08,449.99,98.73751367870186,C
Piper Heidsieck Rare 2002,449.97,98.73887148945134,C
Smith & Hook Cab Svgn,449.95,98.74022923984967,C
Westland American Sngle Malt,449.94,98.7415869600724,C
Paul Hobbs Cross Cab Svgn,449.91,98.74294458976837,C
M Abbona Dogliani Papa Celso,449.82000000000005,98.74430194788411,C
Franzia Tap Pnt Grigio,449.74999999999994,98.74565909477074,C
Fulchino Vyds 603 Red,449.7,98.74701609077945,C
SakeMoto Junmai Sake,449.5,98.7483724832765,C
Valle de la Puerta Torrontes,449.5,98.74972887577354,C
Sokol Blosser Evolution Sprk,448.74999999999994,98.75108300510179,C
Ch Pape Clement 12 Pess-Leog,447.96000000000004,98.75243475055892,C
The Creator K Vintners Walla,447.92,98.7537863753137,C
Acorn Dolcetto Alegria RRV,447.85999999999996,98.75513781901498,C
Sea Hagg Amber Rum,447.84,98.75648920236509,C
Moschofilero Boutari Mantnia,447.68,98.75784010290586,C
Gerard Bertrand Chard Rsv Sp,445.63,98.75918481745192,C
Vega Sindoa Cab Svgn Navarra,443.63,98.7605234968812,C
Pol Roger 02 Sir W Churchill,441.98,98.76185719733914,C
Mollydooker The Boxer Shiraz,441.83,98.76319044516332,C
Hogue Genesis Meritage,441.75,98.76452345158282,C
Massolino Dolcetto D'Alba,441.73999999999995,98.76585642782673,C
Choyomusubi Ryo Junmai Sake,441.66,98.76718916266599,C
Soter Vyds Planet Oregon Pnt,440.58000000000004,98.76851863854216,C
Canyon Rd Wh Znfdl,440.37,98.7698474807311,C
Ch La Mission Haut Brion 11,439.99,98.77117517624784,C
Wild Turkey Forgiven,439.92,98.7725026605355,C
Barr Hill Vodka,439.92,98.77383014482314,C
Gaston Chiquet Trad Brut 1er,439.89000000000004,98.77515753858404,C
Ch Dupray St-Emilion,439.78,98.77648460041351,C
Shatter Grenache VdP Catalan,439.78,98.777811662243,C
Silver Totem Cab Svgn,439.78,98.77913872407248,C
Alexander Vly Vyds Gewurz,439.56,98.7804651220391,C
Couleurs Du Sud Viognier,439.56,98.78179152000573,C
Sutter Home Wh Merlot Cal,439.56,98.78311791797235,C
Bon Affair Svgn Bl Spritzer,439.12,98.7844429882133,C
Southern Comfort & Egg Nog,438.81,98.78576712301113,C
Anderra Svgn Bl,438.57,98.78709053359495,C
Columna Albarino,437.73999999999995,98.7884114396053,C
Ch Maine d'Arman Cote Bourg,437.25,98.78973086701204,C
St Mayhem White Aged/Peppers,436.80999999999995,98.79104896669308,C
Ole Smoky Moonshine Peaches,436.77,98.7923669456718,C
Bonnie Rose Orange Peel,435.72,98.7936817562142,C
Ruffino Greppone Mazzi Bru,434.92,98.7949941527099,C
Angelini Sangiovese Pesaresi,434.71000000000004,98.79630591551833,C
Hendry Ranch Barrel Chard,433.86,98.79761511340213,C
Sociando Mallet Haut-Medoc,431.88,98.7989183365203,C
Ch Fombrauge Le Cadran de Fo,431.84,98.80022143893615,C
Bocelli Sangiovese,431.76,98.80152429994733,C
Catalpa Cab Svgn,431.76,98.8028271609585,C
Gaia Notios Nemea Wh,431.73,98.80412993144293,C
Punto Final Perdriel Malbec,431.73,98.80543270192736,C
Dom Bousquet Cab Svgn Rsv,431.72999999999996,98.80673547241177,C
Grape Time Winery Amarone,431.68,98.80803809201828,C
Renwood BBQ Zinfandel,431.64,98.80934059092245,C
Common Man Pnt Grigio,431.52,98.8106427277196,C
Andre Spumante Calif,431.28,98.81194414030276,C
Svedka Strawberry Colada,429.57,98.81324039286106,C
Bols Green Creme De Menthe,429.57,98.81453664541935,C
Caposaldo Prosecco Brut,428.71000000000004,98.81583030287743,C
Greystone Cellars Cab Svgn,428.61,98.81712365857966,C
Seven Falls Merlot,428.61,98.8184170142819,C
Rodney Strong Symmetry,427.92,98.81970828786886,C
Vincent Marie Antoinette,424.83000000000004,98.82099023720038,C
Dow LBV Port,424.83,98.82227218653189,C
Grand Macnish Black Edition,424.83,98.82355413586342,C
Legacy Red Alexander Valley,423.92,98.8248333392168,C
Heidsieck Monopole Rose Top,423.90000000000003,98.826112482219,C
Siduri Pnt Nr 13 Clos Pepe,422.91,98.82738863783841,C
Elk Cove La Boheme Pnt Nr,422.90999999999997,98.82866479345782,C
Little Penguin Merlot Ausl,422.71,98.82994034556556,C
Kikkoman Plum Wine,422.53000000000003,98.83121535451278,C
Canyon Rd Merlot Cal,421.52,98.83248731572603,C
Badenhorst Secateurs Chen Bl,420.71000000000004,98.83375683271697,C
Chateau Pontet Canet Pauilac,419.97,98.83502411671469,C
Yellow Stone Ltd Edition 15,419.96,98.83629137053686,C
Ch Talbot 10 Brdx,419.96,98.83755862435902,C
Freemark Abbey Cab Svgn Ruth,419.94,98.83882581783,C
Ch Bellevue St-Emil 09 Gr Cr,419.94,98.840093011301,C
Querceto Il Sole Alessandro,419.94,98.84136020477197,C
Cheval des Andes Mendoza,419.93,98.84262736806738,C
Darioush Merlot Napa Valley,419.93,98.84389453136278,C
Ciacci 07 Piccolomino Brunlo,419.93,98.84516169465817,C
Carne Humana Red,419.88,98.84642870707565,C
Muxagat Barroca Tinto Doura,419.78999999999996,98.84769544791287,C
Dom Roux Bourgogne Chard,419.78999999999996,98.84896218875011,C
Morrigan Irish Whiskey,419.78999999999996,98.85022892958733,C
Carpene Malvolti Sprklg Rose,419.78999999999996,98.85149567042455,C
Tarantula Azul Tequila Gift,419.7,98.85276213968152,C
Cono Sur Vision Svgn Bl Csbl,419.65,98.85402845806055,C
Valdivieso Cab Franc Rsva,418.79999999999995,98.85529221151499,C
Chateau Simon Bordeaux Blanc,418.75,98.85655581409148,C
Nora Albarino Rias Baixas,418.75,98.85781941666798,C
Ravenswood Vntrs Blend Znfdl,417.78,98.85908009221285,C
Milestone Red,417.61,98.86034025477277,C
Ch la Pointe Pomerol,415.87,98.86159516678111,C
Ch La Louviere Pssc-Leg Roug,415.84,98.8628499882627,C
Ch de Carles Brdx,415.68,98.86410432693492,C
Beringer Classic Svgn Bl,415.40000000000003,98.8653578206908,C
Warre's Vintage Port 2011,414.94,98.86660992636983,C
Bruno Colin Chass-Mont Rouge,413.94,98.86785901449048,C
Churchills 20 Yr Tawny Port,413.91,98.86910801208437,C
Rombauer Vyds Chard Carneros,413.77,98.87035658722006,C
Shaya Verdejo Old Vines Whit,413.72,98.87160501147785,C
Paul Masson Rose Carafe,413.08000000000004,98.87285150449826,C
Torresella Prosecco Xtra Dry,412.73999999999995,98.87409697154882,C
Casalini Pnt Grigio,412.40999999999997,98.87534144280512,C
Zorvino Vyds Sangiovese,412.17,98.8765851898474,C
Christian Bros Ruby Port,411.84,98.87782794109542,C
Dr Frank Johannisberg Rsl,411.78,98.87907051128994,C
The Chard Project Chard,409.74,98.88030692566532,C
Contratto 08 Milesimato Brut,408.30999999999995,98.8815390249322,C
Dr Konstantin Frank Rose,407.76,98.88276946454198,C
Jose Cuervo Cinge,407.76,98.88399990415176,C
Renzo Masi Chiant Rufina RS,407.75,98.88523031358595,C
Schlosskellerei Gobelsburg,407.74,98.88646069284455,C
Novy Four Mile Creek Red,407.66,98.88769083069849,C
Haunting Whisper DeChaunac,407.66,98.88892096855243,C
Hendry Block 7 Znfdl Napa,406.89,98.8901487828864,C
O Leflaive Pulgny Montrcht12,405.93,98.89137370036431,C
Petit Caillou St Julien,405.85999999999996,98.89259840661315,C
Bridlewood Blend 175 C C,405.71,98.89382266022822,C
Zenato Amarone,404.93999999999994,98.89504459032334,C
Bertani Villa Arvedi Amarone,404.91,98.89626642989168,C
Nicholson Ranch Pnt Nr Sonom,404.90999999999997,98.89748826946006,C
Matrix Pnt Nr RRV,404.84999999999997,98.89870992797492,C
Ch Massiac Viognier,404.73,98.89993122438277,C
Callia Alta Pnt Grigio,404.55,98.9011519776301,C
Crown Royal +2 Reusable Cups,403.82,98.90237052805982,C
Casa Lapostolle Svgn Bl,403.6,98.90358841462668,C
Pezzi King Svgn Bl Dry Creek,402.69,98.90480355521541,C
Joseph Drouhin Puligny-Montr,401.94,98.90601643263535,C
The Big Easy Red,401.84,98.90722900829945,C
Thorny Rose Svgn Bl NZ,401.6,98.90844085974953,C
Exem Brdx,400.73,98.90965008592381,C
Domino Chard,400.45,98.91085846718175,C
Gran Patron Piedra,399.99,98.91206546036283,C
Ornellaia Bolgheri 10,399.98,98.9132724233683,C
Nickel Branding Irn Cab Svgn,399.96,98.91447932602263,C
Cakebread Vine Hill Cab,399.96,98.91568622867695,C
Banfi Poggio Alle Mura Rsva,399.96,98.91689313133128,C
Damilano Cannubi Barolo,399.95,98.91810000381001,C
Cenyth Sonoma Red,399.92,98.91930678576199,C
Monsanto 09 Il Poggio Chiant,399.92,98.92051356771398,C
Rock Hills Farm Bourbon,399.92,98.92172034966597,C
Drouhin Chorey Les Beaune,399.84,98.92292689021329,C
Neal Family Svgn Bl Napa Vly,399.8,98.92413331005827,C
Gr Montmirail Muscat Venise,399.79999999999995,98.92533972990324,C
Banshee Mordecai Proprietary,399.79999999999995,98.92654614974823,C
Lake Sonoma Znfdl Dry Creek,399.79999999999995,98.92775256959321,C
Iris Vineyard Pnt Nr,399.79999999999995,98.92895898943819,C
Writer's Block Pnt Nr,399.75,98.93016525840524,C
Sunday Mtn Svgn Bl,399.75,98.9313715273723,C
Vikingfjord Vodka,399.75,98.93257779633936,C
A Proper Claret,399.75,98.93378406530641,C
Boones Strawberry Hill,397.67,98.93498405775202,C
Grand Marnier Rasp-Peach,396.01,98.93617904105069,C
Glenmorangie Milsean Scotch,395.96,98.93737387347146,C
R Stemmler Nugent Pnt Nr,395.89,98.93856849466313,C
Les Fiefs de Lagrange 11 Jul,395.88,98.9397630856792,C
Dow's 10 Yr Old Tawny Port,395.88,98.94095767669529,C
Dynamite Merlot N Cst,395.67,98.9421516340241,C
Olivier & Lafont Ventx Rouge,395.64,98.94334550082617,C
The Glenlivet Oloroso Nadu,394.95,98.94453728551295,C
Hudson Bay Bourbon,394.91,98.9457289494974,C
Four Vines Biker Znfdl,393.84,98.94691738469436,C
Smashberry Red,393.71999999999997,98.94810545778431,C
Pink Pigeon Rum,391.85999999999996,98.94928791821566,C
J Lohr Seven Rst Cv Cab Svgn,391.21000000000004,98.95046841723405,C
Bodegas Faustino V RSV Rioj,390.77,98.95164758852675,C
Ch Beaulieu Lalande de Pomer,390.77,98.95282675981944,C
Shafer Hillside Cab Svgn 06,389.99,98.9540035774166,C
St Supery Rutherford Merlot,389.90000000000003,98.9551801234335,C
Claret Ramey Napa Valley,389.9,98.95635666945039,C
George Dickel #12 Sour Mash,389.84999999999997,98.95753306458937,C
James L'Escargot Svgn Blanc,389.74,98.95870912779692,C
Grape Time Wh Cranbery Pnt G,389.7,98.95988507030215,C
J Bouchon Canto Sur,389.7,98.96106101280736,C
Arrogant Frog Pnt Nr,389.61,98.96223668373233,C
Hogue Cellars WA Svgn Bl,389.61,98.9634123546573,C
Copain Tous Ensemble Chard,388.13,98.96458355959584,C
Murphy-Goode Merlot Alexandr,387.73,98.96575355751102,C
Provenance To Kalon Cab Svgn,384.93,98.96691510626272,C
Ken Wright Canary Hill Pnt N,384.93,98.96807665501441,C
Tommasi Tenuta Filo Prosecco,384.76,98.96923769078118,C
Hideyoshi Namacho Honjozo Sa,384.68,98.97039848514328,C
Ch Martinon Brdx Rouge,384.65000000000003,98.97155918897862,C
Ch Giscours Margaux 11 Gr Cr,383.94,98.9727177503475,C
Dom du Dupeuble Bjls,383.76,98.97387576855589,C
Emilio Lustau Amontillado S,383.76,98.97503378676427,C
Black Stallion Chard Napa Vy,383.76,98.97619180497264,C
Voga Moscato Italia,383.68,98.97734958177635,C
Lindemans Bin 99 Pnt Nr,383.52,98.9785068757707,C
Ch Canon St Emilion Gr Cr 11,380.97,98.97965647499117,C
Boundary Breaks OLN Rsl,380.75,98.98080541034878,C
Glenmorangie Signet Sng Malt,379.98,98.98195202218645,C
QM Alvarinho White,379.81,98.98309812103918,C
Full Throttle Vanila Whiskey,379.81,98.98424421989189,C
LaBelle Winery Americus,379.80999999999995,98.98539031874462,C
Scott Family Est Chard Arroy,379.80999999999995,98.98653641759734,C
Ole Smoky Shine Nog,379.79999999999995,98.98768248627448,C
Graham's Six Grapes Gift Pk,379.79999999999995,98.98882855495164,C
Cono Sur Vision Cab Svgn,379.68,98.98997426152178,C
Viberti Barbera D'Alba Gemel,379.62,98.9911197870384,C
Tooters Ala-Bama Slama 15 Pk,379.62,98.99226531255503,C
Ramos Pinto 10-Yr Tawny Red,378.91,98.99340869560523,C
Chateau d'Issan Margaux,377.93,98.99454912144817,C
Ch Beauchene Rose,377.73,98.99568894377944,C
Fontanafredda Briccotondo,377.73,98.99682876611072,C
Fire Water Hot Cinnamon,377.73,98.99796858844199,C
Capt Morgan ParrotBay Pineap,377.67,98.99910822971977,C
Mother's Holiday Nog,377.58,99.00024759941728,C
O Leflv Ruly Cr Ls Cloux,376.87,99.00138482664835,C
Svedka Vanilla Vodka,376.71000000000004,99.00252157107006,C
Flag Hill De Chaunac Red NH,376.71,99.00365831549178,C
Ravenswood Petite Sirah Vnts,376.19,99.00479349078313,C
Morgan Winery Double L Pnt N,375.92,99.00592785133372,C
Elk Cove Five Mtn Pnt Nr,375.92,99.00706221188432,C
Domaine Pallieres Gigondas R,375.92,99.0081965724349,C
Yellow Tail Cab/Merlot Ausl,375.53000000000003,99.00932975613772,C
Dunn Vyds Cab Svgn Napa Vly,374.95,99.01046118965667,C
El Enemigo 11 Cab Franc Mend,374.84999999999997,99.01159232141977,C
Pacific Rim Vin de Glaci Rsl,374.75,99.01272315142704,C
Malibu Island Spiced Rum,374.7,99.01385383055637,C
Yaegaki Nigori Sake,373.83,99.01498188440992,C
Lange Pnt Gris Willamette,373.78,99.01610978738556,C
Cambridge Chard Carneros,373.78,99.01723769036118,C
La Carraia Orvieto Clsc,373.7,99.01836535193213,C
Plantaze Vranac Montenegro,373.66,99.01949289280076,C
Love Lane Carmenere,373.65999999999997,99.02062043366936,C
Broadbent Vinho Verde Rose,371.69,99.02174202994797,C
Falesco Sangiovese Umbria,370.76,99.02286081989725,C
Churchill's Vintage Port 11,368.95,99.02397414806585,C
Ch Smith Haut Lafitte 12,367.96,99.02508448885163,C
Sbragia Cab Svgn Monte Rosse,367.92,99.0261947089351,C
Sierra Cantabria Crianza,367.77,99.02730447638478,C
NH Winter Warmer Red,367.28999999999996,99.02841279540645,C
Cecchi La Mora Morellino,366.77,99.02951954529775,C
Skyy Infusions Grapefuit,366.3,99.03062487693661,C
Wente Reliz Crk Pnt Nr,365.84999999999997,99.0317288506742,C
Marco Barbanera Chianti DOCG,365.39,99.03283143633492,C
Banfi Poggio Alle Mura Montl,364.95,99.03393269426995,C
Sauska Tokaji Aszu,364.95,99.03503395220497,C
Rozes Infanta Isabel 10 Yr,364.84999999999997,99.03613490838417,C
Barkan Clsc Merlot,363.74,99.03723251507354,C
Ch Fonroque 09 Brdx St Emill,362.89000000000004,99.03832755683828,C
Lions de Suduiraut Sauternes,360.80999999999995,99.03941632208156,C
Jadot Echezeaux 13,359.98,99.04050258275139,C
Bacardi Reserva Limitada,359.96,99.04158878307004,C
Balvenie 15 Yr Single Malt,359.96,99.04267498338871,C
Chateau Lascombes Margaux,359.95,99.04376115353176,C
Masi Rsvra di Costasera Amar,359.94,99.04484729349926,C
Tomatin Scotch 14Yr Portwood,359.94,99.04593343346674,C
Catena Alta Historic Rows CS,359.92,99.04701951308307,C
Neyers Vyds Chard Novillero,359.92,99.0481055926994,C
Veuve Clicquot Ylw Ice Lettr,359.92,99.04919167231571,C
Ridge Znfdl Paso Robles,359.88,99.0502776312297,C
Landmark 12 Overlook Chard S,359.88,99.05136359014368,C
Scott Family Est Pnt Nr Arro,359.84999999999997,99.05244945853092,C
Tenet Syrah The Pundit,359.82,99.05353523639138,C
Atalon Pauline's Cuvee Red N,359.82,99.05462101425188,C
Scagliola Dolcetto Sempre,359.76,99.05570661105885,C
Adissat Cotes du Rhone,359.76,99.05679220786584,C
Fattoria Pagliaatura Verm 11,359.7,99.0578776236193,C
Cesari Boscarel,359.64,99.05896285831928,C
Penfolds Rawsons Shiraz/Cab,359.6,99.06004797231691,C
Ozeki Hana Awaka Sprkl Sake,359.6,99.06113308631456,C
Nicole Chanrion Cote de Brou,357.84,99.06221288940942,C
Ca'Momi Bianco di Napa,356.46999999999997,99.06328855844929,C
Ch Pitot Brdx,355.69,99.0643618737936,C
MezzaCorona Pnt Nr Dolomiti,355.25,99.06543386141223,C
Two Oceans WestrnCape Shiraz,354.64,99.06650400832024,C
Ch Cantenac 12 Brown Margaux,353.94,99.06757204293739,C
Jadot Ch des Jacques Fleurie,351.84,99.0686337406819,C
Liberty Crk Prm RSV Wh Znfdl,351.56,99.06969459351006,C
Domino Pnt Grigio,351.44,99.07075508423122,C
Le Macchiole Bolgheri Rosso,350.87,99.0718138549441,C
Defesa Rose Alentejo,350.73,99.0728722031988,C
DiSaronno Rsva Ltd Edition,349.99,99.07392831846029,C
LeCompte Calvados 12 Yr Old,349.95,99.07498431301944,C
Ch Clerc Milon 12 Pauillac,349.95,99.0760403075786,C
Ch LaCroix Taillefer 09 Rom,349.95,99.07709630213775,C
La Croix Beaucaillou 11 St J,349.93,99.07815223634573,C
Egan's Single Malt Irish Wh,349.93,99.07920817055371,C
Querceto La Corte Toscana,349.93,99.0802641047617,C
Robert Sinskey POV Napa Red,349.90000000000003,99.08131994844292,C
Querceto Chianti Clsc RSV,349.86,99.08237567142181,C
Dom Tabordet Pouilly Fume,349.86,99.08343139440072,C
Capel Premium Pisco,349.75,99.0844867854482,C
Lobstah White,349.65,99.08554187473982,C
Spasso Pnt Grigio Veneto,349.3,99.08659590788604,C
Glen Moray 16 Yr Old Scotch,347.94,99.08764583715282,C
Cakebread Dancing Bear Cab S,344.96999999999997,99.08868680427118,C
Ferrari-Carano RSV Chard,344.90999999999997,99.08972759033604,C
Canyon Rd Svgn Bl,344.88,99.09076828587415,C
Kesselstatt Rsl RK QbA Mosel,344.77,99.09180864948083,C
Montes Twins Red,344.77,99.09284901308752,C
Franzia Sangria Fruity Red,344.77,99.0938893766942,C
Camp Meeting Ridge Chard,343.96,99.09492729607858,C
Brittan Vyds Chard Wlmete Vy,343.92,99.09596509476064,C
Matanzas Creek Merlot Sonoma,343.84,99.09700265203803,C
Rosatello Sweet Moscato,343.68,99.09803972650606,C
Sartori Ferdi Bianco,343.57000000000005,99.09907646904269,C
Frey Znfdl Organic Mendocino,342.77,99.10011079753258,C
Roederer Brut Premier,341.94,99.10114262144903,C
Ole Smoky Blue Flame,341.82,99.10217408325846,C
Kumeu River Village Chard,341.81,99.1032055148923,C
Malamatina Retsina,341.43,99.10423579985394,C
Copa di Vino Pnt Grigio,341.13,99.10526517954808,C
De Martino Carmenere Estate,340.69,99.10629323151655,C
Royal Brackla 12 Yr Scotch,339.95,99.10731905049177,C
Vieux Telegraphe Chtnf Bl,339.95,99.10834486946702,C
Buehler Znfdl Napa,339.83,99.10937032633524,C
Full Throttle Peach Whiskey,339.83,99.11039578320346,C
Pali Huntington Pnt Nr,339.83,99.11142124007168,C
Mercer Canyons Chard,339.5,99.11244570114565,C
Line 39 Cab Franc Cntrl Cst,338.69,99.11346771799731,C
Ruffino Modus Toscana,337.87,99.1144872604511,C
Marcel Lapierre Morgon,337.87,99.11550680290489,C
Kenwood Merlot Sonoma,337.74,99.11652595307608,C
I Lauri Spumante Brut Rose,337.74,99.11754510324727,C
Loukatos Retsina,337.64,99.11856395166262,C
Cupcake Moscato,337.59999999999997,99.11958267937564,C
Grape Time Super Tuscan,337.25,99.12060035094322,C
Absolut Wild Tea,336.77,99.12161657408276,C
Buried Cane Chard,336.72,99.1226326463444,C
Pavillon du Ch Margaux 12 Ma,335.98,99.12364648561281,C
LeCompte Calvados 5 Yr Old,335.94,99.12466020417892,C
Alto Moncayo Garnacha,335.93,99.12567389256941,C
Vidal Jackson-Triggs RSV Icw,335.84999999999997,99.12668733955525,C
Fattoria de Limone,335.79,99.12770060548758,C
Grady Family Vyds Znfdl,335.76,99.12871378089315,C
Cycles Gladiator Cab Svgn,335.76,99.12972695629874,C
Nortico Alvarinho,335.76,99.13074013170431,C
Borealis Northern Whites,335.76,99.1317533071099,C
Giorgio Carnevale Barbr Asti,335.72,99.13276636181314,C
Jacquin Peach Brandy,335.68,99.13377929581404,C
The Naked Grape Harvest Red,335.52,99.13479174700561,C
Catena Alta Historic Malbec,334.93,99.13580241783771,C
Plantaze Krstac Montenegro W,333.21,99.13680789846939,C
Boscarelli Vino Nobile Monte,332.91,99.13781247383355,C
Brancott Pnt Nr Marlboro,332.74,99.13881653621279,C
Red Diamond Chard Wash,332.71,99.13982050806527,C
Tintero Langhe Arneis,332.63,99.14082423851308,C
Sycamore Lane Wh Znfdl Cal,331.11,99.14182338227214,C
Ch Leoville-Barton Gr Cru 09,329.98,99.14281911619021,C
Col D'Orcia Brunello Montalc,329.96999999999997,99.1438148199327,C
Ken Wright Freedom Hill Pnt,329.94,99.14481043314844,C
Pali Wine Co Pnt Nr Durell,329.94,99.14580604636417,C
Mirafiore Nebbiolo Langhe,329.90000000000003,99.14680153887757,C
Finca Decero Amano,329.9,99.14779703139097,C
Truchard Carneros Chard,329.89,99.14879249372879,C
Cecchi Chianti Clsc Rsv Fami,329.89,99.1497879560666,C
Bacardi 1873 Solera Rum,329.78000000000003,99.150783086473,C
Fleur Petite Sirah Californa,329.78000000000003,99.1517782168794,C
Bolla Prosecco 3pk/187mls,329.78000000000003,99.1527733472858,C
Valley of the Moon Pnt Bl,329.78,99.1537684776922,C
Kris Heart Rosso,329.74,99.15476348739625,C
Grayson Cellars Znfdl Cntl C,329.72,99.15575843674914,C
Carpineto Montepulciano 11,329.7,99.15675332575086,C
Little Penguin Cab Svgn Ausl,329.67,99.15774812422585,C
JJ Prum Graacher Him Rsl Aus,328.93,99.1587406897076,C
Ch Giscours 10,327.96,99.15973032815772,C
Clos LaChance Chard,325.73,99.16071323745264,C
Tenuta Sette Ponti Oreno,323.94000000000005,99.16169074531803,C
Glenrothes Single Malt Scot,323.93,99.16266822300783,C
Fritz Pnt Nr RRV,323.88,99.1636455498197,C
Almaden Pnt Grigio B/B,323.82,99.16462269557809,C
Valckenberg Dornfelder,323.73,99.16559956975621,C
DeKuyper Orange Curacao,323.64,99.1665761723541,C
Von Winning Riesling Pfalz,322.83,99.16755033072965,C
Ruca Malen Cab Svgn Rsv,322.80999999999995,99.16852442875405,C
Tozai Blossom of Peace,322.80999999999995,99.16949852677845,C
Gloria Ferrer Carneros Chard,322.80999999999995,99.17047262480287,C
Woodford Rsv Cotton Restrant,321.93,99.17144406737589,C
Llopart Rose Cava Brut Rsva,321.86,99.17241529871981,C
F Coppola Vendetta Cab/Malbc,321.86,99.17338653006374,C
Angels & Cowboys Rose,321.77,99.17435748982741,C
Herzog Kosher Cab Svgn,321.77,99.17532844959109,C
Joseph Phelps Insignia 08,319.98,99.17629400792525,C
Latour 07 Echezeaux Rouge,319.98,99.17725956625941,C
Mollydooker Carnival of Love,319.96,99.1782250642424,C
Lancaster Est Cab Svgn,319.92,99.17919044152306,C
Adissat Gabrielle Ch du Pape,319.92,99.18015581880371,C
Scagliola Barbera D'Asti Frm,319.84,99.1811209546797,C
Tranzind Red Blend,319.8,99.18208596985335,C
Mitolo Jester McLaren Shiraz,319.8,99.183050985027,C
Moonlight Meadery Last Apple,319.8,99.18401600020064,C
Dom St Andrieu Rose CdP,319.8,99.18498101537429,C
Sandeman Rainwater Madeira,319.8,99.18594603054794,C
Carlo Rossi RSV Cab Svgn Cal,319.78,99.18691098537042,C
Mont Gras RSV Colch Carmener,319.68,99.18787563843706,C
Avion Tequila 3/50ml Sampler,319.68,99.1888402915037,C
Cavit Alta Luna Phases Rosso,319.68,99.18980494457034,C
Bols Brown Creme de Cacao,319.68,99.19076959763697,C
Laboure-Roi Pouilly Fuisse,319.68,99.19173425070362,C
Meeker Mendocino Cab Svgn,319.68,99.19269890377025,C
Gramona Imperial Cava Gr Rsv,318.89,99.19366117296576,C
Viberti Bricco Airoli,318.89,99.19462344216127,C
Livon Pnt Grigio,318.8,99.19558543977652,C
Redwood Creek Malbec,318.71000000000004,99.19654716581154,C
Chiroubles Clos Les Farges,317.85999999999996,99.1975063269219,C
Greg Norman Pnt Nr Cal Est,317.81,99.19846533715435,C
Constanti Brunello Montalcno,315.96,99.19941876490375,C
Alexander Vly Vyds Merlot,315.79,99.20037167966825,C
Albola Chianti,315.75,99.20132447373041,C
Nozzole Vineto Il Pareto,314.95,99.20227485374586,C
Jam Cab Svgn,314.84999999999997,99.20322493200547,C
Tenuta Sant'Alfonso Chianti,314.79,99.20417482921158,C
Yellow Tail Sangria Bubbles,314.37,99.20512345904315,C
Kru Peach Mango Vodka,313.24,99.20606867903375,C
Hartford Court Pnt Nr RRV,312.91,99.20701290323008,C
Ch La Dame de Montrose 11 Es,311.94,99.20795420039477,C
Ch Prieure Lichine 12 Mrgx,311.94,99.20889549755945,C
The Glenrothes Triple Pack,311.92,99.20983673437298,C
Magellan Gin,311.88,99.21077785048416,C
Concannon Crimson & Clover,311.76,99.21171860448834,C
Bonny Doon Clos de Gilroy Rd,311.76,99.21265935849253,C
Cartlidge & Browne Pnt Nr,311.76,99.21360011249672,C
Federico Ferrero Chard Langh,311.76,99.21454086650088,C
Torres Sangre de Toro Catal,311.72,99.21548149980272,C
Montezuma Tequila White,311.61,99.21642180117315,C
Bols White Creme De Cacao,309.69,99.21735630883146,C
Fulton's Harvest Pumpkin Liq,309.69,99.21829081648977,C
Verde Sole Chard,309.69,99.21922532414807,C
Banfi Centine Bianco Toscana,309.69,99.22015983180638,C
Chateau Gazin Pomerol 11,307.96,99.22108911908867,C
Spring 44 Gin,307.89,99.22201819514189,C
McIvor 12 Yr Old Scotch,307.78000000000003,99.22294693926366,C
Jarhead Chard,307.78,99.22387568338546,C
M Chiarlo Gavi Wh,307.72,99.22480424645373,C
McWilliams Hanwood Cab Svgn,307.56,99.22573232671265,C
Ch Olivier Pessac-Leognan 10,305.94,99.226655518527,C
Z Znfdl Tom Eddy,305.94,99.22757871034133,C
Schug Sonoma Cnty Chard,305.83,99.22850157022425,C
Stags Leap Hands of Time Chr,305.82,99.22942439993157,C
Mt Tabor Galilee Chard,305.82,99.23034722963891,C
Portillo Pnt Nr,305.66,99.2312695765369,C
Clos du Bois Unoaked Chard,305.03,99.2321900223731,C
Taylor Madeira NY,304.39,99.23310853697194,C
DiSaronno Cavalli Glass Pack,303.85999999999996,99.23402545226482,C
JP Wiser's Spiced Vanilla,303.84,99.23494230720652,C
Ch Lancyre Languedoc Rose,303.84,99.23585916214824,C
A Bichot Chard Bourgogne,303.81,99.2367759265632,C
Casa Silva Svgn Gris,303.81,99.23769269097816,C
Domino Cab Svgn,302.52,99.2386055627428,C
Charles Goodnight Bourbon,300.93,99.23951363658959,C
L'Ecole No 41 Cab 12 Walla W,300.93,99.2404217104364,C
Catskill Wicked White Whisky,300.8,99.2413293920006,C
Tullibardine 25 YO Highland,299.99,99.24223462934249,C
Don Julio Real Tequila,299.99,99.2431398666844,C
Glenfiddich Age of Discovery,299.98,99.24404507385073,C
Stoli Elite Vodka,299.96999999999997,99.24495025084147,C
Oban 18 Yr Single Malt,299.96999999999997,99.2458554278322,C
Flowers Sonoma Cst Pnt Nr,299.96999999999997,99.24676060482294,C
Metze's Slct Indiana Bourbon,299.96,99.2476657516381,C
The Feathery Blended Scotch,299.95,99.24857086827767,C
Jack Daniels 2 Yr Rested Rye,299.94,99.24947595474165,C
Allegrini Sondraia,299.94,99.25038104120564,C
Atalon Cab Svgn Napa,299.9,99.2512860069673,C
Talley Vyds Pnt Nr,299.9,99.25219097272895,C
1800 Select Silver Tequila,299.9,99.2530959384906,C
Carpineto Cab Svgn Farnito,299.9,99.25400090425224,C
Roger et Didier Raimbault Rs,299.88,99.25490580966272,C
San Guido Sassicaia Guildal,299.88,99.2558107150732,C
White Oak Merlot Napa,299.88,99.25671562048367,C
Vina Cobos Cocodrilo Corte,299.88,99.25762052589417,C
J Lohr Tower Road Petite Sir,299.85,99.25852534077791,C
Barsol Primero Quebranta Pso,299.84999999999997,99.25943015566165,C
La Fee NV Absinthe,299.84999999999997,99.26033497054539,C
Full Throttle Blackberry,299.84999999999997,99.26123978542911,C
Craggy Range Svgn Bl Marlbro,299.84999999999997,99.26214460031285,C
Avancia Cuvee De O Valdeoras,299.8,99.26304926431867,C
Martin Ray 14 Rose of Pnt Nr,299.8,99.26395392832448,C
Tequila Rose Strawberry Gift,299.79,99.26485856215471,C
Maso Canali Pnt Grigio Coll,299.75,99.2657630752826,C
Pennywise Pnt Nr,299.75,99.2666675884105,C
Hiram Walker Pumpkin Spice,299.7,99.26757195066047,C
Les Embruns Rose,298.77,99.26847350658113,C
DeKuyper Island Punch Pucker,298.77,99.26937506250181,C
Woodstock Hot Licks,298.74,99.27027652789572,C
Catskill Defiant Rye,296.91,99.27117247115778,C
Widow's Migaki Shochu,296.91,99.27206841441985,C
Ch Labegorce 12 Margaux,296.91,99.2729643576819,C
Almirez 07 Tinta de Toro,296.89,99.27386024059281,C
Dom Cachot Monot Ct Nuits,296.89,99.27475612350369,C
Justin Obtuse,296.73,99.27565152360525,C
Dom Ch Moreau Chablis Les Cl,295.96,99.27654460018684,C
Zestos Garnacha,295.74,99.27743701290558,C
Ch Ste Michelle Col Solare R,294.95,99.27832704175319,C
Ch des Perligues Graves,294.77,99.2792165274403,C
Bouvier Morey St Denis Rue d,293.94,99.28010350855394,C
Dark Corner Peach Shine,293.86,99.2809902482629,C
Castello di Meleto Chianti,291.82,99.28187083215275,C
Anew Rose,291.75,99.28275120481351,C
Renwood California Znfdl,291.6,99.28363112484053,C
Piehole Pecan Pie,291.47,99.28451065258493,C
Quintessa Rutherford Red,289.98,99.28538568416734,C
Emmolo Merlot,289.95,99.286260625223,C
Tooters Blu-D Kamikazi 15 Pk,289.71000000000004,99.28713484206463,C
Blackstone Montry Pnt Grigio,288.73,99.28800610169904,C
Columbia Winery Cab Svgn,288.59000000000003,99.28887693887529,C
Capanna Brllo di Montalcino,287.96,99.28974587498975,C
Avion Reposado Tequila,287.94,99.29061475075305,C
Mapple Jack Liquer,287.92,99.29148356616517,C
Stags Leap Hand of Time Red,287.88,99.29235226087495,C
Terra D'Oro Pnt Grigio,287.76,99.29322059347774,C
Kenwood Yulupa Chard Cal,287.67999999999995,99.29408868467584,C
Round Hill Comm Man Cab Svgn,287.64,99.29495665517162,C
Arrow Blue Curacao,287.64,99.29582462566738,C
Querceto Sangiovese,287.64,99.29669259616315,C
Felino Vino Cobos Chard,287.25,99.29755938981116,C
Calera Mt Harlan Chard,286.93,99.29842521784047,C
McCormick Silver Rum,286.59000000000003,99.29929001989993,C
Benchmark Egg Nog,286.59000000000003,99.30015482195938,C
Paul Hobbs Crossbarn Chard,285.89,99.30101751172798,C
Mollydooker Maitre D Cab Svg,285.89,99.30188020149656,C
Esclans Whispering Angel Ros,285.87,99.30274283091399,C
Rothman & Winter Violette,285.87,99.3036054603314,C
Steele Out Kaste Lke Cty Red,285.87,99.30446808974882,C
Pendleton Limited Edition,285.87,99.30533071916624,C
Olivier Chablis Savary,285.78,99.30619307700341,C
Lincourt Courtney's Chard,285.74,99.30705531413824,C
Robert Sinskey Cab Svgn Stag,284.96999999999997,99.3079152277531,C
Poggio Altero Antico Brunllo,284.95,99.30877508101679,C
Carlo Rossi Moscato Sangria,284.81,99.30963451182231,C
Truchard Znfdl,284.81,99.31049394262783,C
Ornellaia Bolgheri 09,283.98,99.31135086885988,C
Jean Laurent Blanc de Noirs,283.43,99.31220613543482,C
Nickel&Nickel Truchard Chard,281.94,99.31305690584777,C
EnRoute Chard Brumaire RRV,281.94,99.31390767626071,C
DeKuyper Cane Trial Pack,281.06,99.31475579122227,C
Bollinger R.D. 2002,279.99,99.31560067739633,C
Alexanders Crown Cab Svgn,279.96,99.31644547304366,C
Adelsheim Bryan Creek Pnt Nr,279.96,99.31729026869098,C
Scapa 10 Yr Old Single Malt,279.96,99.3181350643383,C
Patz & Hall Pnt Nr Sonoma Cs,279.93,99.31897976945888,C
WindRacer RRV Chard,279.91999999999996,99.31982444440386,C
Steph Avrn Julienas Vielles,279.86,99.32066893829536,C
Kahlua Cinnamon Spice,279.85999999999996,99.32151343218683,C
Gran Passione Gavi,279.8,99.32235774502483,C
Castillo Monastrell Red,279.8,99.3232020578628,C
Sobieski Espresso Vodka,279.72,99.32404612929611,C
Riebeek Cellars Cab Svgn,279.71999999999997,99.32489020072941,C
Canella Prosecco,279.44,99.32573342724638,C
Adelsheim Chard Willmete Vly,275.88,99.32656591125546,C
Baron La Rose Bordeaux Blanc,275.77,99.32739806333312,C
Tom Eddy Cab Svgn Napa,274.95000000000005,99.3282277410129,C
Fess Parker Pnt Nr Bien Naci,274.95,99.32905741869268,C
Ch Talbot St Julien 11 GC,274.95,99.32988709637246,C
Merriam Cuvee Pnt Nr RRV,274.89,99.33071659299874,C
Clos du Bois Chard Calcaire,274.75,99.33154566716684,C
Revel Stoke Roasted Pecan,273.78,99.3323718143033,C
Rochioli Svgn Bl RRV,272.93,99.33319539651514,C
Artesa Rsv Chard,272.93,99.33401897872697,C
Thorn Napa Valley Merlot,272.93,99.3348425609388,C
Macchia Mischievous Znfdl Lo,272.87,99.33566596209712,C
Screech Spiced Rum,272.79,99.33648912185078,C
J Bouchon Canto Norte,272.79,99.33731228160443,C
Joseph Drouhin Nuits St Geo,271.96,99.33813293678462,C
Steele Pacini Mendocno Znfdl,271.84,99.3389532298578,C
NH Barnett Hill Dry White,271.83,99.33977349275538,C
Bouza Tannat Las Violetas,271.83,99.34059375565299,C
Herencia Altes Garnacha Negr,271.68,99.34141356591682,C
Paul Hobbs Beckstoffer Cab S,269.99,99.34222827650699,C
Ch Brannon 12 Pessac-Leognan,269.97,99.34304292674597,C
L'Enclos de Viaud Lalande Po,269.90999999999997,99.34385739593145,C
Ch Graves de Pez St Estephe,269.90999999999997,99.34467186511694,C
Goulee Cos d'Estournel Medoc,269.9,99.34548630412684,C
Elk Cove Pinot Bl,269.84999999999997,99.34630059225883,C
Black Pearl Oro,269.84999999999997,99.34711488039082,C
Alverez de Toledo Godello,269.73,99.3479288064158,C
Antinori Orvieto Clsc Campo,266.79,99.34873386081911,C
Beat 3 White Kosher Whiskey,265.90999999999997,99.34953625977101,C
Tasca D'Almerita Leone 11,265.86,99.35033850784501,C
Barbera d'Alba Alessandria,265.85999999999996,99.35114075591902,C
Aquinas Napa Chard,265.81,99.35194285311509,C
Mija Sangria,265.67,99.352744527853,C
Ch Marquis de Terme 12 Mrgx,264.95,99.35354402994886,C
Bowman's Light Vodka,264.47,99.35434208361671,C
Kamchatka Vodka,264.18,99.35513926219261,C
Dom Le Sang des Cailloux Va,263.92,99.35593565620333,C
M Molitor Spatlese Mosel,263.9,99.35673198986288,C
Drouhin Pouilly Fuisse,263.89,99.35752829334686,C
Tin Barn Cab Svgn Sonoma Cty,263.88,99.35832456665523,C
Duca di Salaparuta Paso Mule,263.88,99.35912083996362,C
Inspired Red Blend CA,263.79,99.35991684169174,C
La Garenne Entre Mer Wh,263.76,99.36071275289314,C
Villa Jolanda Pineap Moscato,263.76,99.36150866409452,C
Alias Cab Svgn,263.76,99.3623045752959,C
Catalpa Chard,262.84999999999997,99.36309774051915,C
L'Eglise Saint-Hilaire Borde,261.78000000000003,99.3638876769549,C
Silver Oak 05 Library Rls CS,259.98,99.36467218178558,C
Les Pagodes d Cos St Estephe,259.96,99.36545662626506,C
Tullibardine Sauterne Finish,259.96,99.36624107074455,C
A Bichot Cremant Brut Rose,259.87,99.3670252436438,C
Vega Sindoa 14 Garnacha Nava,259.8,99.36780920531393,C
Rozes LBV 00 Porto,259.8,99.3685931669841,C
Stoneleigh Pnt Nr Marlboro,259.74,99.36937694760073,C
12 Days of Pearls Gift Set,259.74,99.37016072821737,C
Ridge Geyserville Znfdl,258.93,99.37094206461173,C
Gary Farrell RRV Chard,255.92,99.37171431815531,C
Ole Smoky Peach Moonshine,255.84,99.37248633029424,C
Clos LaChance Cab Svgn,255.84,99.37325834243315,C
Emilio Lustau Fino Sherry,255.84,99.37403035457206,C
Wicked Bright Pnt Gr Veneto,255.68,99.37480188390163,C
Talbot St Julien 10,254.99,99.3755713311159,C
Jadot Nuit St George 13,254.95,99.37634065762786,C
Ch Ste Michelle Cold Ck Cab,254.91,99.37710986343747,C
Puydeval VDP D'Oc Red Blend,254.85,99.37787888819358,C
Three Olives Dude Vodka,254.83,99.37864785259852,C
Lamberti Rose Sparkling,254.82999999999998,99.37941681700346,C
Cavas Hill 1887 Brut Cava,254.82999999999998,99.38018578140839,C
Catskill Fearless Whiskey,253.93,99.38095203001079,C
Kuentz Bas Alsace White,253.82,99.38171794668175,C
St Mayhem Red Coffee & Peppe,252.89,99.38248105702341,C
White Oak Chard RRV,252.89,99.38324416736506,C
Ravines Meritage,252.89,99.38400727770674,C
L'Ecole No 41 Red Columbia V,252.89,99.38477038804841,C
Mark West Pnt Nr Santa Lucia,252.81,99.3855332569854,C
Hugel Les Amours Pnt Bl,252.8,99.3862960957468,C
R Mondavi RSV Cab Svgn,251.98,99.38705646011033,C
Masi Serego Alighieri Vaio A,251.96,99.38781676412269,C
Stonestreet Est Cab Svgn,251.94,99.38857700778388,C
Bonny Doon Le Cigare Volant,251.92,99.3893371910939,C
Inman Family Endless Crush,251.90999999999997,99.39009734422835,C
Kim Crawford Pnt Gr Marlboro,251.85999999999999,99.39085734648486,C
Round Hill Cab Svgn,251.82,99.39161722803904,C
Round Hill Merlot Cal,251.82,99.39237710959323,C
Ch Tertre de Viaud C d Bourg,251.79,99.39313690062065,C
Van Ruiten Family Cab Svgn,251.76,99.39389660112134,C
Fetzer Wh Znfdl Cal,251.72,99.39465618091967,C
Cupcake Chianti,251.64,99.39541551931335,C
Gekkeikan Sake Kobai Plm Cal,251.58,99.39617467665352,C
Redbreast 21 Yr Old Irish,249.99,99.39692903607583,C
Ch Ducru-Beaucalliou 09 Gr C,249.99,99.39768339549815,C
Aberfeldy Single Cask,249.99,99.39843775492048,C
Nicolis Amarone Valpo Clsc,249.95000000000002,99.39919199364047,C
Querceto Il Picchio Chianti,249.95000000000002,99.39994623236045,C
La Croix de Beaucaillou 11 S,249.95000000000002,99.40070047108044,C
Ch Echo de Lynch Bages Pa 11,249.95000000000002,99.40145470980043,C
Ch Phelan Segur St-Estphe 12,249.95,99.40220894852041,C
Torrontes Jelu San Juan,249.82,99.40296279495782,C
Bolla Soave,249.81,99.40371661121962,C
Bols Pumpkin Spice,249.75,99.40447024642793,C
The Auctor Red Blend,249.75,99.40522388163625,C
DeKuyper White Creme de Ment,249.75,99.40597751684456,C
Casa E Mirafiori Barb d'Alba,248.91,99.40672861730381,C
Drouhin Gevrey-Chambertin 13,247.96,99.40747685108262,C
Cuvaison Carneros Pnt Nr,247.92,99.40822496415907,C
McCormick Gin,247.86,99.40897289618202,C
Liberty Creek Prem RSV Chard,247.69,99.40972031522006,C
Bocelli Prosecco,246.86999999999998,99.4104652598602,C
Chapoutier Bel Cotes Rhn Ros,246.81,99.41121002344684,C
Schmitt Sohne Kabinett,246.81,99.41195478703348,C
Crios Cab Svgn,246.81,99.4126995506201,C
G Bertrand T Jeffrsn Cremant,246.81,99.41344431420674,C
Heidsieck Monopole Gold Top,244.95000000000002,99.41418346513477,C
Soter Vyds North Vly Pnt Nr,244.93,99.41492255571164,C
Le Grande Courtage Rose,244.44,99.41566016768489,C
Yellow Tail Shiraz/Grenache,243.62,99.41639530526028,C
Glen Moray 10 Yr Chard Cask,242.94000000000003,99.41712839089594,C
Black & White Scotch,242.90999999999997,99.41786138600486,C
Bonny Doon Vin Gris de Cigar,242.73,99.41859383795327,C
Tikal Patriota Mendoza Red,241.89000000000001,99.41932375515262,C
Ron Virgin Bold Coconut Rum,241.77999999999997,99.42005334042054,C
Merry Edwards Olivet Lane,239.97,99.42077746390778,C
Anakota 11 Helena Montana CS,239.97,99.42150158739503,C
Mastersons 10 Yr Old Rye,239.96999999999997,99.42222571088226,C
Lot No 40 Canadian Rye,239.96,99.42294980419392,C
Signorello's Cab Svgn Napa,239.96,99.42367389750558,C
Jack Daniels Holiday Slct 13,239.96,99.42439799081724,C
Ridge Estate Merlot,239.95000000000002,99.4251220539533,C
Ridge Santa Cruz Mt Chard,239.95000000000002,99.42584611708938,C
Sonoma-Cutrer Pierres Chard,239.94,99.42657015004987,C
Erath Leland Pnt Nr,239.94,99.42729418301037,C
Acorn Alegria Vyds Cab Franc,239.92,99.4280181556197,C
Miner Chard Napa,239.92,99.42874212822903,C
Berkshire Mtn Ethereal Gin,239.92,99.42946610083835,C
Stratus Cab Franc VQA,239.92,99.43019007344768,C
Mulderbosch Faithful Hound,239.88,99.43091392535466,C
Dom Serene Evenstad Pnt Nr,239.88,99.43163777726166,C
St Paul's Pnt Nr Alto Aldige,239.88,99.43236162916862,C
Dom Janasse Terre d'Argile,239.87999999999997,99.43308548107561,C
Ch Tanunda Gr Barossa Cab Sv,239.85999999999999,99.43380927263144,C
Tohu Chard Marlborough NZ,239.85,99.43453303401168,C
Alpataco Pnt Nr,239.85,99.43525679539191,C
Firesteed Wines Rose Pnt Nr,239.85,99.43598055677214,C
Ch de Berne Rose,239.84,99.4367042879768,C
Farnum Hill Dooryard Still,239.8,99.43742789847911,C
Edna Valley San Luis Obs Mer,239.8,99.43815150898143,C
Bols Creme de Banana,239.76000000000002,99.43887499878142,C
Graffigna Centenario Pnt Gri,239.76,99.43959848858141,C
Arrogant Frog Chardonnay,239.76,99.44032197838139,C
Jose Maria de Fonseca Periq,239.76,99.44104546818137,C
Hogue Clrs Merlot Wash,239.76,99.44176895798135,C
Undone Pnt Nr,239.76,99.44249244778133,C
Tisdale Merlot Cal,239.4,99.44321485126028,C
Churchills 10 Yr Tawny Port,238.91,99.44393577613565,C
Red Car Chard Sonoma Cst,237.93000000000004,99.44465374380376,C
Simi RSV Chard RRV,237.83,99.44537140971603,C
Heavyweight Cab Svgn,237.82999999999998,99.44608907562832,C
Honoro Vera Organic Jumilla,237.72,99.44680640960917,C
La Mondotte 08 St Emilion,235.99,99.447518523214,C
Hess Coll Small Block Malbec,235.96,99.44823054629211,C
Tom Eddy Mt Veeder Cab S Rsv,233.96999999999997,99.44893656442899,C
Brewer-Clifton Sta. Rita Pnt,233.94,99.44964249203913,C
Martinelli Belle Vigna Pnt N,233.94,99.45034841964929,C
Newton Unfiltered Chard,233.94,99.45105434725943,C
Ch de Pierreux Brouilly Rsv,233.91,99.4517601843428,C
Twomey Svgn Bl Napa,233.90999999999997,99.4524660214262,C
Folk Machine Pnt Nr,233.88,99.45317176798282,C
Grateful Red Redhawk Pnt Nr,233.86999999999998,99.45387748436389,C
Gerard Bertrand 14 Gris Bl,233.82,99.45458304986701,C
Smirnoff Mango Vodka,233.82,99.45528861537015,C
Riunite Lambrusco Cuties,233.70000000000002,99.45599381876627,C
Blackstone Delectable Red,232.78,99.45669624600869,C
10 Span Pnt Nr CC,232.19,99.45739689289165,C
Ch Rayne Vigneau Sauternes,231.96,99.45809684573618,C
La Crema Pnt Nr Williamette,231.92,99.45879667787837,C
Anderra Cab Svgn,231.78,99.45949608756239,C
Ruca Malen Yauquen Bonarda,231.71,99.46019528601731,C
Cecchi Natio Organic Chianti,231.71,99.46089448447225,C
Vega Sindoa 14 Chard Navarra,230.79000000000002,99.46159090677344,C
Heron Chard Cal,230.78,99.46228729889907,C
Opus One 11,229.99,99.46298130715357,C
Dom Perignon Rose,229.99,99.46367531540805,C
Alphonse Dolly Pouilly-Fume,229.89999999999998,99.46436905208228,C
Las Brisas Rueda Wh,229.82,99.46506254735186,C
Mionetto Il Spriz,229.77,99.4657558917435,C
Chapelle de Bastion Picpoul,229.77,99.46644923613515,C
Pacifico Sur Pnt Nr Rsv,229.74,99.46714249000004,C
Fattoria Del Cerro Vino Nob,229.33,99.46783450666598,C
Prunotto Barbaresco,227.96,99.46852238927694,C
Poggio Amorelli Chianti Clsc,227.88,99.46921003048323,C
King Robert II Scotch Whisky,227.87999999999997,99.46989767168951,C
Masciarelli Rose d'Abruzzo,227.81,99.47058510166671,C
Stella Pinot Grigio Umbria,227.81,99.47127253164389,C
Schmitt Sohne Funf Rsl,227.78,99.47195987109436,C
Desert Island Iced Tea,225.99,99.47264180911527,C
Brancaia Blu Rosso Toscana,224.97,99.47332066922664,C
Estancia Rsv Meritage Paso R,224.95000000000002,99.47399946898683,C
Cabreo Il Borgo Toscana,224.95000000000002,99.47467826874703,C
Adelsheim Elizbth RSV Pnt Nr,224.95,99.47535706850724,C
Ch Bernadotte Haut-Medoc 11,224.90999999999997,99.47603574756509,C
Delamotte Bl de Bl Brut,224.90999999999997,99.47671442662296,C
Dolin Sweet White Vermouth,224.85000000000002,99.47739292462731,C
Nova Norma Jeane Merlot,224.85,99.47807142263169,C
Hartford OV Znfdl RRV,223.92999999999998,99.47874714448233,C
Ch Boston Margaux,223.92999999999998,99.47942286633295,C
Staglin Salus Rthfd Chard,223.92999999999998,99.4800985881836,C
Ferrer Bobet Priorat,223.92999999999998,99.48077431003423,C
Casa Lapostolle Merlot Chile,223.84,99.48144976030461,C
Villa d Anges Old Vines Rose,223.84,99.482125210575,C
Newton Merlot Napa Unfilterd,221.94,99.48279492748445,C
Dragani Mntplcno d'Abruzzo,221.63,99.48346370895078,C
Byrrh Apertif,220.87,99.48413019707274,C
Selbach-Oster Riesling,220.86999999999998,99.48479668519471,C
Alate Kosher Wine,220.86999999999998,99.48546317331667,C
Royal Tokaji Mad Cuvee,220.86999999999998,99.48612966143864,C
Defesa Branco White Alentejo,220.83,99.48679602885827,C
Screech Honey Rum,220.83,99.48746239627788,C
Nicolas Catena Zapata Mendza,219.98,99.48812619877287,C
Ch Alie d'Argent Mout-Rth 12,219.98,99.48879000126787,C
Rampolla Sammarco Toscna IGT,219.96,99.4894537434117,C
Booth's Cask Mellowed Gin,219.95000000000002,99.49011745537993,C
Nyers Vyds Vista Luna Znfdl,219.89999999999998,99.49078101647025,C
Olivier & Lafont Ventoux Bl,219.8,99.49144427580474,C
Tommasi Poggio Tufo Cab Svgn,219.78,99.49210747478806,C
Sobieski Raspberry Vodka,219.78,99.49277067377137,C
Tangent Albarino,218.31,99.49342943694384,C
Dewar's 15 Yr Old Rsv,217.96,99.49408714397089,C
Errazuriz Max Fndrs RSV,215.96999999999997,99.49473884605673,C
Martinelli Vellu Ranch Znfdl,215.96,99.495390517967,C
Giacomo Borgogno & Figli Neb,215.94,99.49604212952609,C
Michael David Inkblot Tannat,215.94,99.49669374108518,C
Ferrari-Carano Terre Chard,215.94,99.49734535264427,C
Tenuta S Anna Ex Dry Prsecco,215.88,99.49799678314986,C
Calandray RSV Cotes Roussiln,215.88,99.49864821365544,C
Hullabaloo Znfdl Napa,215.88,99.49929964416103,C
Naveran Cava Brut,215.88,99.49995107466661,C
Meinklang Pnt Nr,215.88,99.5006025051722,C
White Elephant Vinum Cellars,215.88,99.50125393567778,C
Talmard Macon Chard,215.88,99.50190536618337,C
Heinrich Vollmer Riesling,215.82,99.50255661563546,C
Corvo Pnt Grigio,215.82,99.50320786508753,C
Fess Parker Frontier Red Cal,215.82,99.50385911453962,C
Volpe Rossa Pnt Grigio,215.79,99.50451027346494,C
A Bichot Petit Chablis,215.76,99.50516134186354,C
Concannon Founder Chard,215.76,99.50581241026212,C
Kenwood Yulupa Merlot Cal,215.76,99.5064634786607,C
Brownstone Merlot Cal,215.76,99.50711454705929,C
Round Hill Common Man Merlot,215.76,99.50776561545787,C
Mother's Pumpkn Spice Liquer,215.76,99.50841668385647,C
Canyon Rd Moscato,215.54999999999998,99.50906711856777,C
Hiram Walker Creme de Cassis,215.54,99.5097175231035,C
Paul Masson Carafe Wh Znfdl,215.51999999999998,99.51036786728807,C
Gramona Lustros Gr Rsva Cava,214.95000000000002,99.51101649146436,C
Rozes Vintage 2000 Old Port,214.95000000000002,99.51166511564064,C
Ch Dauzac Margaux,214.95,99.51231373981692,C
Dom le Clos des Lumieres CdR,214.86999999999998,99.51296212258852,C
Mayfair London Dry Gin,213.91,99.51360760850409,C
Soter Vyds Mineral Springs P,211.96,99.51424721018077,C
Ravenswood Mendocino OV Znfd,211.86999999999998,99.51488654027722,C
Ch Rauzan-Segla 10 Brdx,209.99,99.51552019736387,C
Trinchero Clouds Nest Cab Sv,209.96999999999997,99.51615379409937,C
Penfld Bin 407 Cab Svgn Ausl,209.96999999999997,99.51678739083485,C
Trombetta Family Pnt Nr Gaps,209.96999999999997,99.51742098757033,C
Brenne French Sng Mlt Whisky,209.95000000000002,99.51805452395466,C
Vieux Clocher Chateauneuf Du,209.94,99.5186880301634,C
Ravenswood Big River Znfdl,209.93,99.51932150619656,C
Gentleman Jack Gift Pack,209.92999999999998,99.51995498222972,C
Ravines Finger Rsl Lakes,209.87,99.52058827720937,C
Alberto Furque Malbec Mendoz,209.85999999999999,99.52122154201344,C
Stephanie-Aviron Bjls Vlg 12,209.85,99.52185477664193,C
Moonstone Coc Lemongras Sake,209.70000000000002,99.52248755863666,C
Admiral Nelson Egg Nog,209.7,99.52312034063138,C
Ch Haut Piquat 09,208.89,99.52375067840381,C
Farmstead Long Meadow Chard,208.89,99.52438101617625,C
Hopler Pnt Bl,208.89,99.52501135394867,C
Ole Smoky Apple Pie Pour Pak,208.89,99.5256416917211,C
Plantaze Merlot Montenegro W,208.81,99.52627178808886,C
Olmeca Altos Plata Blanco,207.92,99.52689919882965,C
La Croix de Carbonnieux Blnc,207.92,99.52752660957044,C
Merieau L'Arpent des Vaudons,207.84,99.52815377890657,C
Aveleda Follies,207.84,99.52878094824268,C
M D 20/20 Coco Loco,207.48000000000002,99.52940703125778,C
Tomahawk Maple Cream Liqueur,207.23999999999998,99.53003239005886,C
Gianni Gagliardo Barolo S 07,206.96999999999997,99.53065693411918,C
Ty Ku Coconut Nigori,206.81,99.53128099537014,C
Bodegas Borsao 14 Rose,206.77,99.53190493591877,C
Altadonna Vermentino,206.77,99.53252887646742,C
Dom de La Petite Cassagne,205.83,99.53314998051115,C
Luiano Ottantuno Chianti,204.95000000000002,99.53376842910353,C
Hiram Walker Triple Sec,204.59,99.53438579137487,C
Abadia de la Oliva Blanca,203.88,99.53500101117976,C
Castello di Cacchiano Rosso,203.88,99.53561623098464,C
Chenin Bl K Forrester Stlnbh,203.88,99.53623145078953,C
Ch Lamothe de Haux Brdx Red,203.88,99.53684667059441,C
Jip Jip Rocks Shiraz/CabSvgn,203.88,99.5374618903993,C
Jose Cuervo Silver w/Marg Mx,203.88,99.53807711020418,C
Mas Alta Black Slate Priorat,203.88,99.53869233000906,C
Dom Specht Rsl Alsace,203.88,99.53930754981396,C
Calico Jack Cherry Rum,203.88,99.53992276961883,C
Bonterra Pnt Nr,203.88,99.54053798942371,C
Stephen Vincent Pnt Nr,203.88,99.5411532092286,C
Rain Svgn Bl Marlboro,203.88,99.54176842903348,C
Chambers Rosewood Muscat,203.83,99.54238349796044,C
Citran Haut-Medoc,202.92999999999998,99.54299585108485,C
Pierre Andre Chablis,202.92999999999998,99.54360820420928,C
Yeni Raki,202.85999999999999,99.5442203461046,C
Jadot Beaune Clos des Ursule,200.96999999999997,99.54482678481456,C
Rombauer Cab Svgn Diamond,200.96999999999997,99.54543322352453,C
Ch Pape Clement Bl Gr Cru 11,199.99,99.54603670502726,C
Ornellaia Bolgheri 11,199.99,99.54664018653001,C
Elvio Cogno Barolo Vignaelen,199.98,99.54724363785716,C
Ardbeg Auriverdes Scotch,199.98,99.54784708918433,C
Robert Sinskey Marcien Red,199.98,99.5484505405115,C
Grahams 1983 Vintage Port,199.98,99.54905399183865,C
Bruichladdich Rocks Sngl Mlt,199.96,99.54965738281464,C
Croix de Beaucaillau St-Juli,199.96,99.55026077379064,C
Ladera Stile Blocks Cab Napa,199.96,99.55086416476664,C
Delamotte Bl de Bl Champagne,199.96,99.55146755574263,C
Old Tahoe Straight Rye,199.95000000000002,99.55207091654303,C
Campo Al Mare Bolgheri,199.92,99.5526741868167,C
L Martini Fndrs Sig Cab Svgn,199.9,99.55327739673918,C
Chehalem Inox Chard Wlmt Vly,199.9,99.55388060666166,C
Pink Pegau Rose,199.89999999999998,99.55448381658415,C
Vieux Telegraphe Pigeoulet,199.89999999999998,99.55508702650664,C
Red Sox Club Series Chard Rs,199.89999999999998,99.55569023642911,C
Trinity Oaks Cab Svgn Cal,199.75,99.55629299371785,C
George Wine Co Pnt Nr Sonoma,197.96999999999997,99.55689037975264,C
Jadot Marsannay Clos Roy 13,197.94,99.55748767526067,C
Duck Pond Syrah Columbia,197.91,99.55808488024196,C
Hendry Chard Napa Unoaked,197.90999999999997,99.55868208522325,C
Dom Diochon Moulin-a-Vent,197.89,99.55927922985339,C
Plantaze Cab Montenegro,197.82000000000002,99.55987616325443,C
McManis River Jct Chard Cal,197.82,99.56047309665546,C
New Age Valentin Bianchi Whi,197.82,99.56107003005648,C
Turning Leaf Pnt Nr RSV VDP,197.82,99.56166696345753,C
Arindo Verdejo Rueda,197.82,99.56226389685855,C
Laya Tinto Almansa,197.78,99.56286070955726,C
Marilyn Meritage Red,195.96,99.56345203029969,C
Ch Haut-Marbuzet 10,195.96,99.56404335104212,C
Tenuta Sette Ponti Crognolo,195.93,99.56463458125779,C
Luigi Bosca Los Miradores Ma,195.93,99.56522581147347,C
Feudo Saia Nero d'Avola 13,195.92999999999998,99.56581704168913,C
Dom Clavel Languedoc,195.86,99.56640806067571,C
Fabrizio Dionisio Rose Syrah,195.85999999999999,99.5669990796623,C
Christian Bros Holiday Nog,195.72,99.56758967619072,C
Goslings Family Rsv Rum,194.96999999999997,99.56817800955032,C
Ch Brane Cantenac Margaux 11,194.96999999999997,99.56876634290994,C
Eden Ice Cider Honey Crisp,194.92999999999998,99.56935455556723,C
Fattoria Illario Rose,194.87,99.569942587171,C
Schmitt Sohne Kabinett Mchls,194.85,99.57053055842363,C
Bird Dog Maple Whiskey,192.39,99.57111110648259,C
Le Macchiole Paleo Rosso,191.98,99.57169041734262,C
Banfi Summus Tuscany Red,191.97,99.57226969802706,C
Ch Siran 12 Margaux,191.92,99.57284882783358,C
Alpataco Malbec,191.88,99.57342783693777,C
Mt Monster Cab Svgn,191.88,99.57400684604195,C
Jesse James Spiced Bourbon,191.88,99.57458585514614,C
Quattro Mani Barbera,191.88,99.57516486425033,C
J Vineyards Chard RRV,191.88,99.57574387335451,C
Earthshaker La Quete Lirac C,191.88,99.57632288245868,C
Vinedo de Los Vientos Estiv,191.88,99.57690189156287,C
Lugny Macon Vllgs Vielle Rsv,191.88,99.57748090066706,C
Triple Crown Blended Whiskey,191.88,99.57805990977124,C
Wairau River Svgn Bl,191.88,99.57863891887543,C
Woop Woop Cab Svgn,191.88,99.57921792797961,C
Kennedy's Original Irish,191.88,99.5797969370838,C
Camp Merlot Sonoma Cnty,191.88,99.58037594618798,C
Ch St Jean Chard Sonoma Cst,191.84,99.58095483458983,C
Sartori Family Pnt Grigio,191.76,99.58153348158702,C
Cielo Pnt Nr,191.76,99.5821121285842,C
Trinity Oaks Merlot Cal,191.76,99.5826907755814,C
Trinity Oaks Pnt Grigio Cal,191.76,99.58326942257858,C
Old St Nick's Egg Nog,191.68,99.58384782817107,C
Les Dauphins Cotes du Rhone,191.51999999999998,99.58442575095425,C
Ch Lassegue 05 GC St Emilion,189.98,99.5849990266975,C
Ch Phelan Segur St Estephe,189.95000000000002,99.58557221191398,C
Ramey Chard Sonoma Coast,189.95000000000002,99.58614539713048,C
Schramsberg Brut Rose,189.95,99.58671858234696,C
Capanna Rosso di Montalcino,189.89999999999998,99.58729161668553,C
Firestone Santa Ynez Rsl,189.81,99.58786437944384,C
Sea Smoke Chard,188.97,99.58843460745311,C
Red Car Fort Ross Pnt Nr Sea,188.97,99.58900483546238,C
Cadaretta Cab Svgn Clmbia Vy,188.92999999999998,99.5895749427693,C
Capt Morgan Tattoo,188.91,99.59014498972508,C
Mulderbosch Rose Cab Svgn,188.82999999999998,99.59071479527616,C
Pascual Toso Cab Svgn Argn,188.82,99.59128457065167,C
DeKuyper Amaretto,188.79,99.59185425550042,C
Mr Boston Blue Curacao,188.21,99.59242219016531,C
P Michael Les Pavots Est Brd,187.99,99.59298946096735,C
Allegrini Solosole Vermentin,186.89,99.59355341245517,C
Kitaya Ai No Hime Sprkl Sake,186.83,99.59411718288948,C
Monte Velho White Alentejo,186.82999999999998,99.59468095332377,C
Shoofly Shiraz,186.82999999999998,99.59524472375809,C
Double Decker Red,186.69,99.59580807173421,C
Ch Leoville Barton St Julien,185.98,99.5963692772439,C
Patron Anejo Clsc Gift Set,185.97,99.596930452578,C
Pinnacle Red Liquorice,185.88,99.59749135633183,C
Gifft Red Blend,185.85,99.59805216955891,C
Livingston Chablis Blush Ca,185.82,99.59861289225925,C
Ch Pape Clement Pess leognan,183.98,99.59916806265214,C
Morgan Winery Double L Chard,183.95000000000002,99.59972314251829,C
Nicolas Perrin St Joseph,181.92999999999998,99.60027212691648,C
Fabrizio Dionisio Cast Syrah,181.87,99.60082093026116,C
Finca Villacreces Pruno Tnto,181.86,99.60136970343027,C
Casa Lapostolle Merlot,181.85999999999999,99.60191847659937,C
Allegrini Dedicato A Walter,179.98,99.6024615767587,C
Amapola Creek 09 Cab Svgn,179.97,99.60300464674243,C
Ch Puy Blanquette 10 St Emil,179.94,99.60354762619943,C
Catena Historic Rows Chard,179.94,99.60409060565642,C
Jadot Mercurey 13,179.94,99.60463358511342,C
Metcalfe's Raspberry Liqueur,179.94,99.60517656457041,C
Clos Rochette Faiveley 09,179.91,99.60571945350065,C
Full Throttle Strwbry Whisky,179.91,99.6062623424309,C
Virtu St Supery White Blend,179.91,99.60680523136114,C
Ben Marco Cab Svgn,179.89999999999998,99.60734809011579,C
Ramon Cardova Garnacha,179.89999999999998,99.60789094887043,C
Zolo Malbec Rsv,179.89999999999998,99.60843380762509,C
Cambas Nemea RSV Attica Rd,179.88,99.60897660602858,C
Tarkettle Chard RRV,179.88,99.60951940443206,C
Momokawa Silver Sake,179.88,99.61006220283555,C
Tamari RSV Malbec Mendoza,179.88,99.61060500123902,C
Dom Piquemal Cotes du Roussi,179.88,99.61114779964252,C
Absolut Cilantro,179.88,99.611690598046,C
Three Olives Cake Vodka,179.88,99.61223339644948,C
Three Olives Citrus Vodka,179.88,99.61277619485297,C
Carlo Rossi Red Sangria Cal,179.88,99.61331899325646,C
Gratien & Meyer Cremant Brut,179.88,99.61386179165994,C
Capt Morgan Parrot Bay Mango,179.88,99.61440459006342,C
Mercat Brut Nature,179.88,99.61494738846692,C
Foxglove Chard,179.88,99.61549018687039,C
Bodega Garzon Albarino,179.88,99.61603298527389,C
Guigal Cotes du Rhone Rose,179.88,99.61657578367736,C
Maison Bouachon Les Barianne,179.82,99.61711840102735,C
10 Span Cab Svgn CC,179.76,99.61766083732383,C
Salmon Creek Cab Svgn,179.64000000000001,99.61820291151331,C
Salmon Creek Chard Cal,179.64000000000001,99.61874498570279,C
Gallo Twin Vly Chard Cal,179.64000000000001,99.61928705989226,C
Il Poggione di Montalcino,178.99,99.61982717266878,C
Jacobs Crk Rsl,178.8,99.6203667121092,C
Arrowood Chard Sonoma Cty,178.32999999999998,99.62090483329717,C
Milestone Chard,177.85,99.62144150605714,C
Apaltagua Envero Gran Rsv,177.37,99.62197673038906,C
Ch Le Petit Lion Marquis 11,176.97,99.62251074769763,C
Ch Pez 12 St-Estephe,175.96,99.62304171727222,C
4 Orange Vodka,175.92000000000002,99.62357256614449,C
Ch St Sulpice Brdx Blanc,175.84,99.62410317361207,C
Le Grande Courtage Brut,175.74,99.6246334793238,C
Steele 10 Goodchild Vyd Pnt,175.40999999999997,99.6251627892413,C
Chappellet Cab Svgn Pritchrd,174.99,99.62569083178424,C
Bombay Sapphire & East 2 Pak,174.95000000000002,99.62621875362485,C
Cherry Heering Liqueur,174.95000000000002,99.62674667546547,C
Muga Seleccion Esp Rioja,174.95000000000002,99.62727459730608,C
Jadot Savigny les Beaune 13,174.95000000000002,99.6278025191467,C
Ch Bernadotte 10 Haut Medoc,174.95000000000002,99.62833044098731,C
Autard Chntf du Pape,174.95000000000002,99.62885836282793,C
Elmer T Lee Bourbon,174.95,99.62938628466854,C
Marietta Clrs Angeli Cuvee,174.93,99.629914146158,C
Gallo Signature Series Chard,174.93,99.63044200764745,C
Truuli Peak Vodka,174.92999999999998,99.63096986913689,C
Prunotto Bric Touro Barbesco,173.96,99.6314948035947,C
Roncolato Valpo Super S Barb,173.88,99.63201949664784,C
Ch Meyney Saint-Estephe 11,171.96,99.63253839598887,C
Ch Jean De Gue Lalande 10,171.96,99.63305729532989,C
Steele 09 Bien Nacido Pnt Nr,171.43,99.63357459536498,C
Ch La Bouree Castillion Brdx,170.91,99.63409032626969,C
Original Wondermint Schnapps,170.91,99.63460605717441,C
Jackhammer Chard Monterey,170.88,99.63512169755236,C
Pahlmeyer Napa Red,169.99,99.63563465230335,C
Duckhorn Estates Merlot,169.99,99.63614760705434,C
Ch Haut-Bailly 10,169.99,99.63666056180533,C
Penner-Ash Dussin Pnt Nr,169.95,99.63717339585398,C
Pares Balta Brut Cava Pendes,169.89999999999998,99.63768607902472,C
Ridge Monte Bello 12,168.99,99.63819601621732,C
Moncigale Rose Cd Provnce 14,168.87,99.63870559130292,C
Rocca delle Macie Sasyr Tscn,168.87,99.63921516638851,C
Livingston Clrs Rhine Calif,168.74,99.63972434919151,C
Joseph Drouhin Mersault,167.97,99.64023120847456,C
DeLille Cellars D2,167.96,99.64073803758203,C
White Horse Scotch,167.94,99.6412448063383,C
Oak Ridge OZV Znfdl Lodi,167.88,99.6417513940411,C
Howling Moon Pnt Nr N Cst,167.88,99.64225798174388,C
Camp Chard Sonoma Cnty,167.88,99.64276456944667,C
Cave de Tain Syrah,167.88,99.64327115714946,C
Mile Marker Pnt Gris,167.88,99.64377774485224,C
Queens Peak Cab Svgn Sonoma,167.88,99.64428433255503,C
La Volpe Pnt Grigio,167.88,99.6447909202578,C
Bolla Valpo Ripasso Cls Sup,167.88,99.64529750796059,C
Tortoise Creek Rose le Charm,167.88,99.64580409566338,C
Haunting Whisper Vyds Vignol,167.86,99.646310623015,C
Kedem Concord Grape Kosher,167.76,99.64681684861078,C
Mr Boston Wild Cherry Brandy,167.01,99.64732081103779,C
Innocenti Vignalsole Rosso,165.94,99.6478215446773,C
Kahlua Salted Caramel,165.92,99.64832221796564,C
Mt Beautiful Svgn Bl,165.89999999999998,99.6488228309028,C
Craigellachie 13 Yr Scotch,164.97,99.64932063751067,C
Cyrus Cab Svgn Alex Vly,164.97,99.64981844411854,C
Maggy Hawk Afleet Pnt Nr,164.97,99.6503162507264,C
Maggy Hawk Stormin Pnt Nr,164.97,99.65081405733427,C
Penfolds B28 Shiraz/Kalimna,164.95000000000002,99.65131180359097,C
Walt La Brisa Chard,164.95000000000002,99.65180954984767,C
Austin Cocktails Vodkarita,164.89000000000001,99.65230711505086,C
Three Olives Watermeln Vodka,164.89000000000001,99.65280468025406,C
Volpaia Prelius Vermentino,164.89000000000001,99.65330224545727,C
Tormaresca Neprica Puglia,164.85,99.65379968995813,C
Kamora Coffee Liqueur,164.85,99.65429713445899,C
Three Olives Jacked Apple,164.85,99.65479457895987,C
Flipflop Spiced Rum,164.82,99.65529193293398,C
Enzo Boglietti Dolcetto Alba,163.92,99.65578657110554,C
P & J Cold Soaked Berries,163.88,99.65628108857474,C
Zardetto Pros di Coneg Brut,163.20000000000002,99.65677355410428,C
Ch Lafaurie-Peyragey Saut 10,161.98,99.65726233821255,C
Ch de Lascaux Rouge Langued,161.91,99.65775091109174,C
Wild Turkey Honey VAP,161.91,99.65823948397092,C
Patricius Tokaj Harslevelu,161.91,99.65872805685012,C
J Lohr Osos Rest Cve Merlot,161.88,99.65921653920256,C
Ch Rauzan Segla Margaux 09,159.99,99.65969931836962,C
Dom Faiv Nuits-St Geo Poret,159.98,99.66018206736112,C
C Y Toro Don Melchr Cab Svgn,159.98,99.66066481635262,C
Ch St Jean Cinq Cep Cab Svgn,159.98,99.66114756534411,C
Ame Neyers Cab Svgn Napa,159.98,99.66163031433561,C
Mollydooker Enchanted Path,159.98,99.66211306332711,C
Cloudy Bay 12 Te Koko,159.96,99.66259575196743,C
Ch Jean de Gue Lalande de Po,159.96,99.66307844060776,C
Pulenta Est Gran Corte Lujan,159.96,99.6635611292481,C
Angels Landing Cab Svgn,159.92,99.66404369718609,C
Ch Donjon Minervois Rose,159.9,99.66452620477291,C
Peligroso Cinnamon Tequila,159.9,99.66500871235972,C
Dom Ste Michelle Extra Dry,159.9,99.66549121994655,C
Frey Syrah Organic Mendocino,159.89999999999998,99.66597372753337,C
Wicked Smooth Merlot,159.8,99.66645593336435,C
Ram Island Lavender Lemonade,159.77,99.66693804866857,C
Blackbird Vyds Arise Red,158.97,99.66741774992609,C
Bolla Chianti,158.85,99.6678970890766,C
La Chapelle de la Mission Ha,157.98,99.66837380295132,C
Zonin Prosecco Brut,157.92,99.66885033577255,C
Jaboulet Crozes Hermitage L,157.92,99.66932686859374,C
Sartori Valpolicella Cls,157.88,99.66980328071261,C
Pacifico Sur Svgn Bl,157.75,99.6702793005489,C
Tatoosh Bourbon,156.97,99.67075296668963,C
Red Newt Clrs Rsl Finger Lak,156.87,99.67122633107454,C
Walt La Brisa Pnt Nr,155.96,99.67169694948129,C
Jadot Vosne Romanee 12,155.96,99.67216756788805,C
Kingfish Silver Rum,155.94,99.67263812594365,C
Churchill's Late Bottled 05,155.94,99.67310868399925,C
Blackbird Vyds Arrivste Rose,155.94,99.67357924205484,C
Joseph Drouhin Cote de Beaun,155.94,99.67404980011044,C
Heritance Cab Svgn,155.94,99.67452035816603,C
Bartenura Asti Spumante,155.92,99.67499085587048,C
Pacific Rim Organic Riesling,155.88,99.67546123287255,C
Kenwood Chard Sonoma,155.88,99.67593160987464,C
Calera Central Chard,155.88,99.67640198687673,C
Parducci Sustainable Red,155.88,99.67687236387881,C
Canella Bellini Cocktail Vnz,155.88,99.67734274088089,C
Bully Hill NY Rsl,155.88,99.67781311788298,C
Dom Fond Croze CdR Serra Grd,155.88,99.67828349488506,C
Mas Carlot Marsanne Roussann,155.88,99.67875387188715,C
Higher Ground Pinot Noir,155.88,99.67922424888923,C
Tiamo Pnt Grigio,155.88,99.67969462589133,C
Ron Virgin Black Spiced Rum,155.88,99.6801650028934,C
Sea Pearl Svgn Bl,155.88,99.68063537989549,C
Kenwood Pnt Nr RRV,155.88,99.68110575689758,C
SA Prum Rsl Essence Mosel,155.88,99.68157613389967,C
Merieau 12 Les Hex PN VdP,155.88,99.68204651090174,C
Anarkos Puglia,155.88,99.68251688790384,C
Opici Toscano Twist Neck 12,155.87,99.68298723473035,C
Ch Moulin Rouge 12 Haut-Medo,155.87,99.68345758155685,C
Wrongo Dongo Jumilla,155.76,99.68392759645194,C
Mr Boston Creme de Banana,155.76,99.68439761134702,C
Citra Sangiovese Red,155.74,99.68486756589094,C
Far Niente Cab Svgn Napa,154.99,99.68533525726605,C
Eden Vermont Ice Cider,154.9,99.6858026770609,C
Gallo Twin Vly Cab Svgn Cal,154.69,99.68626946316851,C
Copa di Vino Chard,154.38,99.68673531383301,C
Montanya Platino Rum,153.92999999999998,99.68719980659624,C
Le Cirque Rose,153.89000000000001,99.68766417865713,C
Rhone Roger Sabon 13 CDR Rou,153.89000000000001,99.68812855071802,C
Vinchio Vaglio Barbera,153.86,99.68859283225216,C
Diseno Torrontes Salta,153.78,99.68905687238163,C
R Stemmler 13 Pnt Nr,152.90999999999997,99.68951828723529,C
Michele Chiarlo Arneis,152.90999999999997,99.68997970208896,C
Ch Lagrange 10,151.98,99.69043831061332,C
La Lecciaia Brunello di Mont,151.96,99.69089685878652,C
Gerard Bertrand Gr Teroir Rd,151.92000000000002,99.69135528625738,C
Arrow Creme de Strawberry,151.81,99.6918133817968,C
Vendange Sweet White,151.62,99.69227090400014,C
Barefoot Znfdl Cal,150.96,99.69272643461495,C
Banshee Chard,150.9,99.69318178417626,C
Calera de Villiers Pnt Nr,149.97,99.69363432740825,C
Galerie Latro Cab S Knights,149.97,99.69408687064023,C
L'Ecole No 41 Apogee Pepper,149.97,99.69453941387222,C
Antica Cab Svgn Napa Valley,149.97,99.69499195710421,C
Galerie Pleinair Cab Svgn NV,149.97,99.69544450033621,C
Grahams 20-Yr Tawny Port,149.97,99.6958970435682,C
Nardi Brunello di Montalcino,149.97,99.69634958680018,C
13th Colony Sthrn Corn Whsky,149.95,99.696802069681,C
Hauts de Smith Rouge P-Le 12,149.95,99.69725455256183,C
Landmark Grand Detour Pnt Nr,149.95,99.69770703544265,C
Pallini Raspicello Liqueur,149.94,99.6981594881479,C
Home Ranch Sbragia Chard,149.94,99.69861194085314,C
Bakon Vodka,149.94,99.69906439355839,C
Carpineto Dogajolo Rose,149.9,99.6995167255613,C
Antigal Uno Cab Mendza,149.9,99.6999690575642,C
Steele Red Hills Cab Svgn,149.88,99.70042132921594,C
Sobieski Orange Vodka,149.85,99.70087351034093,C
Dos Minas Malbec,149.85,99.70132569146591,C
Murai Nigori Genshu Sake,149.85,99.70177787259091,C
Sobieski Cytron Vodka,149.85,99.70223005371591,C
Sobieski Vanilla Vodka,149.85,99.70268223484089,C
Argiola Costera Isola dei N,149.85,99.70313441596588,C
Llord's Orange Curacao,149.75,99.70358629533503,C
Mr Boston Cr de Cacao White,149.27,99.70403672627614,C
Ch Doisy Daene Sauternes 10,147.98,99.70448326456695,C
Nozzole La Forra Chianti Gra,147.96,99.70492974250658,C
Calera Ctrl Coast Pnt Nr,147.95,99.70537619027061,C
Lepanto Solera Gran Reserva,146.97,99.70581968082743,C
Clos Erasmus Laurel Priorat,146.97,99.70626317138425,C
Copa di Vino Cab Svgn,146.91,99.70670648088756,C
Vin Vault Pnt Nr,146.86,99.70714963951296,C
Capostrano Montepulciano Abr,146.79000000000002,99.70759258690927,C
Rodney Strong Bros Ridge Cab,145.98,99.70803309008328,C
R Strong Rockaway Cab Svgn,145.98,99.70847359325728,C
Donnafugata Mille una Notte,145.98,99.7089140964313,C
Remy Martin VSOP Gift Pack,145.96,99.70935453925415,C
Ozeki Junmai Reishu Sake,144.98,99.70979202486977,C
Foxen Chard Block UU,144.95,99.71022941995862,C
San Polo Mezzopane 06 Toscan,144.95,99.7106668150475,C
Gramona Gessami Penedes,144.91,99.71110408943403,C
Columbia Crest Walter Clore,143.94,99.71153843678893,C
Franzia Moscato,143.92,99.71197272379267,C
Rainstorm Pnt Nr Rose,143.92,99.71240701079638,C
Patricius Tokaj Furmint,143.92,99.71284129780011,C
Carlo Rossi RSV Wh Znfdl Cal,143.91,99.71327555462825,C
von Buhl Jazz Rsl,143.91,99.7137098114564,C
New Amsterdam Pineapple,143.88,99.71414397775779,C
Tortoise Creek Chard,143.88,99.71457814405917,C
Sledgehammer Zinfandel,143.88,99.71501231036056,C
Pellegrino Marsala Sweet,143.88,99.71544647666194,C
R8 Cab Svgn,143.88,99.71588064296333,C
Tiziano Pnt Gr Delle Venezie,143.88,99.71631480926472,C
Merum Monastrell Jumilla,143.88,99.7167489755661,C
Evolucio Fermint Tokaj,143.88,99.71718314186748,C
Ryan Patrick Ryan's Rsl,143.88,99.71761730816887,C
Angoves Nine Vines Moscato,143.88,99.71805147447026,C
Almaden Chard Cal,143.84,99.71848552006931,C
Casa Julia Svgn Bl Manta,143.84,99.71891956566836,C
Lancers Rose,143.76,99.71935336986274,C
Round Hill Comm Man Wh Znfdl,143.76,99.71978717405715,C
Creta Olympia White,143.76,99.72022097825153,C
Sutter Home Moscato,143.76,99.72065478244592,C
Tisdale Vyds Pnt Grigio,143.64000000000001,99.72108822453329,C
Oak Leaf Svgn Bl Cal,143.52,99.72152130451366,C
Aguardiente Cristal Liqueur,142.89,99.72195248343225,C
Verde Sole Pnt Grigio,142.87,99.72238360199965,C
EOS Cab Svgn Paso Robles,142.87,99.72281472056707,C
Bols Peach Flavored Brandy,142.87,99.72324583913449,C
Zion Dolev Muscato,142.87,99.7236769577019,C
Jeremiah Weed Cinnamon Whsky,142.87,99.72410807626932,C
Excelsior S Afr Chard,141.86,99.72453614710275,C
Zhenka Vodka 80 Proof,140.64,99.72496053651496,C
Jadot Clos Vougeot 13,139.99,99.7253829645142,C
Chrstian Moreau 13 Valmur,139.98,99.72580536233787,C
Dom Henri Boillot Mersault,139.98,99.72622776016152,C
Jack Daniels Barrel Proof,139.98,99.72665015798519,C
Ch Giscours Margaux 06,139.96,99.72707249545768,C
Jadot Marsannay Clos Roy 12,139.96,99.72749483293019,C
Hendry Pnt Nr Napa,139.96,99.72791717040268,C
VanGogh Acai Blueberry Vodka,139.95,99.72833947769959,C
Cynar Liqueur,139.95,99.7287617849965,C
Mercer Cab Svgn,139.93,99.72918403194222,C
The Culprit Red,139.92999999999998,99.72960627888797,C
Altadonna Nero D'Avola,139.9,99.73002843530696,C
Herzog Kosher Merlot,139.9,99.73045059172595,C
Bols Melon Liqueur,139.86,99.73087262744261,C
Grooner Gruner Veltliner,139.86,99.73129466315925,C
Little Black Dress Vodka,139.86,99.7317166988759,C
Berentzen Icemint Schnapps,138.81,99.73213556615624,C
Ch Reserve d La Cometesse 11,137.97,99.73255189868753,C
Gramona Grand Cve Cava Spklg,137.93,99.7329681105165,C
Marie Brizard Cassis d Dijon,137.92999999999998,99.73338432234546,C
Bread & Butter Pnt Nr,137.9,99.73380044364765,C
Duboeuf Bjls Rd,137.54,99.73421547862884,C
Eden Sparkling Cider,137.06,99.73462906518199,C
Grand Marnier Flask,137.06,99.73504265173514,C
Five Oaks Wh Moscato,136.44,99.7354543674021,C
Five Oaks Merlot Cal,136.44,99.73586608306906,C
Merry Edwards RRV Pnt Nr,135.96,99.73627635030799,C
Red Truck Pnt Nr Cal,135.84,99.7366862554399,C
Villa di Capezzana Carmignan,134.95,99.73709347494486,C
Ch Haut Beausejour 11 Esteph,134.95,99.7375006944498,C
44* North Magic Valley Vodka,134.94,99.73790788377919,C
Voli Lyte French Vodka,134.91,99.7383149825818,C
Love Oregon Rsl,134.91,99.73872208138441,C
DeKuyper Hazelnut,134.85,99.73912899913353,C
Gnarly Head Authentic White,134.85,99.73953591688264,C
Condesa De Leganza Crianza,134.73,99.73994247252476,C
Barefoot Cellars Rosa Red,134.45999999999998,99.7403482134261,C
Le Clarence de Haut Brion 12,133.99,99.740752536075,C
Ch Pontet Canet 12 Pauillac,133.99,99.74115685872388,C
Ch La Dom St Emil Gr Cru 09,133.98,99.74156115119719,C
Steele Stymie Merlot Lake Cy,132.95,99.74196233558536,C
NH 1761 Walpole Rose,132.93,99.74236345962237,C
Ch de Reynaud Cotes du Bourg,132.92999999999998,99.74276458365937,C
Bright Light White,132.81,99.74316534558935,C
St Julien Rose CDR,132.62,99.74356553418325,C
Warre's Vintage Port 2000,131.98,99.74396379153978,C
Dom Serene Evenstad Chard,131.97,99.74436201872072,C
Jadot Beaune Bressandes 13,131.97,99.74476024590166,C
Januik Cab Franc,131.96,99.74515844290703,C
Adelsheim Auxerrois Ribbon S,131.94,99.74555657956122,C
C Y Toro Carmenere Terrunyo,131.94,99.74595471621542,C
Massenez Creme de Cassis,131.94,99.74635285286962,C
Jadot Bouzeron 13,131.94,99.74675098952382,C
Absolut Hibiskus,131.94,99.74714912617802,C
Lindemans Bin 90 Moscato,131.9,99.74754714212986,C
Tons de Durum Douro Red,131.89000000000001,99.74794512790614,C
Alias Chard,131.88,99.74834308350682,C
Prendo Pnt Grigio,131.88,99.74874103910751,C
Blossom Hill Merlot,131.88,99.7491389947082,C
Pepe Lopez Premium Tequila,131.88,99.74953695030888,C
Henry Fessy 09 Pouily-Fuisse,131.88,99.74993490590957,C
Live-A-Little Ravishing Red,131.88,99.75033286151026,C
DeKuyper Red Apple Schnapps,131.88,99.75073081711095,C
Live-A-Little Wicked White,131.88,99.75112877271162,C
Castle Rock Pnt Nr Cal Cuvee,131.88,99.75152672831231,C
Stones Currant Ginger Flavor,131.88,99.75192468391299,C
Tintonegro Mendocino Malbec,131.88,99.7523226395137,C
Oakhurst Happy Camp Cab Svgn,131.88,99.75272059511437,C
Sean Minor 4B Cntl Cst Chard,131.88,99.75311855071506,C
Mont Gravet Colombard,131.88,99.75351650631575,C
McManis Petite Sirah Cal,131.88,99.75391446191642,C
Fetzer Svgn Bl Cal,131.88,99.75431241751713,C
Elvio Tintero Moscato D'Asti,131.88,99.7547103731178,C
Blackstone Znfdl Cal,131.88,99.75510832871849,C
Seven Falls Chard,131.88,99.75550628431917,C
Caves de Charmelieu St Bris,131.88,99.75590423991986,C
Snoqualmie Rsl Winemkrs Slct,131.88,99.75630219552055,C
Seven Daughters Moscato IGT,131.88,99.75670015112124,C
LeCompte Calvados 18 Yr Old,129.99,99.75709240353656,C
Tullibardine Burgundy Finish,129.98,99.7574846257763,C
La Jota Howell Mtn Merlot,129.98,99.75787684801605,C
Il Poggione Rosso Montalcino,129.95,99.75826897972904,C
Honeymaker Spiced Mead,129.9,99.75866096056411,C
Cruzan Black Strap Rum,129.9,99.75905294139919,C
Fruitier Gneiss Abord Muscdt,129.9,99.75944492223425,C
Vistamar Svgn Bl,129.87,99.75983681254257,C
Sterling Vntnr Coll Rose Ltd,129.87,99.7602287028509,C
Clos LaChance Meritage,129.87,99.76062059315922,C
Herzog Kosher Znfdl,129.87,99.76101248346755,C
Henry DuYore's Strgt Bourbon,128.97,99.76140165797331,C
Ram Island Mead Iced Tea,128.81,99.76179034966974,C
Smirnoff Sours Watermelon,128.7,99.76217870943475,C
Estancia Monterey County GSM,127.94,99.76256477585537,C
Segal's Fusion Chard/Colombd,127.92,99.76295078192483,C
Aquitania Cab Svgn,127.92,99.76333678799429,C
Sauvion Muscadet Ch de Cler,127.92,99.76372279406375,C
F Coppola Emerald Pnt Grigio,127.92,99.76410880013322,C
Cambria Katherine Vyd Chard,127.92,99.76449480620269,C
Dom Taumassou CdR 12,127.84,99.76488057086748,C
Selini Nano Svgn Bl,127.68,99.76526585272292,C
Masi Campolongo di Torbe Ama,126.99,99.76564905246306,C
Ch Clerc Milon 10,125.99,99.76602923464483,C
Ch Branaire Ducru 10 Brdx,125.99,99.76640941682659,C
Martinelli Bondi Home Pnt Nr,125.98,99.76678956883276,C
Chartron Trebuchet Puligny,125.98,99.76716972083895,C
Coffinet-Duvernay Chass-Mon,125.98,99.76754987284512,C
Ramey Chard Hyde Vyd,125.98,99.76793002485131,C
Ch Godeau St Emilion 10 Cru,125.97,99.7683101466819,C
Nostor Templari Priorat Red,125.97,99.76869026851249,C
Jack Daniels & Coke,125.97,99.76907039034307,C
B Side Napa Vly Red,125.94,99.76945042164692,C
Segal's Cab Svgn Spcl Rsv Ga,125.93999999999998,99.76983045295077,C
F Coppola Diamond Malbec,125.93,99.77021045407903,C
Dom Serene Roadblock Syrah,125.93,99.77059045520728,C
Jarhead Red,125.91,99.77097039598438,C
Girl & Dragon Malbec,125.91,99.77135033676147,C
Tarima 14 Blanco Alicante,125.86,99.77173012666064,C
Ch Rieussec Gr Cru 10 Sauter,124.99,99.772107291284,C
Ch Le Bon Pasteur 10 Brdx,124.99,99.77248445590737,C
Ch de Beaucastel Pape Blanc,124.99,99.77286162053073,C
Kenwood J London Znfdl,124.94999999999999,99.77323866445177,C
Riglos Gran Cab Svgn,124.94999999999999,99.77361570837282,C
Hess Shirttail Crk Vyd Chard,124.9,99.77399260141591,C
Columbia Crest H3 Svgn Bl,124.37,99.77436789515309,C
Berentzen Bushel & Barrel,123.60000000000001,99.7747408653703,C
Vampire Transylvania Merlot,123.31,99.77511296049558,C
Ch Cantemerie 12 Haut-Medoc,122.97,99.77548402965098,C
Desert Wind Ruah Red,120.94,99.77584897316288,C
Casa Liliana Good Chard,120.89,99.77621376579684,C
Man Cab Svgn Western Cape,120.89,99.7765785584308,C
Masi Campo Torbe Amarone 00,119.99,99.7769406352622,C
Black Stallion 10 Trans Cab,119.99,99.77730271209361,C
Jadot Pommard 13 Clos Commar,119.98,99.77766475874945,C
Marcarini Barolo Brunate,119.98,99.77802680540529,C
Ch Cantenac Brown Margx 11,119.98,99.77838885206111,C
Tenuta di Biserno Il Pino,119.98,99.77875089871694,C
Casa Noble Anejo,119.98,99.77911294537277,C
Valandraud 09 St Emilion Cru,119.98,99.77947499202861,C
Armorik Single Malt Whiskey,119.98,99.77983703868443,C
Pali Pnt Nr Cargasacchi Vyd,119.98,99.78019908534026,C
Castello Di Cacchiano Chiant,119.97,99.78056110182051,C
Adelsheim Caitlins Rsv Chard,119.97,99.78092311830075,C
Presqu'ile Pnt Nr Snta Maria,119.97,99.78128513478099,C
Marques de Grinon 10 Cab Svg,119.97,99.78164715126124,C
Revolucion Silver Tequila,119.97,99.78200916774146,C
Jadot Savigny 13 Clos de Gue,119.97,99.7823711842217,C
Ch Doisy-Daene Sauternes 11,119.96,99.78273317052637,C
St Supery Dollarhide Svgn Bl,119.96,99.78309515683104,C
La Collection Ski Boot,119.96,99.7834571431357,C
Hidalgo Gobernador Oloroso S,119.96,99.78381912944036,C
Antica Fratta Franciacorta B,119.96,99.78418111574503,C
Jadot Cote de Beaune Vlgs 13,119.96,99.7845431020497,C
Pali Summit Station R Pnt Nr,119.96,99.78490508835436,C
Melee Grenache,119.94999999999999,99.78526704448343,C
Steele Catfish Znfdl,119.94999999999999,99.7856290006125,C
Mulderbosch Svgn Bl Stelnbch,119.94,99.785990926566,C
Stolichnaya Hot Vodka,119.94,99.7863528525195,C
Bregeon Muscadet Sevre et M,119.94,99.786714778473,C
Hopler Pinot Noir Austria,119.94,99.7870767044265,C
Viniq Shimmery Glow,119.93999999999998,99.78743863037998,C
Valley of the Moon Blend 41,119.93999999999998,99.7878005563335,C
Three Olives Mango Vodka,119.92,99.78816242193582,C
Morande Edicion Limitada,119.92,99.78852428753815,C
Poochi Poochi Sparkling Sake,119.92,99.78888615314048,C
Cinq les Pattes Bordeaux Bla,119.9,99.78924795839164,C
Porta Vita Blush Rosato,119.9,99.78960976364279,C
Dona Paula Est Red Blend,119.9,99.78997156889395,C
Red Diamond Shiraz Wash,119.9,99.79033337414509,C
Rainstorm Pnt Gris,119.9,99.79069517939625,C
Nicolis Recioto Valpo Clsc,119.88000000000001,99.79105692429623,C
Ponte Vinho Verde,119.88,99.79141866919622,C
Buehler Wh Znfdl Napa,119.88,99.79178041409621,C
Gabbiano Pinot Grigio Delle,119.88,99.79214215899619,C
Chilensis Pnt Nr,119.88,99.79250390389618,C
Grandial Brut Blanc de Blanc,119.88,99.79286564879617,C
Bols Peppermint Schnapps,119.88,99.79322739369614,C
Yellow Tail Bubbles Rose,119.88,99.79358913859613,C
Jacobs Crk Shirz Rsv,119.88,99.79395088349612,C
Riebeek Cellars Chard,119.88,99.79431262839611,C
Bols Creme De Noyaux,119.88,99.7946743732961,C
Riebeek Clrs Svgn Bl Swartld,119.88,99.7950361181961,C
2 Copas Spain White,119.88,99.79539786309607,C
Pacifico Sur Cab Svgn Rsv,119.88,99.79575960799606,C
Zacharias Ambelos Phos White,119.88,99.79612135289604,C
Bella Italia Pnt Grigio Ter,119.88,99.79648309779603,C
Hayes Valley Meritage Red CC,119.88,99.79684484269602,C
Listel Grain de Gris Rose,119.88,99.797206587596,C
Les Pasquets Entre Deux Mers,119.88,99.79756833249598,C
Canaletto Pnt Nr Pavia,119.88,99.79793007739597,C
Dom du Salvard Cheverny Rg,119.85000000000001,99.79829173176921,C
Genbei San Demonslayer Sake,119.80000000000001,99.79865323526454,C
Blackstone Winemakers Malbec,119.8,99.79901473875987,C
Toad Hollow Risque Sparkling,118.92999999999999,99.79937361697938,C
Royal Thistle Scotch,118.92999999999999,99.7997324951989,C
Allens Coffee Brandy Trv,118.86,99.80009116218932,C
Antinori Brnllo Mntlcno Pain,117.98,99.80044717372837,C
A Bichot Ch Gris Nuits St Ge,117.98,99.80080318526741,C
Ch Malartic-Lagraviere Rouge,117.98,99.80115919680647,C
Islay Mist 8 Yr Old Scotch,117.92999999999999,99.80151505746758,C
Camila Malbec,117.48,99.80186956022744,C
Dutton Goldfield Chard Dutto,116.97,99.8022225240325,C
Artesa Rsv Pnt Nr,116.97,99.80257548783757,C
Seghesio Cortina Znfdl,116.97,99.80292845164264,C
Scaggs Vyds Mt Vedeer Montag,116.97,99.80328141544771,C
Ch Deux Rocs Premices Red,116.91,99.80363419819928,C
Svedka Cherry Vodka,116.91,99.80398698095084,C
Corbett Canyon Pnt Nr,116.91,99.80433976370242,C
Vigne A Porrona Rosso,116.91,99.80469254645398,C
Le Prelat CdR Blanc,116.91,99.80504532920553,C
Guillermo Mndza Kosher Malbc,116.91,99.8053981119571,C
Cote Mas Blanc Mediterrane,116.87,99.80575077400634,C
Hiram Walker Cr de Cacao Br,116.05999999999999,99.80610099183326,C
Moutard Champagne,115.98,99.80645096825553,C
Ch Doisy Daene Gr Vin Sec 10,115.96,99.80680088432663,C
HandCraft Artisan Coll Pet S,115.80000000000001,99.8071503175884,C
Daou Soul of a Lion Red,114.99,99.80749730662784,C
Vieux Clocher Vacqueyras 07,114.94999999999999,99.80784417496496,C
Chanson Le Bourgogne Pnt Nr,114.94999999999999,99.80819104330206,C
Morgan Winery Double L  Rsl,114.94999999999999,99.80853791163918,C
Gundlach Bundschu 07 Vintage,113.98,99.80888185294467,C
Neal Petite Syrah Rutherford,113.97,99.80922576407455,C
Ole Smoky Harley-Davidson,113.94,99.8095695846777,C
Vin Vault Cab Svgn,113.94,99.80991340528085,C
Mojoshot Blue Lagoon RTD,112.86,99.81025396692092,C
20 Mile 09 Brdx Superior,112.47,99.81059335171322,C
Angeline Chard Cal,112.35,99.81093237439855,C
Vincent Van Gogh Pineapple,111.96,99.81127022023607,C
Gaston & Ravaut Bourgn Chard,111.96,99.8116080660736,C
Matanzas Creek Chard Sonoma,111.96,99.81194591191112,C
Szigeti Gruner Velt Skt Brut,111.94999999999999,99.81228372757307,C
Dom Bousquet Pnt Nr Rsv,111.93,99.81262148288384,C
Piccini Memoro,111.92,99.81295920801905,C
Pulenta Est Gran Cab Franc,110.97,99.81329406647376,C
Truvee Red,110.91,99.81362874387497,C
Mystos Longboard Vyd 13 Pnt,109.98,99.8139606149469,C
St Supery Elu Meritage Red,109.98,99.81429248601881,C
Maggy Hawk Jolie Pnt Nr,109.98,99.81462435709072,C
Rochioli RRV Chard Cal,109.98,99.81495622816263,C
Paul Hobbs Pnt Nr RRV,109.98,99.81528809923455,C
Tenuta Sette Cieli Yantra,109.94999999999999,99.8156198797797,C
Schmitt Sohne Funf Sangria,109.9,99.81595150944695,C
Thorny Rose Red,109.9,99.81628313911418,C
Ninety+Cellars Lot 50 Prosco,109.9,99.8166147687814,C
Fifty Shades Of Grey Wh Silk,109.9,99.81694639844865,C
Fifty Shades Of Grey Red Sat,109.9,99.81727802811588,C
Cruzan Raspberry Flavord Rum,109.9,99.81760965778312,C
Bols Apricot Flavored Brand,109.9,99.81794128745037,C
Seghesio Arneis RRV,109.9,99.8182729171176,C
Bacardi Dragon Berry Trav,109.89,99.81860451660926,C
Stark Raving White,109.89,99.81893611610091,C
Barefoot Cellars Winter Red,109.78,99.81926738366114,C
Mercer Canyons Red,108.11,99.81959361189887,C
Dewars Special RSV 12-Year,107.98,99.819919447854,C
Fattoria Poggio Red 10,107.98,99.82024528380913,C
Gloria Ferrer Royal Cuvee,107.96,99.8205710594131,C
Capri Natura Limoncello,107.94,99.8208967746659,C
Folie A Deux Chard Napa,107.94,99.8212224899187,C
Las Valles Carinena Red,107.88,99.82154802411797,C
Victor Vyds Old Vine Znfdl,107.88,99.82187355831726,C
Kenwood Cve Brut Yulupa Spa,107.88,99.82219909251656,C
Portillo Malbec,107.88,99.82252462671583,C
Ch Haut Branda Brdx Rouge,107.88,99.82285016091512,C
Il Donato Vino Rosso Puglia,107.88,99.8231756951144,C
Kenwood Yulupa Pnt Nr,107.88,99.82350122931369,C
Southern Comfort Holiday Spi,107.88,99.823826763513,C
Twisted Cab Svgn Cal,107.88,99.82415229771227,C
Manischewitz Cream White Cnd,107.88,99.82447783191157,C
Crane Lake Pnt Grigio Cal,107.88,99.82480336611084,C
Barefoot Perfectly Pink,107.82,99.82512871925663,C
Sutter Home Rsl,107.82,99.82545407240242,C
Tortiose Crk La Charmel Mus1,106.92,99.82577670974567,C
Red Car Ritchie Vyd Chard,105.98,99.82609651058401,C
St Francis Claret Sonoma,104.93,99.82641314298604,C
Dom Sourdais Chinon,104.93,99.82672977538807,C
Botani 13 Muscat Srra Malaga,104.93,99.8270464077901,C
C Y Toro Frontera Vintage Re,104.65,99.8273621952758,C
Pinnacle Red Berry Vodka,104.39,99.8276771981963,C
Yangarra Est Vyd 10 Shiraz,103.96,99.82799090356669,C
DeKuyper Pineapple,103.92,99.82830448823475,C
DeKuyper Grape Pucker,103.92,99.82861807290281,C
Pinnacle Vanilla,103.92,99.82893165757089,C
Calmel & Joseph Chard,103.92,99.82924524223895,C
Pinnacle Double Espresso,103.92,99.82955882690702,C
Fetzer Crimson Red Blend,103.92,99.82987241157508,C
Itami Onigoroshi Junmal Shu,103.87,99.83018584536522,C
Mr Boston Cr de Cacao Brown,103.84,99.83049918862861,C
Badenhorst Secateurs Red,102.93,99.83080978591386,C
Ch Olivier 10 Blanc Pessac-L,101.98,99.83111751651865,C
A Bichot Adelie Mercury,101.97,99.83142521694784,C
Malibu Mango Rum,101.94,99.83173282685028,C
Bongiovanni Dolceo D'Alba,101.94,99.83204043675272,C
Jadot 12 Steel Chard,101.94,99.83234804665517,C
Folonari Moscato,101.92,99.83265559620645,C
Cono Sur Organic Svgn Bl,101.91,99.83296311558215,C
Papi Merlot,101.88,99.83327054443109,C
Terrazas Alto Cab Svgn Argn,101.88,99.83357797328001,C
Irony Chard Napa,101.88,99.83388540212897,C
Orange Quattro di Amore,101.43,99.83419147307661,C
Dr McGillicudy's Buttersctch,100.98,99.834496186123,C
Toad Hollow Rose Eye Pnt Nr,100.88,99.83480059741355,C
Woodford Rsv Master Coll Pnt,99.99,99.83510232307712,C
Woodford Rsv MC Classic Malt,99.99,99.8354040487407,C
Flowers Sonoma Cst Chard,99.99,99.83570577440429,C
Nickel Carpenter Cab Svgn,99.99,99.83600750006786,C
Krupp Bros The Doctor Red,99.99,99.83630922573144,C
Jadot Gevrey Chambertin 13,99.99,99.83661095139502,C
Ferrari Carano Tresor Rsv,99.98,99.83691264688301,C
Corte Giara Amarone 09,99.98,99.837214342371,C
Corzo Silver Tequila,99.98,99.837516037859,C
Mate Brunello di Montalcino,99.98,99.837817733347,C
Van Winkle Special Rsv 10 Yr,99.98,99.83811942883499,C
Teeling Single Grain Whiskey,99.98,99.83842112432299,C
Latour 11 Merslt-Blgny P Cru,99.98,99.83872281981098,C
Andre Jacquart Brut Experien,99.98,99.83902451529897,C
Latour 11 Beaune Vignes Fran,99.98,99.83932621078698,C
Buoncristiani Family Red OPC,99.98,99.83962790627497,C
Chateau Giscours Margaux,99.98,99.83992960176298,C
Tenuta La Fuga 09 Brun Montl,99.98,99.84023129725097,C
Champagne Malard Grand Cru B,99.98,99.84053299273897,C
Krupp Bros Veraison Red,99.98,99.84083468822696,C
Anton Bauer Wagram Rsv,99.96,99.8411363233638,C
Moshin Vyds Pnt Nr RRV,99.96,99.84143795850063,C
Joseph Mellot Sancerre White,99.96,99.84173959363746,C
Chronic Cellars Sofa King,99.94999999999999,99.84204119859871,C
Chigard Fleurie Les Moriers,99.94999999999999,99.84234280355994,C
Hartley & Gisbon Pedro Zimen,99.94999999999999,99.84264440852118,C
Atalon Svgn Bl Napa Valley,99.94999999999999,99.84294601348242,C
J Lohr Est Bay Mist Rsl,99.9,99.84324746756576,C
Bols Anisette,99.9,99.84354892164907,C
Bols Creme de Cassis,99.9,99.84385037573239,C
Simply Naked Merlot,99.75,99.84415137718196,C
Hiram Walker Cr de Cacao Wh,99.47999999999999,99.84445156389076,C
Gallo Twin Vly Pnt Grigio,99.36000000000001,99.84475138849255,C
Ch Suduiraut 11 Sauternes Pr,98.99,99.84505009659773,C
West Indies Blue Mtn Coffee,98.97,99.84534874435175,C
Carol Shelton Rocky Rsv Znfd,98.97,99.84564739210576,C
Zenato Valpolicella Clsc Ri,98.97,99.84594603985978,C
Girl Go Lightly Moscato,98.91000000000001,99.8462445065603,C
Chi Chi's Churro RTD,98.91,99.84654297326082,C
Hazlitt White Cat Fngr Lakes,98.89,99.84684137961017,C
Wolf Blass Yellow Lbl Chard,98.89,99.84713978595951,C
Il Poggione Rosso Franceschi,97.98,99.84743544633073,C
Collier & McKeel Whiskey,97.98,99.84773110670196,C
Attitude 13 Rose Jolivet,97.93,99.84802661619524,C
Herzog Kosher Chard,97.93,99.84832212568854,C
Torna Sorrento Limoncello,97.93,99.84861763518182,C
Barefoot Cellars Moscato,97.35,99.84891139449125,C
Ch Smith Haut Laftte Roug 11,96.99,99.84920406747966,C
Sauvignon Republic Svgn Bl,96.69,99.84949583520056,C
Daou Mayote Red,95.99,99.84978549063057,C
Lucienne Doctor's Vyd Pnt Nr,95.98,99.85007511588499,C
Morgan Winery Garys Vyd Pnt,95.97,99.85036471096382,C
Ch Andron Blanquet St Esteph,95.97,99.85065430604267,C
Connetable de Talbot 11 Brdx,95.97,99.85094390112151,C
Sidebar Svgn Bl,95.96,99.85123346602478,C
Temptation Znfdl,95.94,99.85152297057688,C
Paul Dolan Deep Red 09 Mendo,95.94,99.85181247512898,C
M Chiarlo Rovereto Gavi 13,95.94,99.85210197968108,C
Torre Migliori Monte d'Abruz,95.94,99.85239148423317,C
Medlock Ames Red 10,95.94,99.85268098878527,C
Pali Charm Acres Sonom Chard,95.94,99.85297049333737,C
Tamaya Svgn Bl,95.93,99.85325996771387,C
Carlo Rossi RSV Chard Cal,95.88,99.85354929121246,C
Arrow Apricot Brandy,95.88,99.85383861471104,C
King Rabbit Malbec Pay D'Oc,95.88,99.85412793820963,C
Franzia Merlot Cal,95.88,99.85441726170822,C
Sartori Family Pnt Nr,95.88,99.85470658520681,C
Snap Dragon Cab Svgn,95.88,99.85499590870539,C
Villa Cornaro Pinot Grigio,95.88,99.85528523220398,C
Hey Mambo Swanky White 08,95.88,99.85557455570257,C
Trinity Oaks Pnt Nr Cal,95.88,99.85586387920115,C
Tisdale Vyds Wh Znfdl Cal,95.76,99.85615284059276,C
Richards Wild Irish White,95.76,99.85644180198433,C
Vendange Shiraz,95.76,99.85673076337592,C
M D 20/20 Habanero Lime Arit,95.76,99.85701972476751,C
Tisdale Chard Cal,95.76,99.8573086861591,C
Tisdale Cab Svgn Cal,95.76,99.85759764755069,C
Ch La Croix de Beaucailou 10,94.99,99.8578842854223,C
Dom R Bouvier Marsny Rose 14,94.94999999999999,99.85817080259159,C
Nyers Vyds Sage Canyon Red,94.94999999999999,99.85845731976087,C
Licor 43 Liqueur Gift Pack,94.94999999999999,99.85874383693016,C
Slctn Laurence Feraud CdR,94.94999999999999,99.85903035409945,C
Calaches Lanessan Haut-Medoc,94.94999999999999,99.85931687126872,C
Nicolas Feuillatte Brut Rose,93.98,99.85960046140637,C
Ch Lassegue 07 St Emilion AC,93.98,99.85988405154401,C
Old Mexico Blanco Tequila,93.39,99.86016586132222,C
Kosta Browne Pnt Nr Sonoma C,92.99,99.86044646407704,C
Myers Platinum Rum,92.94,99.86072691595396,C
LaMuse Verte Absinthe,91.98,99.86100447097483,C
Common Man Slctn Woodford Rs,91.98,99.8612820259957,C
Sterling Rsv Platinum Red,91.98,99.86155958101656,C
Achaval Ferrer Quimera,91.96,99.86183707568627,C
Full Throttle Moonshine,91.96,99.86211457035597,C
Five Oaks Chard Cal,90.96,99.86238904746727,C
DeKuyper Peppermint,90.93,99.86266343405181,C
A Bichot Macon-Villages,90.93,99.86293782063636,C
The Pessimist Cab Svgn,90.86999999999999,99.86321202616742,C
Quinta do Noval 2013 Port,89.99,99.86348357624708,C
Aquilon 06 Garnacha de Borja,89.99,99.86375512632674,C
Zapata White Stones Chard,89.99,99.8640266764064,C
Jadot Corton Greves 12,89.99,99.86429822648604,C
Quinta do Noval Port 11,89.99,99.86456977656572,C
Blood Oath Bourbon,89.99,99.86484132664538,C
No. 14 Bourbon,89.98,99.86511284654945,C
Mollydooker Blue Eyed Boy,89.98,99.86538436645354,C
Clio Jumilla Red,89.98,99.86565588635762,C
High Valley Znfdl,89.97,99.8659273760861,C
Joseph Drouhin Santenay Red,89.97,99.8661988658146,C
Hillinger Leitheberg Blaufra,89.97,99.86647035554309,C
San Zopito Montepulciano d'A,89.97,99.86674184527158,C
Dom Serene Clos Soleil Chard,89.97,99.86701333500008,C
Yazi Ginger Vodka,89.97,99.86728482472856,C
The Chocolate Block Red,89.97,99.86755631445706,C
Conn Crk Ltd Rls Np Cab Svgn,89.96,99.86782777400998,C
Marques de Grinon 10 Caliza,89.94999999999999,99.86809920338729,C
Ch Cantegril Sauternes 11,89.94999999999999,99.86837063276462,C
Seven Deadly Zins Lodi Znfdl,89.94,99.86864203196637,C
Cesari Valpo Classico,89.94,99.86891343116811,C
Hacienda Haro Lopez Cri Rsva,89.94,99.86918483036987,C
Sauza Gold VAP,89.94,99.86945622957163,C
Smirnoff Fluffed Marshmallow,89.94,99.86972762877336,C
Sella & Mosca Terre Rare,89.94,99.86999902797511,C
Lima Loureiro Vino Verde DOC,89.91,99.87027033665011,C
DeKuyper Melon,89.9,99.8705416151495,C
Sterling Vntrs Cltn Chard,89.88,99.87081283329775,C
Botromagno Gravina,89.88,99.87108405144598,C
Parducci Sustainable White,89.88,99.87135526959422,C
Be. Bright Pnt Grigio,89.85000000000001,99.87162639721572,C
Lauders,88.10999999999999,99.8718922742856,C
Turnbull Cab Svgn 09 Blk Lab,87.99,99.87215778924848,C
Mirafiore Dolcetto D'Alba,87.96,99.8724232136846,C
Bota Box Rsl,87.96,99.87268863812074,C
Pacifico Sur Rose Carmenere,87.48,99.87295261412883,C
Michel Torino Don David Cab,87.48,99.87321659013693,C
Jadot Bourgogne Le Chapitre,86.97,99.87347902719026,C
Nova 06 Marilyn Merlot Napa,86.97,99.87374146424357,C
Jewell Towne Cab Svgn NH,86.94,99.87400381077015,C
Chocolate Cuvee,86.93,99.87426612712113,C
CaRome Barbaresco Chiarmanti,85.99,99.87452560696723,C
Sea Smoke Ten Snt Brb Pnt Nr,85.99,99.87478508681332,C
Ch Lacoste-Borie Pauillac 10,85.98,99.87504453648383,C
Ch Sociando Mallet 10,85.98,99.87530398615434,C
Ch de Pez 10 St Estephe Brdx,85.98,99.87556343582486,C
Paul Hobbs Pnt Nr Katherine,84.99,99.87581989811257,C
Luzon Jumilla Red,84.9,99.87607608882001,C
Aresti Est Chardonnay,84.83000000000001,99.87633206829837,C
Mr Boston Peppermint Schnaps,84.37,99.87658665969987,C
Mr Boston Creme de Menthe Gr,84.37,99.87684125110138,C
Riglos Gran Corte Mendoza,83.98,99.87709466565511,C
Ch Lalande Boire 10 Brdx,83.98,99.87734808020883,C
Spring 44 Vodka,83.97,99.87760146458699,C
Taittinger La Francaise,83.96,99.87785481878954,C
Bonny Doon Vyd Albarino,83.94,99.87810811264094,C
Croix de Basson Rose Organic,83.94,99.87836140649235,C
Paydirt Svgn Blanc,83.94,99.87861470034373,C
Opici Marsala Cal,83.94,99.87886799419515,C
Vino Rose,83.94,99.87912128804653,C
Farnum Hill X-Dry StillCider,83.93,99.87937455172235,C
Smirnoff Lime Vodka,83.93,99.87962781539815,C
Poema Brut Cava Penedes,83.92999999999999,99.87988107907397,C
McCormick Vanilla Vodka,83.88,99.88013419187185,C
Beaulieu Cstl Clr Slct Chard,83.88,99.88038730466974,C
Casalini Monteplciano D'Abrz,83.88,99.88064041746763,C
La Mura Rosso,83.88,99.88089353026551,C
Sutter Home Clsc Svgn Bl,83.86,99.88114658271223,C
Spiral Cellars Napa Vly Red,82.9,99.8813967383029,C
Domino Merlot,82.87,99.88164680336682,C
A Bichot Champs Martin,81.98,99.88189418280376,C
Revelation Chard Pays D'Oc,81.48,99.88214005346151,C
Bota Mini Moscato,81.42999999999999,99.88238577324134,C
Spring Valley Katherine Cab,80.98,99.8826301351199,C
Villa Rosa Barolo Piedmonte,80.97,99.88287446682287,C
Merriam Vyd Block 8 Cab Svgn,80.97,99.88311879852584,C
Ninety+Cellars Lot 90 Rosso,80.97,99.88336313022882,C
Bouvier Marsannay Roug Clos,80.97,99.88360746193177,C
Harwood Canadian,80.94,99.883851703108,C
Darkhorse Svgn Bl,80.82,99.8840955821772,C
Gallo Fairbanks Cream Sherry,80.82,99.88433946124641,C
Krupps Brothers Veraison,79.99,99.88458083574217,C
Sea Smoke Sea Spray Blanc,79.99,99.8848222102379,C
M Chiarlo Barolo Cerequio,79.99,99.88506358473364,C
Croft Port 11,79.99,99.88530495922939,C
Erath Prince Hill Pnt Nr,79.98,99.88554630354956,C
Gamba Znfdl RRV Old Vine,79.98,99.88578764786972,C
Cedar Knoll Vyd Cab Svgn Npa,79.98,99.88602899218988,C
Franciscan Est Cuvee Chard,79.98,99.88627033651005,C
Provenance Cab Svgn Rutherfd,79.98,99.88651168083021,C
Fattoire Barbi 13 MdScansano,79.96,99.88675296479921,C
Kesselstatt Josephshofer Kab,79.96,99.88699424876822,C
Russian Diamond Vodka,79.96,99.88723553273721,C
Mercer Merlot,79.96,99.8874768167062,C
Couly-Dutheil Chinon Rose,79.96,99.8877181006752,C
Vincent Girardin Bour Bl 11,79.96,99.8879593846442,C
Moillard Ch d'Eau VDP Rose,79.95,99.88820063843761,C
Zenato Alanera Rosso Verones,79.95,99.88844189223101,C
Dom du Garde Temps Tour Rose,79.95,99.88868314602442,C
Rentas De Fincas Rioja,79.92,99.8889243092911,C
Ch Ste Michelle Chard Mimi,79.92,99.88916547255776,C
The Black Dog Chard,79.92,99.88940663582443,C
Bols Strawberry Liqueur,79.92,99.88964779909108,C
Bacardi Pineapple Fusion Trv,79.92,99.88988896235776,C
Seratina Primitivo,79.92,99.89013012562442,C
Alta Classe Mntplcno Abruzzo,79.9,99.8903712285399,C
Cooks Extra Dry Champagne,79.9,99.8906123314554,C
Ch Coutet Barsac 09 Brdx,78.99,99.89085068839275,C
Ch La Gaffeliere St Emilion,77.99,99.8910860277717,C
Spring 44 Old Tom Gin,77.98,99.89132133697508,C
Champlain Orchards Sprklng C,77.97,99.89155661600287,C
Mollydooker Two Left Feet,77.97,99.89179189503066,C
Guillaume Vrignaud Chablis,77.97,99.89202717405846,C
Bouvier Marsannay Rose,77.97,99.89226245308626,C
Jadot Rully 13,77.97,99.89249773211405,C
Kim Crawford Pnt Nr,77.96,99.89273298096626,C
Dom La Fage Tessellae CdRous,77.94,99.89296816946731,C
Truvee Chard,77.94,99.89320335796836,C
Undurraga U Label Cab Svgn,77.94,99.8934385464694,C
King Est Domaine Ore Pnt Nr,77.94,99.89367373497046,C
Cambas Mantinia Attica Wh,77.94,99.89390892347151,C
Vino Dious Cab Svgn Rose 13,77.94,99.89414411197255,C
Kunde Chard Sonoma Cnty,77.94,99.8943793004736,C
Sea Ridge Chard Cal,77.94,99.89461448897465,C
Appolo Vyds China Girl,77.45,99.89484819887208,C
Toasted Head BB Oaked Svgn B,76.93,99.89508033963914,C
DeKuyper Buttershots Trav,76.93,99.89531248040622,C
Les Lauzeraies Tavel,76.93,99.89554462117329,C
Ruffino Prosecco,76.89,99.89577664123802,C
Tierra de Antes Malbec Mndza,76.33,99.89600697147004,C
Ch Clerc Milon Pauillac 11,75.99,99.89623627573222,C
Marchesi di Barolo Sarmsa 07,75.99,99.8964655799944,C
Ch Haut Beausejour 10 Brdx,75.98,99.89669485408099,C
Smugglers Notch Rum,75.98,99.8969241281676,C
Pali Winsdor Oaks Pnt Nr RRV,75.98,99.89715340225419,C
Sanford La Riconda Pnt Nr,75.98,99.89738267634078,C
Sokol Blosser Pnt Gris,75.96,99.89761189007622,C
Gianni Gagliardo Dolcetto D',75.96,99.89784110381166,C
Galliano Tiki Gift Pack,75.96,99.89807031754708,C
Ole Smoky Charred Tennesse,75.96,99.89829953128252,C
Artesa Elements Napa Red,75.96,99.89852874501794,C
Mazzei Zisola Notto Rosso,75.96,99.89875795875338,C
S Aviron Cd Brouilly 12 Viel,75.96,99.8989871724888,C
Baron K Kabinett,75.96,99.89921638622424,C
Paul Hobbs Crossbarn Rose PN,75.96,99.89944559995966,C
Chanrion Cote de Brouilly,75.96,99.8996748136951,C
S S Pierce 99 Vodka 80 Proof,75.48,99.89990257900251,C
Smirnoff Wh Peach Sorbet,75.24000000000001,99.9001296200959,C
Rochioli Pinot Noir RRV,74.99,99.90035590679967,C
Circadia Cab Svgn Napa Vly,74.99,99.90058219350347,C
Ch Monbousquet 10 Brdx,74.99,99.90080848020723,C
Santa Maria Alla Pieve Ripas,74.97,99.90103470655986,C
Mommessin Les Gr Morgon C Py,74.97,99.90126093291248,C
Januik Merlot Columbia Vly,74.97,99.90148715926509,C
Sorel Artisan Liqueur,74.97,99.90171338561771,C
Shardana Valli Di Porto Pino,74.97,99.90193961197032,C
Tohu Pnt Nr Marlboro,74.97,99.90216583832294,C
Spalletti Chianti Clsco Rsva,74.95,99.9023920043244,C
Cosentino The Zin,74.95,99.90261817032585,C
Aresti Pnt Nr Curico Vly,74.85000000000001,99.90284403457147,C
Mojoshot Sourberry RTD,74.25,99.90306808828204,C
Louis Jadot Les Drazeys 11,73.98,99.90329132725186,C
Ch Lilian 09 Ladouys St Este,73.98,99.90351456622167,C
Becker Family Pnt Bl,73.96,99.90373774484033,C
Buoncristiani Family Chard,71.98,99.90395494869335,C
Eric Kent Chardonnay RRV,71.98,99.9041721525464,C
Jadot Pernand Vergelesses 13,71.98,99.90438935639942,C
Bodegas Numanthia Termes,71.97,99.90460653007686,C
DiSaronno Versace Wrap VAP,71.97,99.9048237037543,C
One Roq RSV Vodka,71.97,99.90504087743174,C
Sauza Blue Silver VAP,71.96,99.9052580209336,C
Murphy-Goode Liars Dice Znfd,71.96,99.90547516443547,C
Sammy's Beach Bar Rum,71.96,99.90569230793734,C
Almaden Moscato,71.96,99.90590945143921,C
Spritz and Giggles,71.96,99.90612659494107,C
L'Ecole No 41 Chenin Bl OV,71.96,99.90634373844294,C
Poema Cava Rose,71.94,99.90656082159364,C
Vieux Clocher Rose CDR,71.94,99.90677790474433,C
The Show Malbec Argentina,71.94,99.90699498789503,C
Tavernello Pinot Grigio IGT,71.94,99.90721207104572,C
Grenache/Shirz Stump Jump,71.94,99.90742915419642,C
Vino Dious Welch Rsl 13,71.94,99.90764623734712,C
DeKuyper Creme de Banana,71.92,99.90786326014666,C
Sutter Home Pnt Nr,71.88,99.90808016224385,C
Douglass Hill Cab Svgn,71.88,99.90829706434103,C
Trapiche Chard,71.88,99.90851396643822,C
Barefoot Refresh Crisp Red,71.88,99.90873086853541,C
Douglass Hill Chard,71.88,99.9089477706326,C
Gekkeikan Sake Cap Ace,71.76,99.90916431062278,C
Guenoc Est Guenoc Vly Chard,71.39,99.90937973411637,C
Gran Gala Liqueur,71.28,99.90959482567852,C
Pancho Villa Rojo,70.11,99.90980638669737,C
Jean Luc Colombo Ruchets 10,69.99,99.9100175856092,C
Fontanafredda La Rosa Barolo,69.99,99.91022878452101,C
Merry Edwards Flax Vyd Pnt N,69.99,99.91043998343284,C
Jadot Monthelie 13 Sous Roch,69.98,99.9106511521691,C
Jadot Santenay Malte Roug 12,69.98,99.91086232090534,C
Ch Hyot Castillon Brdx,69.98,99.9110734896416,C
Merriam Cab Franc Windacre V,69.98,99.91128465837782,C
WindRacer Anderson Vly Chard,69.98,99.91149582711408,C
Peter Paul Bacigalupi Chard,69.98,99.91170699585034,C
Cameron Hughes Cam Coll Char,69.95,99.91191807405983,C
Bartenura Ovidia Est Chianti,69.95,99.91212915226932,C
Dom Fontsainte Corbieres Gr,69.95,99.91234023047882,C
Palacios Bolo Godello Valdeo,69.95,99.91255130868831,C
Veuve du Vernay Brut Rose,69.94,99.91276235672221,C
Rio Madre 2014 Rose Rioja,69.93,99.91297337458055,C
Guenoc Cal Chard,69.48,99.9131830345376,C
Bonny Doon Pousseur Syrah,68.97,99.91339115553987,C
St Mayhem Wh Peach & Ginger,68.97,99.91359927654213,C
J W Dant Bourbon,68.97,99.9138073975444,C
Cape Point Vyds Svgn Bl,68.97,99.91401551854668,C
Casoni Limoncello di Sorento,68.97,99.91422363954894,C
Ch Langoa Barton St Julien,67.99,99.91442880334398,C
Tom Eddy Elodian Cab Svgn,67.98,99.91463393696345,C
Gerard Bertrand Gr Terrier R,67.96,99.91483901023173,C
Firesteed Rsl,67.96,99.91504408350004,C
Lunazul Blanco Tequila,67.96,99.91524915676834,C
Umberto Cesari Moma Red,67.96,99.91545423003664,C
Diora Pnt Nr,67.96,99.91565930330493,C
Recanati Galilee Merlot,67.96,99.91586437657324,C
Marcarini Ciabot Camerano,67.96,99.91606944984153,C
Santa Barbara Winery Chard,67.96,99.91627452310982,C
Ch La Gordonne Rose,67.96,99.91647959637812,C
UV Whipped Vodka,67.41,99.91668300998931,C
Svedka Colada Vodka,66.43,99.91688346639327,C
Pinnacle Cake Vodka,66.42999999999999,99.91708392279722,C
CastelGiocondo 10 Brun Montl,65.99,99.91728305147548,C
King Estate Dom Pnt Nr 12,65.99,99.91748218015374,C
Bushmills 16 Yr Old Irish W,65.99,99.917681308832,C
Drouhin Arthur Chard,65.98,99.91788040733468,C
Zorah Red,65.97,99.91807947566177,C
Ch Ste Michelle Cold Crk Cha,65.97,99.91827854398888,C
S Aviron 12 Fleurie Madrieir,65.97,99.91847761231595,C
Agavero Orange Liqueur Agave,65.97,99.91867668064305,C
Freemark Abbey Chard Napa,65.97,99.91887574897015,C
Terre del Barolo Barbrsco 10,65.97,99.91907481729724,C
Truchard Vyds The Shepard Rd,65.97,99.91927388562432,C
Luigi Bosca de Sangre,65.97,99.91947295395143,C
Belle Ambiance Cab Svgn,65.94,99.91967193175178,C
Pro.mis.Q.ous Red CA,65.94,99.91987090955212,C
Frey Natural White Organic,65.94,99.92006988735247,C
S S Pierce Manhattan,65.94,99.92026886515282,C
Cruzan Banana Flavored Rum,65.94,99.92046784295316,C
14 Hands Moscato,65.94,99.92066682075351,C
Northstar Cab Svgn,64.98,99.9208629016978,C
Pinnacle Key Lime Whipped,64.95,99.92105889211534,C
Ch St Sulpice Rose 13,64.95,99.92125488253288,C
Riebeek Cellars Cape Rose,64.95,99.92145087295042,C
Nozzole Le Bruniche Chardon,64.95,99.92164686336794,C
Ch Rol Valentin 10,63.99,99.92183995692942,C
Black Fig Vodka,63.98,99.92203302031531,C
Les Fiefs de Lagrange St Jul,63.98,99.92222608370122,C
Adaption by Odette Chard,63.98,99.92241914708711,C
Ch Petit Bocq Cru Borgeos 10,63.98,99.92261221047302,C
Les Fiefs Lagrange St Jul 11,63.98,99.92280527385891,C
Farmers of Wine Italian Red,63.96,99.92299827689365,C
Luxardo Angioletto Hazelnut,63.96,99.92319127992837,C
Framboise Pacific Rim Infusn,63.96,99.92338428296311,C
Star Insolia Chard,63.96,99.92357728599785,C
Blackstone Syrah Cal,63.940000000000005,99.9237702286814,C
L.A. Cetto Nebbiolo Priv Rsv,63.48,99.9239617832881,C
Pacifico Sur Cab Svgn Curico,63.4,99.92415309649013,C
Napa Cellars Merlot,62.97,99.92434311214205,C
Ole Smoky Blackberry M'Shine,62.97,99.92453312779396,C
Flipflop Silver Rum,62.93,99.92472302274355,C
Doga Delle Clavule Vermentin,62.93,99.92491291769315,C
Glen Ellen Pnt Grigio RSV,62.91,99.92510275229156,C
R Mondavi Pvt Sel Cab Svgn,60.39,99.92528498264282,C
Oliver Chanzy Mers Les Meur,59.99,99.92546600597075,C
Ch Vignot 09 St Emilion Gr C,59.99,99.92564702929864,C
Terra di Montevero Toscana,59.99,99.92582805262656,C
The Beautiful Syrah Walla,59.99,99.92600907595447,C
Pali Pnt Nr Rancho La Vina,59.99,99.92619009928238,C
Copain Wentzel Pnt Nr,59.99,99.92637112261029,C
Calera Mills Vyd Pnt Nr,59.99,99.9265521459382,C
Van Winkle Special Rsv 12 Yr,59.99,99.9267331692661,C
Perrier Jouet Gr Brut,59.99,99.92691419259401,C
Cazadores Anejo Tequila,59.98,99.92709518574635,C
Jadot Marsannay 13,59.98,99.92727617889868,C
Leblon Cedilla Acai Liqueur,59.98,99.92745717205102,C
Cruzan Est Single Barrel Rum,59.98,99.92763816520335,C
Jailers Tennessee Whiskey,59.98,99.92781915835567,C
8000 Generations Shochu,59.98,99.928000151508,C
Buck Bourbon 8 Yr,59.98,99.92818114466033,C
Ryan Patrick Rsv Cab,59.98,99.92836213781267,C
Jadot Cote de Beaune Vill 12,59.98,99.928543130965,C
Jadot Savigny Beaune Blan 12,59.98,99.92872412411732,C
Cade Svgn Bl Napa Cuvee,59.98,99.92890511726966,C
Mommessin Dom Presle Bjls Fl,59.97,99.9290860802464,C
Hpnotiq Harmonie,59.97,99.92926704322315,C
Sans Liege Groundwork Grenac,59.97,99.92944800619989,C
Prinz Salm Der Weib,59.97,99.92962896917663,C
Piero Broglia Gavi di Gavi,59.97,99.92980993215338,C
Full Throttle Apple Whiskey,59.97,99.92999089513013,C
Sequoia Grove Chard,59.97,99.93017185810686,C
Carlo Rossi Sweet Red,59.96,99.93035279090803,C
Carlo Rossi Chianti Cal,59.96,99.93053372370919,C
Pinotage Southern Right,59.96,99.93071465651036,C
Creta Olympias Vin Crete Wh,59.95,99.93089555913593,C
Farnum Hill Summer Cider,59.95,99.93107646176152,C
Bota Brick Cab Svgn,59.95,99.9312573643871,C
Monjardin El Cerezo Chard,59.95,99.93143826701268,C
Bols White Creme De Menthe,59.940000000000005,99.93161913946267,C
Bacardi Oakheart Spiced Trav,59.940000000000005,99.93180001191266,C
Sutter Home Sweet Red,59.94,99.93198088436267,C
Old Smuggler,59.94,99.93216175681266,C
Notre Dame Cousignac Blnc 13,59.94,99.93234262926266,C
Garnacha de Fuego 14 Rose Ar,59.94,99.93252350171265,C
Chicken & Turkey Cotes du Rh,59.94,99.93270437416267,C
Marcus James Chard Mendoza,59.88,99.93288506555915,C
Salmon Creek Wh Znfdl Cal,59.88,99.93306575695564,C
Vendange Pnt Grigio Cal,59.85,99.93324635782538,C
Capt Morgan Lime Bite Rum,58.47,99.93342279446453,C
Luiano Rosato,58.05,99.93359796372917,C
Zeitgeist Cab Svgn Napa Vly,57.99,99.9337729519403,C
Soter Vyds Brut Rose,57.99,99.93394794015143,C
Louis Cheze Cote Rotie Demo,57.99,99.93412292836256,C
Ayala Rose Majeur,57.99,99.93429791657368,C
Ch Fugue de Nenin 09,57.98,99.93447287460923,C
Marina Cvetic Mntlcno Abruzo,57.98,99.93464783264477,C
Iron Horse Est Chard,57.98,99.93482279068033,C
Paul D Zweigelt Weinland,57.96,99.9349976883647,C
Rage Znfdl,56.99,99.93516965901745,C
Margaritaville Spiced Rum,56.97,99.93534156931901,C
Ch Beauchene Prm Terroir CDR,56.97,99.93551347962057,C
Justin Vyds 13 Chard C Cst,56.97,99.93568538992214,C
Blue Chair Bay Coc Spced Rum,56.97,99.9358573002237,C
Deep Eddy Sweet Tea Vodka,56.97,99.93602921052528,C
Eden Ice Sprklng Cider Semi,56.94,99.93620103030011,C
Five Oaks Pnt Nr Cal,56.849999999999994,99.93637257849467,C
Plumpjack Syrah Napa Valley,55.99,99.93654153158901,C
Prichards Tennesse Whiskey,55.98,99.93671045450779,C
Roland Lavantureux Chablis,55.98,99.93687937742655,C
Hangar One Blueberry Vodka,55.98,99.93704830034531,C
Hangar One Kaffir Lime Vodk,55.98,99.93721722326407,C
Spring 44 Honey Vodka,55.98,99.93738614618283,C
Orestiadi Ludovico,55.98,99.9375550691016,C
Pizzolato Moscato,55.96,99.93772393166921,C
Serbal Rose,55.96,99.9378927942368,C
Viu Manent Cab Svgn La Capil,55.96,99.9380616568044,C
Vino Pnt Grigio,55.96,99.93823051937201,C
Emmolo Svgn Blanc,55.96,99.9383993819396,C
Bonpas Ventoux Rouge Rhone,55.96,99.9385682445072,C
Evan Williams Egg Nog,55.92,99.93873698637246,C
Martinelli Guiseppe & Luisa,54.99,99.93890292190841,C
Ken Wright Cellars Pnt Nr,54.99,99.93906885744437,C
The Steward's Solera Bourbon,54.99,99.93923479298033,C
Triibe Celtic,54.95,99.93940060781394,C
Bols Blackberry Brandy,54.95,99.93956642264756,C
Podere Poggio Scalette 07,53.99,99.93972934062512,C
Ch Meyney 10 Bourgeois St Es,53.99,99.93989225860268,C
Claude Riffault Chass Sancer,53.98,99.94005514640466,C
Alain Lorieux Chinon Express,53.97,99.94021800403105,C
Amauta Corte IV -Red Blend,53.97,99.94038086165745,C
Patricius Sarga Muskotaly,53.97,99.94054371928384,C
The Naked Grape Box Moscato,53.97,99.94070657691023,C
Lee Family Farm Albarino Mon,53.97,99.94086943453662,C
14 Hands Rsl Wash,53.95,99.94103223181186,C
Crane Lake Chard Cal,53.94,99.9411949989115,C
Kenwood Moscato Zacchera,53.91,99.94135767548438,C
Paul Masson Ruby Burgundy Ca,53.88,99.94152026153054,C
Gekkeikan Nama Sake,53.88,99.94168284757667,C
Louis de Sacy Brut Gr Cru,52.99,99.94184274799584,C
The Tweeddale 12 Yr Old,52.99,99.94200264841501,C
Tatoosh Whiskey,52.99,99.94216254883416,C
Cantina Gabriele Dolc White,52.45,99.94232081977181,C
Rotari Trento Brut,52.43,99.94247903035829,C
La Dame Montrose St Estep 11,51.99,99.94263591321906,C
Couvent des Thorins Moulin,51.98,99.94279276590426,C
The Cottage Svgn Blanc,51.96,99.9429495582383,C
Bodini Malbec Mendoza,51.96,99.94310635057234,C
Joel Gott Rsl Columbia Vly,51.96,99.94326314290636,C
Stellar Organics Cab Svgn,51.96,99.94341993524039,C
Bacardi O Orange Rum,51.96,99.94357672757442,C
Cruz Garcia Real Sangria Rd,51.92,99.94373339920612,C
Ch Poujeaux 10 Moulis,50.99,99.9438872645085,C
OR-G Liqueur,50.97,99.94404106945971,C
Pali Riviera Pnt Nr Sonoma,50.97,99.94419487441094,C
Vietti Barolo Castiglione,49.99,99.94434572215494,C
Wiggly Bridge White Whisky,49.99,99.94449656989893,C
Sasa Barolo,49.99,99.94464741764291,C
Volker Eisele Family Est Cab,49.99,99.94479826538691,C
Benton Lane First Class Pnt,49.99,99.9449491131309,C
Alma Negra Gran Almanegra,49.99,99.9450999608749,C
J Lassalle Brut Preference,49.99,99.9452508086189,C
Copain Monument Tree Pnt Nr,49.99,99.94540165636289,C
Hancock Rsv Bourbon,49.99,99.94555250410689,C
Wild Shot Reposado Mezcal,49.99,99.94570335185087,C
Mommessin Gr Mise CdBrouilly,49.98,99.94585416941929,C
Dom Sigalas 11 Nychteri Assy,49.98,99.9460049869877,C
Dom La Suffrene Bandol Rose,49.98,99.94615580455611,C
FAIR Quinoa Vodka,49.98,99.94630662212454,C
Maison N Perrin Crozes-Hermi,49.98,99.94645743969295,C
Quinta do Crasto Douro S per,49.98,99.94660825726136,C
Turnbull Old Bull Napa Vly,49.98,99.94675907482979,C
Bouza Temp Tannat,49.98,99.9469098923982,C
Elvi Mati Rioja 11,49.95,99.94706061943985,C
Bols Sloe Gin,49.95,99.94721134648151,C
DeKuyper Pomegranate,49.95,99.94736207352317,C
Mr Boston Holiday Nog,49.900000000000006,99.94751264968691,C
A Bichot Savigny Beaune,48.99,99.94766047987251,C
Stradanova Barolo,48.99,99.94780831005812,C
Pernand-Vergelesses Fichots,48.99,99.94795614024372,C
Gum Drop Pink Moscato,48.93,99.94810378937582,C
Iron Horse Est Brut Rose,47.99,99.94824860200303,C
Ridge Estate Cab Svgn,47.99,99.94839341463025,C
Chateau Camensac 10,47.99,99.94853822725746,C
Jaboulet Crozes Herm 10 Thal,47.99,99.94868303988466,C
Pepperjack Barossa Red,47.98,99.9488278223363,C
Ermita Rioja White,47.97,99.94897257461234,C
Oyster Bay Hawkes Bay Merlot,47.97,99.94911732688838,C
Bollini RSV Pinot Grigio,47.97,99.94926207916443,C
Fess Parker Marcella's White,47.97,99.94940683144047,C
Shannon Ridge 09 Cab Svgn,47.97,99.94955158371651,C
Michel Chapoutier Vigne Rose,47.97,99.94969633599256,C
Korbel Brut Rose,47.97,99.9498410882686,C
Ch Ste Michelle Cold Crk Rsl,47.97,99.94998584054464,C
La Merika Cab Svgn CC,47.97,99.95013059282068,C
Cyan Toro Zamora,47.97,99.95027534509673,C
Alize Coco Liqueur,47.97,99.95042009737277,C
Caballero la Cepa Rsv Malbec,47.97,99.95056484964881,C
Kuhl Coconut Water Vodka,47.96,99.95070957174927,C
Ch Tanunda Gr Barossa Rsl,47.96,99.95085429384974,C
Clan MacGregor Scotch,47.96,99.9509990159502,C
Wild Oats Shiraz Cntrl Range,47.96,99.95114373805067,C
Vino Dious Gruner Veltlnr 13,47.96,99.95128846015115,C
Villa Jolanda Cocnut Moscato,47.96,99.9514331822516,C
Livingston Cab Svgn Cal,47.940000000000005,99.95157784400091,C
Gode'II Rosso di Toscana,47.94,99.95172250575021,C
Epilogo La Mancha Svgn Bl/Mo,47.94,99.95186716749951,C
Riunite Bianco,47.94,99.9520118292488,C
Liberty Crk Vyd Pnt Grigio,47.94,99.9521564909981,C
Crane Lake Cab Svgn Cal,47.88,99.95230097169389,C
Tisdale Vyds Sweet Red,47.88,99.95244545238968,C
Occhio A Vento Vermentino,47.88,99.95258993308546,C
Smirnoff Light Peach Sorbet,47.45,99.95273311623116,C
Bols Pomegranate Liqueur,47.45,99.95287629937683,C
Inman Family OGV Est Pnt Nr,46.99,99.95301809444564,C
Plumpjack Rsv Chard,46.99,99.95315988951447,C
Ch Haut Marbuzet St Estephe,46.99,99.95330168458328,C
Appolo Vyds Seyval,46.47,99.95344191052175,C
Farnum Hill Kingston Blk RSV,46.47,99.9535821364602,C
True Myth Cab,46.449999999999996,99.95372230204748,C
Leflaive Meursault 12,45.99,99.95386107955791,C
Taylor Fladgate 11 Port,45.99,99.95399985706834,C
Herradura Reposado #9 Careta,45.99,99.95413863457875,C
Poggio Antico Brunllo,45.99,99.95427741208918,C
Ch Rol Velentin 12 St-Emilio,45.99,99.95441618959961,C
La Font de Notre Dame Rastea,45.98,99.95455493693447,C
Seven Hills Cab Svgn Columbi,45.98,99.95469368426932,C
Alexana Pnt Nr Willamette,45.98,99.95483243160417,C
Cambrige Meritage Napa Vly,45.98,99.95497117893902,C
Christian Drouin Calvados,45.98,99.95510992627386,C
Dom Chandon 00 Carnrs Pnt Nr,45.98,99.95524867360871,C
Lucky Duck Riesling,45.48,99.95538591216436,C
Lucky Duck Moscato,45.48,99.95552315072001,C
Five Oaks Pnt Grigio Cal,45.48,99.95566038927566,C
Barefoot Cellars Cab Svgn,45.43,99.9557974769534,C
Jadot Beaune Les Cent Vignes,44.99,99.95593323690544,C
Clos de L'Oratorie St-Emilon,44.99,99.95606899685747,C
Lucienne Smith Vyd Pnt Nr,44.99,99.95620475680951,C
Au Petit Bonheur Pallieres R,44.97,99.95634045641037,C
Saarstein Riesling QbA,44.97,99.95647615601125,C
Slow Press Cab Svgn,44.97,99.95661185561211,C
Ninety+Cellars Lot 71 Malbec,44.97,99.95674755521297,C
Three Olives Tomato Vodka,44.97,99.95688325481385,C
Silver Root Marley Rum,44.97,99.9570189544147,C
Florette Rose de Provence,44.97,99.9571546540156,C
Sauza Silver VAP,44.97,99.95729035361646,C
Montsarra Brut Cava,44.97,99.95742605321732,C
Shooting Star Chard Lake Cny,44.97,99.9575617528182,C
Cono Sur Vision Pnt Nr,44.96,99.95769742224348,C
El Caballo Gold Tequila,44.95,99.95783306149319,C
S S Pierce Ninety Nine Bl W,44.94,99.95796867056731,C
Tracia Syrah,44.94,99.95810427964143,C
Siduri Pnt Nr Williamette Vy,43.98,99.9582369918595,C
Stolichnaya 100* Vodka,43.98,99.95836970407757,C
Bitch Vodka,43.98,99.95850241629563,C
Mollydooker Violinist Verdel,43.98,99.95863512851369,C
Steele 10 Parmalee-Hill Pnt,43.98,99.95876784073175,C
The Rule Cab Svgn Napa Vly,43.98,99.95890055294983,C
Celtic Honey Liqueur,43.98,99.95903326516789,C
Luigi Bosca Malbec SV DOC,43.98,99.95916597738595,C
Dom Chandon Carneros Chard,43.98,99.95929868960403,C
DK Burst Blustery Pmnt Trav,43.96,99.95943134147092,C
Simi Chard Sonoma Cty,43.96,99.95956399333782,C
Tercos Torrontes,43.96,99.95969664520472,C
DeKuyper Mixed Berry Medley,43.96,99.95982929707162,C
Chi Chi's Chocolate Malt RTD,43.96,99.95996194893851,C
Belle Ambiance Chard,43.96,99.96009460080542,C
Fetzer Eagle Peak Merlot Cal,43.96,99.96022725267231,C
Casa Liliana Good Merlot,43.96,99.96035990453922,C
Siegel Reserve Cab Svgn,43.949999999999996,99.96049252623052,C
Rhum Barbancourt 3 Star,43.47,99.96062369949381,C
Margaritaville Coconut,43.47,99.96075487275708,C
Smirnoff Pomegrante,43.47,99.96088604602036,C
Eric Kent Small Town Pnt Nr,42.99,99.96101577085562,C
Shane Judge Vyd Syrah Bennet,42.99,99.96114549569087,C
Jadot Beaune Clos Ursules 12,42.99,99.96127522052612,C
Our Daily Red Cab Svgn,42.96,99.96140485483464,C
Red Stag Black Cherry,42.45,99.96153295018836,C
Chehalem Ridge Crest Vyds Pn,41.99,99.96165965746522,C
Stags Leap Merlot Napa,41.99,99.96178636474208,C
Ch Larrivet Haut-Brion P Leo,41.99,99.96191307201894,C
Santa Cristina Pnt Grigio,41.97,99.96203971894462,C
Quattro Mani Montepulciano,41.97,99.96216636587032,C
Santa Maria Alla Pieve Soave,41.97,99.96229301279601,C
Mad Dogs & Englishmen Jumil,41.97,99.9624196597217,C
Stonehaven Svgn Bl,41.97,99.9625463066474,C
Mazzocco Znfdl Sonoma,41.97,99.96267295357309,C
Kaiken Malbec Mendoza,41.97,99.96279960049878,C
B & G CDP Rose,41.97,99.96292624742448,C
Barkan Clsc Chard,41.97,99.96305289435018,C
Vino Dious Cab Svgn 11,41.97,99.96317954127588,C
The Divining Rod Chard,41.97,99.96330618820156,C
Guidobono Barbera D'Alba,41.97,99.96343283512725,C
Calmel & Joseph CdRoussillon,41.97,99.96355948205294,C
Egri Bikaver Bulls Blood Eg,41.96,99.96368609880307,C
Livingston Chianti Cal,41.94,99.963812655202,C
Ocho Tequila Plata Corrales,41.94,99.96393921160096,C
La Petite Maison Ventoux Bl,41.94,99.96406576799991,C
Livingston Clrs Red Rose,41.94,99.96419232439887,C
Llord's Triple Sec,41.94,99.9643188807978,C
Livingston Sangria Natural,41.94,99.96444543719676,C
St Christopher Gluhwein,41.94,99.96457199359571,C
Livingston Rhine Calif,41.94,99.96469854999465,C
Flip Flop Moscato,41.93,99.96482507621802,C
Fabre Montmayou Gr Vin Lujan,40.99,99.96494876593648,C
El Enemigo Malbec Mendoza,40.98,99.96507242547938,C
Mumm Brut Cve Napa,40.74,99.96519536080825,C
Rex Goliath Red Moscato,40.410000000000004,99.96531730034286,C
Shane The Unknown Syrah No C,39.99,99.96543797250294,C
Tanteo Tropical Tequila,39.99,99.965558644663,C
Banfi Grappa Castello,39.99,99.96567931682308,C
Jadot Savigny Bl Clos de Gue,39.99,99.96579998898316,C
Spring Vly Frederick Rd,39.99,99.96592066114324,C
Spring Vly Uriah Walla Walla,39.99,99.96604133330331,C
JM Gobillard Tradition Brut,39.99,99.96616200546339,C
Notarious Petite Syrah,39.99,99.96628267762347,C
Notarious Cab Svgn,39.99,99.96640334978355,C
Wray & Nephew Wh Overproof,39.98,99.96652399176804,C
Steph Avrn Chn Vielles Vig,39.98,99.96664463375254,C
Hook's Black Spiced Rum,39.98,99.96676527573705,C
Pascal Jolivet Sancerre Rose,39.98,99.96688591772154,C
Cocchi Americano,39.98,99.96700655970604,C
Elvio Cogno Dolcetto D'Alba,39.98,99.96712720169054,C
Bacardi Limon & Mango 2 Pak,39.98,99.96724784367504,C
Luigi Bosca RSV Pnt Nr,39.98,99.96736848565953,C
Red Sox Club Series Cab Svgn,39.98,99.96748912764404,C
Notre Dame Luberon Rose,39.96,99.96760970927737,C
Merriam Vyds Simoneau Chard,39.96,99.96773029091071,C
Juan Gil Dry Wh Muscat Jumil,39.96,99.96785087254403,C
Hidden Crush Chard Cntrl Cst,39.96,99.96797145417736,C
Kris Artist Cuvee Pnt Grigio,39.96,99.9680920358107,C
Rebel Newmans Own Chard,39.96,99.96821261744402,C
Neil Ellis Sincerely Shiraz,39.96,99.96833319907736,C
Promesses de France CdRhone,39.95,99.96845375053512,C
Vina Cobos Cab Svgn Bramare,38.99,99.9685714051368,C
Nassua Royale Liqueur,38.98,99.9686890295629,C
Valckenberg Rsl,38.97,99.96880662381342,C
Ch du Parc Brdx Rouge,38.97,99.96892421806393,C
Valdivieso Brut,38.97,99.96904181231446,C
Serbal Chardonnay,38.97,99.96915940656498,C
Yellow Tail Moscato Bubbles,38.97,99.9692770008155,C
Vino Dious Chard 13,38.97,99.969394595066,C
Vino.e Falanghina Beneventno,38.97,99.96951218931653,C
Tiki Sound Svgn Bl,38.97,99.96962978356704,C
Bols Yogurt Liqueur,38.97,99.96974737781757,C
Svedka Grape Vodka,38.97,99.9698649720681,C
Barefoot Cellars Sweet Red,38.94,99.96998247579187,C
Finca Coronado 04 Tierra Cas,38.37,99.97009825950735,C
Ch La Vieille Cure Frnsac 10,37.99,99.97021289655065,C
Austin Hope 10 Syrah,37.99,99.97032753359395,C
Seghesio Rockpile Znfdl,37.99,99.97044217063723,C
Sokol Blosser Pnt Nr,37.99,99.97055680768052,C
Antinori Badia Chianti Clsc,37.99,99.97067144472382,C
Stolichnaya Cranberi,37.98,99.97078605159153,C
Dom Vocoret & Fils Chabls 13,37.98,99.97090065845924,C
Pinnacle Orange Whipped,37.96,99.9710152049758,C
Turn Me Red,37.16,99.97112733744564,C
Pro.mis.Q.ous White CA,37.14,99.9712394095643,C
DeLille Cellars Chaleur Blnc,36.99,99.9713510290492,C
K Syrah The Deal,36.99,99.9714626485341,C
Craggy Range Aroha Pnt Nr 06,36.99,99.971574268019,C
Donnafugata Tancredi Red,36.99,99.97168588750391,C
Poggio Antico Rosso Montlcin,36.99,99.9717975069888,C
Courvoisier Rose,36.98,99.97190909629813,C
Steele 10 Sangiacmo Vy Pnt N,36.98,99.97202068560746,C
Cadet D'Oc Cab Svgn Rthschld,36.97,99.9721322447412,C
Monastero Lunanuova Chianti,35.99,99.9722408466677,C
Bluegray Priorat DOQ,35.98,99.97234941841864,C
Lafite Rsv Speciale Bl Brdx,35.98,99.97245799016957,C
The Girls in the Vineyard Wh,35.98,99.9725665619205,C
Eden Ice Windfall Orchard,35.98,99.97267513367143,C
Napa Cellars Svgn Bl,35.98,99.97278370542236,C
Elk Cove Est Rsl,35.98,99.9728922771733,C
Tilia Bonarda Mendoza,35.97,99.97300081874864,C
Bigi Orvieto Clsc Vendemmia,35.97,99.97310936032399,C
Merry Irish Cream Liqueur,35.97,99.97321790189932,C
Bota Brick Pnt Grigio,35.97,99.97332644347468,C
The Immortal Zin,35.97,99.97343498505002,C
Southern Right Svgn Bl,35.97,99.97354352662536,C
Stark Raving Cab Svgn,35.97,99.9736520682007,C
Humberto Canale Malbec Est,35.97,99.97376060977605,C
Austerity White,35.96,99.97386912117582,C
Hayes Ranch Red Blend,35.96,99.97397763257558,C
Carmenere Santa Rita 120,35.96,99.97408614397536,C
Santons Rose de Provence,35.96,99.97419465537511,C
Rex Goliath Moscato,35.94,99.97430310642372,C
Oak Leaf Pnt Grigio Cal,35.88,99.9744113764188,C
Boones Sangria,35.88,99.97451964641388,C
Oak Leaf Chard Cal,35.88,99.97462791640898,C
Jadot Savigny Les Beaune 12,34.99,99.97473350077709,C
Jadot Fixin 12,34.99,99.97483908514522,C
Jadot Santenay Clos Rous 12,34.99,99.97494466951333,C
Jadot Savigny Narbantons 12,34.99,99.97505025388145,C
Brewer-Clifton Sta. Rita Cha,34.99,99.97515583824958,C
Jadot Santenay Gatsulard 12,34.99,99.97526142261769,C
Jadot Pernand Vergelesses 12,34.99,99.9753670069858,C
Auvigue Saint-Veran 13,34.98,99.97547256117835,C
Herzog Kosher Wh Znfdl,34.95,99.97557802484414,C
Wisdom & Warter Cream Sherry,34.93,99.97568342815876,C
McCormick Scotch,34.47,99.97578744339651,C
Vinedo de Los Vientos Alcyo,33.99,99.97589001020624,C
Tiziano Prosecco,33.98,99.97599254684039,C
I'm Wines Rose Napa,33.98,99.97609508347453,C
Clarendelle Brdx Blanc,33.98,99.97619762010869,C
La Basttistina Gavi,33.98,99.97630015674284,C
Ch Riotor Rose Cotes de Prov,33.98,99.97640269337698,C
Ch Moncontour Vouvray Demi S,33.98,99.97650523001113,C
Chevalier L'Aujardiere Chard,33.98,99.97660776664527,C
Luna di Luna Prosecco,33.98,99.97671030327943,C
Clos du Bois RSV Merlot Alex,33.98,99.97681283991358,C
Honoro Vera Merlot Jumilla,33.96,99.97691531619655,C
Toad Hollow Eriks The Red 12,33.96,99.97701779247954,C
J Vineyards Pnt Nr RRV,32.99,99.97711734173087,C
Vinyes Domenech Furvus,32.99,99.9772168909822,C
Bols Genever Amsterdam,32.99,99.97731644023355,C
Seven Hills Merlot Seven Hil,32.99,99.97741598948488,C
PopCrush Red,32.97,99.97751547838504,C
Red Autumn Red,32.97,99.97761496728522,C
Mason Clrs Svgn Bl Pomelo,32.97,99.9777144561854,C
Three Olives Whipped Cream,32.97,99.97781394508556,C
Planeta La Segreta Rosso,32.97,99.97791343398573,C
Triple Eight Vodka,31.99,99.97800996567867,C
Panther Creek Pnt Gr William,31.98,99.97810646719604,C
Havens Meritage 2011,31.98,99.9782029687134,C
John Barr Red Scotch Whisky,31.98,99.97829947023077,C
Ermita Sn Felices Rose Rioja,31.98,99.97839597174814,C
Seifried Nelson Svgn Blanc,31.98,99.9784924732655,C
Philippe Herard Bl de Blanc,31.96,99.9785889144317,C
Mirassou Sunset Red,31.96,99.97868535559789,C
Whiplash Red,31.740000000000002,99.97878113290125,C
Folk Machine Parts & Labor R,30.98,99.97887461686022,C
Ch Coufran Haut Medoc 10,29.99,99.97896511343637,C
Michele Chiarlo Barolo Anniv,29.99,99.97905561001255,C
Loft Chard,29.99,99.9791461065887,C
Stonestreet Est Vyds Svgn Bl,29.99,99.97923660316486,C
J Vineyards Brut Rose,29.99,99.97932709974103,C
Sazerac 6 Yr Straight Rye,29.99,99.97941759631718,C
Jadot Ch Des Jacques 12,29.99,99.97950809289334,C
Warre's Quinta Cavadinha,29.99,99.9795985894695,C
Robert Sinskey Pnt Gris,29.99,99.97968908604567,C
Ca'Momi Chard Rsv Napa,29.99,99.97977958262182,C
Kim Crawford Pnt Gr Homstead,29.99,99.97987007919798,C
Angels Landing Rsv Cab Svgn,29.99,99.97996057577414,C
Ch Musar Hochar Red,29.99,99.9800510723503,C
Landmark Overlook Pnt Nr,29.99,99.98014156892646,C
Auchentoshan Classic Scotch,29.99,99.98023206550263,C
Vinum Cellars Scrapper Cab F,29.99,99.98032256207878,C
Tenuta di Arceno Chianti Rsv,29.99,99.98041305865495,C
Light Horse Pnt Nr,29.98,99.98050352505552,C
Spiced Root Marley Rum,29.98,99.98059399145612,C
Dominios Ribera del Duero Cr,29.98,99.9806844578567,C
Triennes Rose 2012,29.98,99.98077492425728,C
Virginie Taunt Svgn Blanc,29.98,99.98086539065785,C
Nova Norma Jeanne 08 Merlot,29.98,99.98095585705843,C
Stolichnaya Strawberri,29.98,99.98104632345903,C
Jura Bl de Bl Brut D'Argent,29.98,99.9811367898596,C
Ch Bonhoste Bordeaux Bl Sec,29.98,99.98122725626018,C
Mercer Rsl,29.98,99.98131772266076,C
Trapiche Broquel Cab Svgn Mz,29.98,99.98140818906136,C
Marquis de Chasse Ginestet,29.97,99.98149862528635,C
Dalton Canaan Red,29.97,99.98158906151134,C
Secoli 14 Pnt Grigio Venezia,29.97,99.98167949773634,C
I'm Bananas Over You,29.94,99.98176984343459,C
Don Simon Selecion Chard,29.94,99.98186018913283,C
Echeverria Ltd Edtn Cab Svgn,28.99,99.98194766815061,C
Canary Hill Vyd Pnt Nr,28.99,99.98203514716838,C
Joseph Drouhin Cote de Nuits,28.99,99.98212262618614,C
Marques de Murrieta RSV Rioj,28.99,99.9822101052039,C
Avion Espresso,28.99,99.98229758422168,C
Bols Double Barrel Root Bee,28.47,99.98238349410909,C
Penner-Ash Viognier,27.99,99.98246795556847,C
Van Gogh Pomegranate Vodka,27.99,99.98255241702783,C
Bacardi Artic Grape Rum,27.98,99.98263684831163,C
Evans Nine Stones Brs Shiraz,27.98,99.98272127959544,C
Wolfgang Puck Chard,27.98,99.98280571087925,C
Les Dauphins Rose,27.98,99.98289014216304,C
Ken Forrester Petit Pinotage,27.98,99.98297457344684,C
Guntrum Dry Trocken Rheinhsn,27.98,99.98305900473063,C
Hawk Crest Chard,27.98,99.98314343601443,C
Gifft Chardonnay,27.98,99.98322786729823,C
The Crusher Merlot,27.98,99.98331229858204,C
Sauza Sprkl Mango/Peach Marg,27.96,99.98339666951466,C
Patch Block Chardonnay B/B,27.96,99.9834810404473,C
Vecchia Cantina Chianti DOC,27.96,99.98356541137994,C
JJ Prum Bernkasteler Bads 11,26.99,99.98364685528091,C
Chateau Carlmagnus 10,26.99,99.9837282991819,C
Gerard Bertrand Cigalus Blnc,26.99,99.98380974308289,C
Bowmore Legend Single Malt,26.99,99.98389118698387,C
Jos Faiveley Chablis AC 12,26.99,99.98397263088486,C
Rebellion Bourbon,26.99,99.98405407478585,C
Eden Orleans Bitter,26.99,99.98413551868683,C
Pastene Marsala,26.97,99.98421690223664,C
Comoloco Monastrell Jumilla,26.97,99.98429828578647,C
Fiano MandraRossa Sicilia,26.97,99.98437966933629,C
Skyy Infusions Georgia Peach,26.84,99.98446066060352,C
Mercer Pnt Gris,26.45,99.98454047502298,C
Astrolabe Pnt Nr Marlborough,25.99,99.98461890136558,C
Mommessin Les Gr Mises Amour,25.99,99.98469732770816,C
Mount Gay Eclipse Silver Rum,25.99,99.98477575405076,C
Esser Vyds Chard,25.98,99.98485415021777,C
Tariquet Sauvignon,25.98,99.98493254638478,C
Fish Eye Moscato,25.98,99.9850109425518,C
DeKuyper Spearmint Schnapps,25.98,99.98508933871882,C
Cormons Schioppettino,25.98,99.98516773488583,C
Eppa White Sangria Organic,25.98,99.98524613105285,C
Mionetto IL Moscato,25.98,99.98532452721986,C
360 Glazed Donut Vodka,25.98,99.98540292338689,C
Les Hauts de Lagarde Blanc,25.98,99.9854813195539,C
Latour L'Ardeche Chard,25.98,99.98555971572091,C
Ansac VS Cognac,25.98,99.98563811188794,C
Charles Brotte Gr Vallon Rse,25.98,99.98571650805495,C
Frey Vyds Organic Blanc,25.98,99.98579490422198,C
Love Lane Svgn Bl,25.98,99.98587330038899,C
Astrolabe Svgn Bl Marlboro,25.98,99.985951696556,C
Castano Monastrell Rosado,25.96,99.98603003237186,C
Paul Masson Peach Brandy,25.740000000000002,99.98610770432485,C
Alice White Lexia Muscato,25.47,99.98618456153707,C
Freemark Abbey Viognier,24.99,99.98625997032129,C
Robert Sinskey Pnt Bl,24.99,99.98633537910548,C
Livio Felluga Pinot Grigio,24.99,99.98641078788968,C
Rioja Bordon Gran Rsva Tempr,24.99,99.98648619667388,C
Dom Serene Rose,24.99,99.98656160545809,C
La Demoiselle Sociando Haut,24.99,99.98663701424229,C
Dom Chandon Etoile,24.99,99.98671242302649,C
Virginia Dare Chard Sonoma C,24.99,99.98678783181069,C
La Vieille Ferme Red B/B,24.99,99.98686324059489,C
Luxardo Sambuca Dei Cesari,24.99,99.9869386493791,C
Chehalem Ian's Chard Rsv,24.49,99.9870125493841,C
Capt Morgan Original Barrel,24.49,99.98708644938911,C
Creme Yvette Liqueur,23.99,99.98715884061492,C
Chronic Cellars Dead Nuts,23.99,99.98723123184074,C
Wild Turkey 101 Gift Pak,23.99,99.98730362306654,C
Salmon Run Rose,23.98,99.98737598411678,C
Billette Bousquet Prov Rose,23.98,99.98744834516701,C
Paul Buisse Svgn Bl Touraine,23.98,99.98752070621724,C
Anastasi Estates Messinia Rd,23.98,99.98759306726747,C
Areo Pnt Nr,23.98,99.98766542831771,C
Ch Julien Merlot Mont Cnty,23.98,99.98773778936794,C
Porta Vita Bianco,23.98,99.98781015041817,C
New Amsterdam Red Berry Vdka,23.98,99.98788251146841,C
El Toro Silver Tequila,23.97,99.98795484234306,C
Jacques Bonet Brandy,23.97,99.98802717321769,C
Line 39 Merlot,23.97,99.98809950409233,C
Allen's Sour Apple Liqueur,23.96,99.9881718047914,C
Barricas Torrontes,23.96,99.98824410549047,C
Bota Mini RedVolution,23.95,99.98831637601394,C
Crown Royal Apple,23.88,99.98838843530832,C
The Irishman Irish Whiskey,23.49,99.98845931775494,C
Davis Bynum Jane's Vy Svgn B,22.99,99.98852869142236,C
Sonoma Coast Vyds Pnt Nr,22.99,99.98859806508979,C
Kilbeggan Irish Whiskey,22.99,99.9886674387572,C
Col D'Orcia Rosso di Mntlcno,22.99,99.98873681242463,C
Ceretto Arneis Blange Lange,22.99,99.98880618609203,C
Chanson Vire Clesse,22.99,99.98887555975946,C
Bols Maraschino Liqueur,22.98,99.9889449032513,C
Sbragia Home Ranch Merlot,21.99,99.98901125936032,C
Hatzimichalis Kapnias Red,21.99,99.98907761546936,C
Jolivet Pouilly Fume Pascal,21.99,99.98914397157839,C
Bisol Crede Prosseco Super V,21.99,99.98921032768742,C
Hayman's Old Tom Gin,21.99,99.98927668379643,C
Salers Apertif Gentiane,21.99,99.98934303990546,C
Is Argiolas Vermentino di Sa,21.99,99.9894093960145,C
Dos Minas Torrontes,21.98,99.98947572194794,C
BV Coastal Estate Red,21.98,99.9895420478814,C
Save Me San Francisco Merlot,21.98,99.98960837381485,C
Rex Goliath Svgn Bl,21.98,99.98967469974829,C
Rose'N'Blum Red Moscato,21.98,99.98974102568174,C
Alta Vista Rose,21.98,99.98980735161518,C
Three Olives S'Mores Vodka,21.98,99.98987367754863,C
Meridian Cab Svgn Cal,21.98,99.98994000348209,C
Ch La Croix du Duc Brdx,21.98,99.99000632941554,C
The Club Mudslide,21.89,99.99007238376873,C
Skyy Infusions Vanilla Bean,21.78,99.9901381061905,C
VeeV Acai Spirit,21.49,99.99020295352034,C
Pazo de Galegos Albarino,20.99,99.99026629207097,C
Buil & Gine Priorat Red,20.99,99.99032963062162,C
Gattinara Red,20.99,99.99039296917225,C
Moillard Pnt Nr Bourgogne,20.99,99.99045630772288,C
Hiram Walker Mango,20.98,99.99051961609794,C
Natale Verga Prosecco,20.98,99.99058292447299,C
Tierra del Fuego Chard RSV,20.98,99.99064623284806,C
Silver Mtn Hard Cider,20.97,99.99070951104753,C
Vendange Sweet Red,20.97,99.99077278924699,C
Spud Potato Vodka,20.47,99.99083455866726,C
Sandrone Dolcetto D'Alba,19.99,99.9908948796595,C
Armand Kabinett Rsl,19.99,99.99095520065175,C
Loukatos Tsipouro Brandy,19.99,99.991015521644,C
Fusional Svgn Bl,19.99,99.99107584263625,C
R. Merlo Pnt Nr,19.99,99.99113616362848,C
Maynard's 10 Yr Tawny Port,19.99,99.99119648462073,C
Telmo Rodriguez Gago Toro,19.99,99.99125680561298,C
Hell-Cat Maggie Irish Whisky,19.99,99.99131712660521,C
Absolut Orient Apple Vodka,19.99,99.99137744759746,C
Caprai Montefalco Rosso 09,19.99,99.9914377685897,C
Cappelletti Apertivoch,19.99,99.99149808958195,C
Meletti Limone,19.99,99.99155841057419,C
Medlock Ames Cab Svgn,19.99,99.99161873156643,C
Sette Ponti Crognolo Toscan,19.99,99.99167905255868,C
Hogue Cab Svgn Columbia,19.98,99.99173934337536,C
Toucas Vinho Verde DOC,19.98,99.99179963419202,C
Villa Jolanda Xmas Spumante,19.98,99.99185992500867,C
Marquis de Chasse Red Gines,19.98,99.99192021582535,C
Bols Butterscotch,19.98,99.99198050664201,C
Ozeki Yamadanishiki Jun Sake,19.98,99.99204079745869,C
F Coppola Rosso & Bianc Shir,19.98,99.99210108827535,C
DeKuyper Blackberry Brandy,19.98,99.99216137909201,C
My Big Fat Greek Retsina,19.98,99.99222166990867,C
Hob Nob Wicked Red Ltd Ed,19.98,99.99228196072535,C
Bacardi Limon Traveler,19.98,99.99234225154201,C
Simply Naked Unoaked Pnt Nr,19.47,99.9924010034039,C
Tasca D'Almerita Lamuri Nero,18.99,99.99245830683773,C
Alibi Whiskey,18.99,99.9925156102716,C
Corte Giara Valpo Ripasso 11,18.99,99.99257291370544,C
Duval-Leroy Brut Champagne,18.99,99.9926302171393,C
L'Oiseliniere Musc Sevre Ill,18.99,99.99268752057316,C
Viu Manent Syrah Olivar Alto,18.99,99.992744824007,C
Hirsch Kentucky Corn Whisky,18.99,99.99280212744085,C
Olivier Leflaive Bourg Al 12,18.99,99.99285943087472,C
Paydirt Red Paso Robles,18.99,99.99291673430855,C
Dom Janasse Cote Rhone Rouge,18.99,99.99297403774241,C
Dom Poujol Rose Coteaux du,18.99,99.99303134117626,C
Franzia Dark Red Blend,17.99,99.99308562705173,C
Foz Arouce 11 Beira Atlantic,17.99,99.99313991292719,C
Caffo Anisette di Calabria,17.99,99.99319419880266,C
Horseshoes & Handgrenades Re,17.99,99.9932484846781,C
Parrot Bay Pineapple Orange,17.99,99.99330277055357,C
Villa Calappiano Pnt Grigio,17.98,99.99335702625345,C
Jacobs Crk Cab/Merlot,17.98,99.99341128195334,C
Phantom Bay Svgn Bl,17.98,99.99346553765321,C
LiDestri Red Sangria,17.98,99.9935197933531,C
Cavit Select Red Blend,17.98,99.99357404905298,C
Sea Hagg Poitin White Whisky,17.98,99.99362830475287,C
Canaletto Pnt Grigio Venezie,17.98,99.99368256045274,C
Broadside Cab Svgn Paso Rob,17.58,99.99373560912927,C
Finlandia Raspberry Vodka,16.99,99.99378687744634,C
Voga Prosecco Brut DOCG,16.99,99.9938381457634,C
Le Preare Valpo Clsc Ripasso,16.99,99.99388941408047,C
Ron Fortuna 8 Yr Old Rum,16.99,99.99394068239754,C
Ravines Gewurztraminer,16.99,99.99399195071462,C
Lake Chalice Cracklin Savie,16.99,99.99404321903168,C
Lucanto Montepulciano d'Abru,16.99,99.99409448734875,C
Ermita Rioja Crianza,16.99,99.99414575566583,C
Cocci Grifoni Tellus Red,16.99,99.99419702398289,C
Wyborowa Vodka,16.99,99.99424829229996,C
Castle Rock Sonoma Cty Pnt N,16.98,99.99429953044145,C
Cupcake Petit Sirah Cal,16.98,99.99435076858293,C
Neirano Brachetto D'Acqui,16.49,99.99440052812082,C
Jim Beam Gift Pak,16.49,99.9944502876587,C
Ch La Paws Chard,16.47,99.9944999868454,C
Shannon Ridge Chard HE Lake,15.99,99.99454823760408,C
F Coppola Sophia Rsl,15.99,99.99459648836276,C
F Coppola Diamond Svgn Blanc,15.99,99.99464473912143,C
Kirkland Signature Chard 12,15.99,99.99469298988011,C
Teira Merlot,15.99,99.99474124063879,C
Charles Fournier Rsl,15.99,99.99478949139746,C
Pirassununga Cachaca 51 Rum,15.99,99.99483774215614,C
Raffy Malbec Terrior,15.99,99.99488599291482,C
La Atalaya Almansa Red,15.99,99.9949342436735,C
John Taylor Velvet Falernum,15.99,99.99498249443218,C
Ole Smoky Strawberry Lightin,15.99,99.99503074519085,C
Dom Fond Croze Rasteau CdR V,15.98,99.99507896577394,C
Ten High Bourbon,15.98,99.99512718635705,C
Casa Solar Tempranillo,15.98,99.99517540694015,C
Salmon Creek Pnt Nr Cal,15.96,99.99522356717208,C
De La Costa Sangria,15.58,99.99527058073183,C
Chronic Cellars Suite Petite,14.99,99.99531581393211,C
Peter Vella Burgundy B/B,14.99,99.99536104713239,C
La Demoiselle de By Medoc,14.99,99.99540628033267,C
Pertinace Barbera D'Alba,14.99,99.99545151353296,C
Bella Bolla Pink Moscato,14.98,99.99549671655767,C
Leroux Apple Schnapps,14.98,99.99554191958238,C
Smirnoff Pineapple,14.49,99.99558564400346,C
Margaritaville Tangerine Teq,14.49,99.99562936842456,C
Margaritaville Island Lime,14.49,99.99567309284565,C
Chehalem Pnt Gr Three Vyd,14.49,99.99571681726674,C
Terra Antiga Vinho Verde,14.37,99.99576017958083,C
Ch Ksara RSV du Couvent,13.99,99.99580239522273,C
Lapierre Raisins 14 Gaulois,13.99,99.99584461086461,C
Veracruz Joven Verdejo,13.99,99.9958868265065,C
Sensi Dalcampo Chianti Rsva,13.99,99.9959290421484,C
Charles Joguet Chinon Rose,13.99,99.9959712577903,C
Lagar de Bezana Cab Svgn Rsv,13.99,99.99601347343219,C
Mionetto IL Lambrusco Sprklg,13.99,99.99605568907408,C
Fairview Pinotage Paarl,13.99,99.99609790471598,C
St Jean des Sources Picpoul,13.99,99.99614012035786,C
Vieux Clocher Cote du Rhone,13.99,99.99618233599976,C
Zerran Tinto Montsant,13.99,99.99622455164166,C
Passadouro 12 Tinto Douro,13.99,99.99626676728356,C
High Valley Vyd Cab Svgn,13.99,99.99630898292546,C
Llord's Coffee Liqueur,13.98,99.99635116839175,C
Sauza Sparkling Margarita,13.98,99.99639335385808,C
McCormick Gold Rum,13.98,99.99643553932441,C
Livingston Wh Znfdl Cal,13.98,99.99647772479071,C
Dry Sack Sherry Gift Pack,13.49,99.99651843165341,C
Kunde Cab Svgn Sonoma Cnty,12.99,99.99655762973691,C
Palazzo Montanari Valpo Clsc,12.99,99.99659682782041,C
Snoqualmie Cabernet/Merlot,12.99,99.99663602590391,C
Navardia Rioja Organic,12.99,99.99667522398742,C
Sean Minor 4B Paso Cab Svgn,12.99,99.99671442207092,C
Senorio de Barahonda Carro,12.99,99.99675362015444,C
Nardi Rosso di Montalcino,12.99,99.99679281823794,C
Neirano Prosecco Sparkling,12.99,99.99683201632143,C
Rosenblum Vntnrs Cv Cab Svgn,12.99,99.99687121440493,C
Silver Palm 12 Chard No Cst,12.99,99.99691041248843,C
Marchesi di Barolo Monferrat,12.99,99.99694961057195,C
Sierra Cantabria 14 Rose Rio,12.99,99.99698880865544,C
Cantele Chard Salento,12.99,99.99702800673894,C
Coronet VSQ,12.99,99.99706720482244,C
Cherry On Top Sweet White,12.99,99.99710640290594,C
Menage A Trois Znfdl,12.99,99.99714560098946,C
Archetype Shiraz/Cab Barossa,12.99,99.99718479907295,C
Cousino Macul Cab Svgn,12.99,99.99722399715645,C
C Y Toro Frontera Pnt Nr,12.98,99.99726316506438,C
Fetzer Quartz White,12.530000000000001,99.99730097507104,C
Tormaresca Primitivo,11.99,99.99733715559614,C
Kracher Auselese Cuvee,11.99,99.99737333612126,C
Trinchero Main St Chard,11.99,99.99740951664636,C
Pennywise Cab Svgn,11.99,99.99744569717147,C
Carpineto Valcolomba Verment,11.99,99.99748187769659,C
Skyy Infusions Moscato Grape,11.99,99.9975180582217,C
The Path Chardonnay,11.99,99.99755423874682,C
The Royal Chenin Blanc,11.99,99.99759041927192,C
Bota Brick Chard,11.99,99.99762659979703,C
Stump Jump Shiraz,11.99,99.99766278032214,C
Neirano Pitul Moscato d'Asti,11.99,99.99769896084725,C
New Amsterdam Orange,11.99,99.99773514137236,C
Lunetta Rose Brut,11.99,99.99777132189747,C
Rutz Cellars Chard RRV Cve,11.99,99.99780750242259,C
My Big Fat Greek Red Wine,11.99,99.99784368294769,C
Blufeld Sweet Rsl,11.98,99.99787983329723,C
Santa Rita Coll Prv Cab Svgn,11.98,99.99791598364676,C
Llord's Blue Curacao,11.98,99.9979521339963,C
Riunite Sweet Red,11.98,99.99798828434582,C
The Club Strawbry Margarita,11.94,99.99802431399303,C
Tenuta Santo Pietro Imago 11,11.49,99.99805898573895,C
Culpeo Malbec,11.49,99.99809365748486,C
BV Coastal Estate Moscato,10.99,99.99812682045157,C
Lulu B Cran Cosmo,10.99,99.9981599834183,C
McManis Barbera Jamie Lynn,10.99,99.99819314638502,C
Rex Goliath Chard Free Range,10.99,99.99822630935174,C
Carnaval Red Moscato Sparklg,10.99,99.99825947231845,C
Montevina Cab Svgn,10.99,99.99829263528517,C
Clockspring Znfdl,10.99,99.99832579825188,C
Viu Manent Chard Gr Rsva,10.99,99.99835896121861,C
Cellar No 8 Znfdl,10.99,99.99839212418533,C
Cruzan Strawberry Rum,10.99,99.99842528715205,C
DeKuyper Kamikaze RTD,10.99,99.99845845011876,C
Ninety+Cellars Lot 33 Rose,10.99,99.99849161308548,C
Caribaya Lemonade Punch,10.99,99.99852477605221,C
Vin Vault Red,10.49,99.99855643023973,C
DeKuyper Red Headed Burst,10.49,99.99858808442725,C
Yosemite Road Red,10.47,99.99861967826361,C
Vinum Cellars Chard,10.29,99.99865072893945,C
Hayes Valley Chard Monterey,9.99,99.99868087434778,C
Ballard Lane Chardonnay Cent,9.99,99.99871101975612,C
DeKuyper Coffee Brandy,9.99,99.99874116516445,C
Avalon Merlot Napa Vly,9.99,99.99877131057276,C
Heidsieck Brut Little Blue,9.99,99.9988014559811,C
Gerard Bertrand Orgnic Chard,9.99,99.99883160138943,C
Black Cabra Torrontes,9.99,99.99886174679776,C
Graff Himmelreich Spatlse 11,9.99,99.99889189220607,C
Salmon Creek Pnt Grigio Cal,9.98,99.99892200743884,C
Beringer Red Crush,9.98,99.99895212267158,C
La Terre Merlot,9.49,99.99898075930071,C
Smirnoff Sours Green Apple,9.49,99.99900939592983,C
Pucker Sour Apple Sass Vodka,9.49,99.99903803255897,C
Scala Dei Negre Priorat,8.99,99.9990651604089,C
Gilbeys Gin,8.99,99.99909228825884,C
Van Gogh Chocolate Liqueur,8.99,99.99911941610878,C
Best Foot Forward Chard,8.99,99.99914654395872,C
DeKuyper Sloe Gin,8.99,99.99917367180865,C
Chenade les Rials VDP Tarn,8.99,99.99920079965858,C
Columbia Crest Two Vines Rsl,8.99,99.99922792750853,C
Cavit Chard,8.99,99.99925505535846,C
J Lohr Valdiguie Monterey,8.99,99.9992821832084,C
La Fiera Montplciano D'Abruz,8.49,99.99930780227913,C
Vistamar Sepia Pnt Nr,8.29,99.99933281783821,C
Franzia Clsc Burgundy,7.99,99.99935692812974,C
Flip Flop Rsl,7.99,99.99938103842129,C
Trinity Oaks Chard Cal,7.99,99.99940514871282,C
Conde de Valdemar Cosecha,7.99,99.99942925900439,C
Beringer Svgn Bl Napa Vly,7.99,99.99945336929592,C
Melini Orvieto Clsc Orzalume,7.99,99.99947747958745,C
Pepperwood Grove Pnt Grigio,7.99,99.99950158987902,C
Sensi Tuscano Rosso,7.49,99.99952419139136,C
M & R Bianco Vermouth,7.49,99.9995467929037,C
McCormick Cherry Vodka,6.99,99.99956788563685,C
Beyond Svgn Bl,6.79,99.99958837485833,C
Librandi Ciro Blanco DOC,6.49,99.99960795881229,C
Bowman's Gin,6.29,99.99962693925457,C
Allen's Amaretto Liqueur,5.99,99.99964501442933,C
Sutter Home White Merlot Cal,5.99,99.9996630896041,C
Andre Moscato,5.99,99.99968116477885,C
Allen's Peach Schnapps,5.99,99.99969923995363,C
Rex Goliath Pink Moscato,5.99,99.99971731512838,C
Riunite Sweet White,5.99,99.99973539030313,C
Tola Grillo Sicilia,5.98,99.99975343530232,C
The Club Pina Colada,5.97,99.99977145012592,C
Concannon Glen Ellen Wh Zin,5.97,99.9997894649495,C
Moonstone Plum Sake,5.97,99.99980747977311,C
Debauchery Chard,5.79,99.9998249514362,C
Emerald Bay Merlot Cntrl Cst,5.49,99.99984151783175,C
Benefactor Cellars Cab Svgn,5.49,99.99985808422733,C
Don Simon Selecion Shiraz,4.99,99.9998731418437,C
Terruzzi & Puthod Vernaccia,4.99,99.99988819946006,C
Mr Boston Butterscotch,4.49,99.99990174829723,C
Martinotti Metodo Brut,4.49,99.99991529713441,C
Paul Masson Chablis Carafe,4.49,99.99992884597158,C
Viberti Chard,4.39,99.99994209305292,C
Tisdale Vyds Pnt Nr,3.99,99.9999541331109,C
Villa Fassini Trebiano/Chard,3.99,99.99996617316887,C
Bauchant XO Apple,3.96,99.9999781227001,C
Three Wishes Chard,3.29,99.99998805046721,C
Smirnoff Light Strawberry,1.98,99.99999402523284,C
UV Sriracha Vodka,1.98,99.99999999999845,C
